symbol,score,rank
BLKB,3.3338123728116473,1
KVYO,3.0647896285985645,2
JEF,2.804797454576351,3
WDC,2.7720032680618316,4
CELC,2.7713203738617627,5
PACS,2.6898593564325113,6
BIO,2.6549011490876673,7
SNDK,2.6297823703312035,8
DOCN,2.562263597167234,9
BE,2.5175327912768823,10
VFC,2.5163173905092737,11
GM,2.4826635857814208,12
TSLA,2.447390230994018,13
COLM,2.4222306200782073,14
GT,2.409791946510996,15
IDYA,2.391118864193573,16
DXC,2.3898307773667695,17
ARWR,2.342525509286834,18
ONDS,2.2301269875090384,19
VSAT,2.215192361453697,20
SON,2.1995843474399455,21
VICR,2.1812254774460453,22
FG,2.1473964444850475,23
MU,2.122939562703414,24
LCII,2.110523270715021,25
SPG,2.0961351730865063,26
APLS,2.090247637808004,27
SOLV,2.0763274192455605,28
EXE,2.0685075304758396,29
COMM,2.0248245409239134,30
CWEN,2.0242238260756142,31
PL,1.971520030429006,32
TERN,1.9628395634109097,33
VISN,1.937746079311236,34
JXN,1.86199655769891,35
CIFR,1.8606704293305636,36
MSGE,1.804019311272804,37
MATX,1.7726539735170748,38
VIRT,1.7524520235298169,39
CVI,1.71172308692418,40
GNW,1.6618635651576457,41
DBD,1.657688360194151,42
FOLD,1.633378137183461,43
SPHR,1.6256293495155008,44
AD,1.6124120014359522,45
AEO,1.6078690274964609,46
AGNC,1.6050045697752435,47
GSAT,1.5998637719997202,48
APLD,1.5903592947362926,49
ERAS,1.5462443919108833,50
WU,1.5239821277326366,51
COMP,1.5213471493896862,52
CRBG,1.4963579608743334,53
RL,1.4806264416576456,54
INSW,1.4575914983981957,55
ARLP,1.4516756917680025,56
ALHC,1.4342568700759133,57
AMKR,1.4256065917941307,58
BC,1.424437358953394,59
CSGS,1.4213890440007555,60
NLY,1.418543005275192,61
AA,1.4171910025621353,62
LITE,1.3946201734550223,63
CVS,1.386805308278025,64
LQDA,1.3867155960652735,65
BLTE,1.37257652680807,66
TTMI,1.3717756805195611,67
CENX,1.364024472368069,68
SYF,1.356865638136822,69
NGVT,1.3552246913804769,70
BXP,1.3489972439947775,71
TNL,1.3374727381660043,72
SCCO,1.3118348064529646,73
HUT,1.3066940522283363,74
AMG,1.304569412366333,75
PSX,1.2990188179256636,76
NATL,1.297539002044923,77
WBD,1.2949079124807563,78
AL,1.290436351845752,79
TRN,1.287924653714558,80
BBT,1.2792666123832634,81
TDC,1.2754055577387462,82
ENS,1.2716742946546815,83
BTSG,1.260735738384607,84
LGND,1.2600691009054217,85
DAN,1.2582448236001924,86
SM,1.252238629005035,87
MTCH,1.2435095148281132,88
OPEN,1.2277252083840662,89
PRU,1.224470192982534,90
TER,1.221726122960842,91
LC,1.219404964834666,92
APP,1.2171121408118937,93
TRV,1.21682150134326,94
SEB,1.212653056134515,95
PFSI,1.2123513336904512,96
LEVI,1.2095969365781734,97
EE,1.1971885553756576,98
FHI,1.196004234774455,99
MLI,1.1855047279528037,100
SEE,1.1806815389349654,101
PR,1.172874008000677,102
RIVN,1.167242430308841,103
GPCR,1.1637765816202206,104
APA,1.160843159342315,105
UTHR,1.1534994596487282,106
CIEN,1.1532723377173415,107
FTAI,1.1473444042726446,108
GMED,1.1418321238611813,109
ENVA,1.1401926785935028,110
SCI,1.1373547461735478,111
HII,1.1314169506377258,112
REAL,1.127316759413603,113
DAL,1.124719159398748,114
FRSH,1.1169765125153466,115
MKSI,1.1169754922252817,116
CDP,1.1088932072120323,117
RDDT,1.0997701380516602,118
APAM,1.096964534469673,119
EIX,1.0895455073247329,120
INCY,1.0881574201618704,121
PAA,1.0819428596989291,122
DAVE,1.0785164016412216,123
TVTX,1.0774028275142222,124
AMTM,1.07659421847091,125
AFL,1.0632364935199996,126
KTOS,1.0589785319152183,127
PEGA,1.0499371158879007,128
MDB,1.046242359152474,129
ZM,1.0444732994259551,130
RGEN,1.0378390141185272,131
CNO,1.0298028972479751,132
ONTO,1.026395949379895,133
MGM,1.0111759593084275,134
FSLR,1.011114671693981,135
BA,1.002897637146352,136
VCYT,1.0009833464465343,137
GEF,0.9903336319545886,138
IDCC,0.9823826814363088,139
MRK,0.9796228793742032,140
UEC,0.9727130457197464,141
UUUU,0.9675653904233236,142
FORM,0.9642636162974594,143
HIG,0.9634548853256631,144
CC,0.9632854879942696,145
LRCX,0.9623920791732912,146
RSI,0.9608331670922632,147
HOLX,0.9603768565192004,148
SNX,0.9595997195049047,149
EPAM,0.9574602926984708,150
W,0.9549854270653284,151
OUT,0.9475410687851776,152
AIZ,0.9455514990941372,153
DINO,0.9390467758334248,154
PTEN,0.931527212072602,155
HL,0.9276670601481568,156
INDV,0.9235285428373248,157
AES,0.9177017786701308,158
GBDC,0.9160698701761802,159
FIX,0.9100012680573244,160
SIGI,0.9098595160514934,161
ATRO,0.9073271789568352,162
THG,0.9067619520507504,163
WST,0.905958143003604,164
PRI,0.9044538655379092,165
PLUS,0.900571198629777,166
POWL,0.8988126092063714,167
FTDR,0.8934050302276382,168
SLGN,0.8896897839724907,169
THO,0.8878455100432094,170
TGTX,0.8774576887286026,171
CMI,0.8771674712679012,172
HURN,0.8744593924349631,173
CALY,0.8685214200580421,174
DECK,0.8681935124871798,175
EVR,0.8672824720939915,176
SHOO,0.8618351456364829,177
UPWK,0.860992964565121,178
WHR,0.8605973916548022,179
DDS,0.8563400904590917,180
FLNC,0.8547522437256204,181
OMCL,0.8531317072561015,182
BDX,0.8531120690808012,183
ICUI,0.8507045361893936,184
KRMN,0.8438617047256183,185
CMC,0.8438236731695541,186
UAL,0.8435698012048758,187
KRYS,0.8419445155218871,188
TPR,0.8405928965717148,189
COKE,0.8356259532521659,190
ACI,0.8351053636360499,191
WT,0.8176502225741855,192
RNG,0.8128020457649613,193
M,0.8059273430637751,194
DAR,0.8027243288506952,195
STT,0.8008944511287424,196
HHH,0.8006704216724129,197
CMCSA,0.7928391075575381,198
INSP,0.7923988148112037,199
GS,0.7915239410926943,200
ACMR,0.7908561590100329,201
NXT,0.788574631287732,202
ORI,0.7868722143456324,203
CACI,0.785976772568565,204
WEX,0.7814020739945022,205
AGX,0.7805851086044093,206
FE,0.777204644421685,207
GHC,0.7764407770919572,208
GOOGL,0.7739499953265866,209
WMS,0.7737571067493578,210
CINF,0.7734033181201106,211
GLW,0.7730190760128809,212
PRAX,0.7727535989635749,213
COO,0.7708292881365979,214
SANM,0.7707713882127223,215
ARQT,0.7680735295172607,216
GOOG,0.7663824037343209,217
HAE,0.7627322351642721,218
MRCY,0.76246115118656,219
PHIN,0.7512623367377425,220
ZETA,0.7512316752657361,221
AKAM,0.750773888639796,222
WFRD,0.748699434521784,223
ELV,0.7443589976459938,224
ATI,0.7438728302329924,225
FIBK,0.7410734132001043,226
UNH,0.7406144935339887,227
FRPT,0.7317471257762924,228
NOC,0.7310111035879695,229
MIRM,0.7308768104143523,230
KNX,0.7303036207346113,231
EL,0.7268068744259033,232
LDOS,0.7227048450775777,233
BANC,0.7181098673916864,234
KRC,0.7176957744532186,235
KWR,0.7171295515236094,236
FSK,0.7163266761059779,237
MAT,0.7160812297739552,238
RKLB,0.7146515343001851,239
PAGP,0.709241411589918,240
SWX,0.7090818102793902,241
WCC,0.7052915002629677,242
EAT,0.7022389702363757,243
FROG,0.7016552869448784,244
WK,0.7014273976416987,245
TOL,0.6947700271800961,246
MEDP,0.693568667804096,247
TPB,0.6926006577116842,248
MPLX,0.6854071106879103,249
CECO,0.6776416684067303,250
CTSH,0.6769802771384005,251
PATH,0.6749685338695123,252
ACA,0.6745403787037041,253
BMY,0.673454393009676,254
AEIS,0.6731443703111124,255
DCI,0.673123833057341,256
FAF,0.6719706433183094,257
WRBY,0.6660527891884541,258
SSNC,0.6649879757129418,259
VLY,0.6646887131590112,260
REYN,0.661854550413767,261
CBOE,0.6609777239513368,262
YETI,0.6579211956539325,263
SGI,0.6577609572377128,264
PRIM,0.6570972727350759,265
JOE,0.6570086805859562,266
HAL,0.6551101748916306,267
RVMD,0.6501880962667818,268
RMD,0.6435472691592216,269
MMS,0.6386908384248812,270
YOU,0.637561066181133,271
LUMN,0.6254736865836007,272
BELFB,0.6253723069625046,273
KHC,0.62516892675233,274
ASO,0.6246243990606678,275
TROW,0.6241796342195962,276
GPN,0.6233774968181849,277
GEV,0.6225866792151564,278
SJM,0.6222322168516178,279
HIW,0.621082336246053,280
LASR,0.6166273237813861,281
SLM,0.6068076547563398,282
AZZ,0.6008905982226266,283
OMC,0.5962909868214138,284
DG,0.5935487928988041,285
HP,0.5913920806215885,286
MET,0.5888947571752419,287
GILD,0.5865315637345213,288
FCX,0.5858559284510305,289
COCO,0.5847819452707069,290
UGI,0.5832008754131305,291
CUBI,0.5818938683213627,292
NXST,0.5803647952627802,293
SAIC,0.576365334437567,294
KTB,0.5762208969790044,295
AMAT,0.5758292098606296,296
RH,0.5753670232635428,297
AMRX,0.5751530949957978,298
SKYW,0.5746218129745653,299
FBIN,0.5745746366797632,300
RIOT,0.5729193756926015,301
MRP,0.571649985055359,302
T,0.5693827963797939,303
LYFT,0.5668880223891725,304
OGE,0.5666880468601069,305
DTE,0.5653131431113303,306
CPRX,0.5643007912743185,307
CTRE,0.5635512553120258,308
SXI,0.5605084595944496,309
ALB,0.5594315916954277,310
INTC,0.5573654029859058,311
SHC,0.5568548319070327,312
PLD,0.5554252816867282,313
INGR,0.5534025787763804,314
ALRM,0.5514680907582236,315
TPC,0.5445959789300007,316
VSEC,0.5424489610386454,317
IBM,0.5424463556328605,318
OMF,0.537268495396124,319
VZ,0.5363906668647046,320
SAM,0.5363173664925404,321
HYMC,0.5337261260217674,322
DBRG,0.532575667743564,323
TPG,0.5306742346153503,324
NDAQ,0.5298374824466676,325
EBAY,0.5279940652557948,326
XMTR,0.5276462101296304,327
REGN,0.5269182426827795,328
CF,0.526405481924564,329
IEP,0.5240623752859449,330
SNDR,0.5232877816722042,331
SEI,0.5206405801752343,332
CG,0.5179328688450516,333
BWXT,0.5175077140475517,334
AVTR,0.5141196511005393,335
POST,0.5138972145673791,336
ARW,0.5104379643208172,337
LXP,0.5091235170167123,338
MMSI,0.5060684853893537,339
WES,0.5058272471363707,340
ULTA,0.5035275640296736,341
ACAD,0.4978070574169154,342
KEX,0.4967940120202437,343
BKV,0.4941432397644307,344
EXPE,0.4930924904084307,345
DKL,0.4927657791996926,346
PVH,0.4926989314036444,347
NVST,0.4906645414101727,348
FCN,0.489615249011343,349
INGM,0.4882321507825268,350
CGON,0.4872412069878283,351
CHRW,0.4826055055337915,352
CASY,0.4786757502757339,353
APLE,0.4726301677668693,354
ED,0.4709704707200752,355
HXL,0.4692055890767379,356
ATMU,0.4657515649207236,357
WSM,0.4652290418674553,358
CRUS,0.4628815054991148,359
MTRN,0.4622387376324433,360
TRNO,0.4613769215175184,361
ADT,0.4576068406950228,362
DBX,0.4558070718424944,363
OII,0.4554766235811923,364
BSM,0.4477822757633588,365
LAUR,0.4470720451057814,366
APH,0.4425240742487266,367
ALSN,0.4413644114188113,368
LMT,0.4394988791549357,369
KFY,0.4387066491865277,370
HGV,0.437691424374566,371
BIIB,0.4369109869885932,372
HPQ,0.4367756517668183,373
ROL,0.4363565388990874,374
DRI,0.4356469303972522,375
YUM,0.4319521272841894,376
JLL,0.4316729184689036,377
KLAC,0.4311059924590225,378
WSBC,0.4308396176737176,379
SSD,0.4296684173417235,380
DVN,0.4296186395058503,381
HE,0.4288115601895012,382
CHDN,0.427368909908596,383
CALX,0.4269057894328578,384
DOX,0.4262786225497965,385
PNW,0.4260532987008704,386
AWI,0.4259055324367804,387
OSK,0.4239390322517546,388
CPAY,0.4219367580193783,389
LMND,0.4213109019416703,390
NDSN,0.4203049310052313,391
SWK,0.4181074759633835,392
COLB,0.4176980859948669,393
PEN,0.4170476127491913,394
GTM,0.4164770030963503,395
REG,0.4164435020713915,396
BG,0.414468014968813,397
BCO,0.4099575762713565,398
WAL,0.4093653717996741,399
OSIS,0.409304351185965,400
CRS,0.4092669894068325,401
TARS,0.4063298542097933,402
AXTA,0.4062365896121793,403
UNF,0.4049688736376491,404
CME,0.4042437363876148,405
GIS,0.4038326982531137,406
MAS,0.402922195584902,407
VLO,0.4023791420280454,408
CW,0.4017526124477831,409
CWAN,0.4016750102584356,410
MNST,0.401390460028306,411
CQP,0.3993302586171158,412
MUSA,0.3989844014245237,413
GH,0.3986655628901548,414
RUSHA,0.3973980364410125,415
UBSI,0.3919197554219335,416
ALAB,0.390682127365436,417
TEX,0.390486734882721,418
PFS,0.3866872417381844,419
CUZ,0.3839159349604545,420
PTCT,0.3837108277729017,421
NMRK,0.3820426578984617,422
RMBS,0.3805078095335454,423
LUV,0.3801043342312134,424
ILMN,0.3779846103562591,425
ADPT,0.375231931115125,426
TXT,0.3725837382348783,427
EMN,0.3684044602096788,428
ACT,0.3675052662866475,429
LHX,0.3653126239529798,430
CNX,0.3633765753378082,431
LNT,0.362600462147164,432
AVNT,0.3576108052233058,433
SCHW,0.3568490919251629,434
EVRG,0.3562070573166572,435
KMT,0.3544098882950901,436
EBC,0.3535294055651373,437
IONS,0.3525891419949108,438
FRT,0.3502160497214802,439
AIR,0.3468411205993817,440
ACIW,0.343618934542639,441
DY,0.3429233584459618,442
BRX,0.3419730281067281,443
AMP,0.3418539006160954,444
UFPI,0.3414255751000339,445
LVS,0.3389558441496215,446
LUNR,0.3291457674830349,447
IQV,0.3290140686638152,448
OZK,0.3282670995133876,449
PSMT,0.3282038420428134,450
EXAS,0.323688888965603,451
HST,0.3220756566296994,452
BPOP,0.3208157902259434,453
GD,0.3206019989460982,454
EWBC,0.3193592807498251,455
MAIN,0.3191860366001855,456
CATY,0.3187044940814329,457
LOW,0.317273368094919,458
EA,0.3165767670471092,459
EXP,0.3154772977056093,460
RTX,0.3130450759562217,461
PH,0.3119319770070377,462
CFG,0.3117930515264559,463
IBKR,0.3116389892364329,464
ORA,0.311167898771637,465
ELAN,0.3054750099081401,466
CBT,0.3046242039929168,467
OHI,0.3040133171682002,468
GAP,0.3036578430155383,469
FICO,0.302427200244713,470
RJF,0.3018377567658054,471
AME,0.3005063097741101,472
HSY,0.2992933764552731,473
ALLY,0.2973351339643321,474
UHAL,0.296884104785979,475
DLR,0.2965920684674711,476
MCO,0.29553453610328,477
BILL,0.2954555311471963,478
WMT,0.2953900014986801,479
LBRT,0.295235204491872,480
SITM,0.2944996128284137,481
ZION,0.2935483987115466,482
TCBI,0.2917271772040024,483
AHR,0.2902786517204571,484
KAR,0.2890596596549051,485
EXEL,0.2875622444478209,486
USB,0.2848585414283236,487
BRC,0.2848542296402079,488
NEOG,0.2843555212879997,489
LLYVK,0.2840654374504761,490
UNM,0.2826790465388043,491
ISRG,0.2824252120095065,492
CAH,0.2805332781722469,493
NSA,0.2796486646719261,494
UMBF,0.2789694520826587,495
KMI,0.2785791729595047,496
BOKF,0.2782455043403988,497
CDE,0.2782025035589459,498
ABM,0.2754768491586622,499
AMGN,0.2749107066524822,500
CPB,0.2724590963590746,501
MZTI,0.2716504332506716,502
SFNC,0.2684355124401982,503
XOM,0.2682330548219463,504
CHH,0.268014363975107,505
TECH,0.267896911303415,506
VMI,0.2677406131558215,507
PPC,0.2663129368202129,508
U,0.2662435460001761,509
CAKE,0.2653956706892178,510
L,0.2640780147799555,511
TMDX,0.2607047225737724,512
MKC,0.2602947009601791,513
CLSK,0.2588906004972041,514
TMHC,0.2581294816219435,515
JKHY,0.2579520409415687,516
QLYS,0.2565462620009053,517
PLXS,0.2564714733624252,518
HAS,0.2554230202549008,519
KBH,0.2552949709378867,520
ASB,0.2544263183258831,521
ANF,0.2543990465293293,522
VSCO,0.2541318478380774,523
VRT,0.2522882169278251,524
CDNS,0.2520317524088871,525
CAT,0.2517233903444815,526
BLD,0.2509170722745285,527
NE,0.2507084811240372,528
STLD,0.2488112928678441,529
CPT,0.2486406884143518,530
SIRI,0.2485364686014117,531
EQR,0.2473123000539384,532
VTRS,0.2472971193510601,533
HUBG,0.2437059000595171,534
KMX,0.2425739799770834,535
VNT,0.24113655020376,536
RRR,0.240824073139903,537
DTM,0.2400415382215873,538
LEU,0.238429247457534,539
CLH,0.2383977626940659,540
AGYS,0.2376776731984925,541
BFH,0.2376646589967294,542
TLN,0.2369552495869634,543
JNJ,0.2335648096640416,544
WWD,0.2334725174880063,545
CWT,0.2330350336339348,546
ETSY,0.2329290617146564,547
MUR,0.2325987127072095,548
BEN,0.2324360837403834,549
JBTM,0.2318659295401678,550
MSGS,0.2318091785361327,551
EXPD,0.2296193250681786,552
DLTR,0.2266974939261417,553
TXRH,0.2209683246741973,554
OPLN,0.2199220334658607,555
WTS,0.2190050218775585,556
STAG,0.2180923591578077,557
GBTG,0.2178504537726799,558
GLPI,0.2167152354460775,559
AFRM,0.2139492752640619,560
XYZ,0.2125320867919473,561
AXSM,0.2120708360348543,562
SPXC,0.211995969477759,563
UHS,0.2101434502278618,564
FBK,0.208808660746549,565
ATR,0.2080878571708685,566
TXG,0.2070131482036431,567
TGNA,0.2059561908299111,568
SLB,0.2030498206325362,569
MRSH,0.2017701581817592,570
NBTB,0.1996929965096607,571
FDX,0.1994327031105837,572
MSCI,0.1978476005281958,573
UDR,0.1977347380461515,574
KEYS,0.1964642380522208,575
ITT,0.1943218306015722,576
SPGI,0.1903241325353499,577
HWC,0.1901817171093327,578
LNG,0.1898043827152573,579
AUB,0.1887584002939885,580
SNEX,0.1885086453223327,581
LLY,0.1877331811779828,582
EPR,0.1861584933826935,583
PRM,0.1856721221832647,584
FNB,0.1855628214229583,585
CRL,0.1853743176547856,586
CVCO,0.1837332683381384,587
ECG,0.1823778838591545,588
TGT,0.1807192644652406,589
SR,0.1801843878359272,590
FIVE,0.1798584190409271,591
BKU,0.1796521077154239,592
SEIC,0.179599126417653,593
UBER,0.1774972406368262,594
LAMR,0.1762275842440481,595
HSIC,0.1757472767711921,596
ATEC,0.1749736146683699,597
MO,0.1694027061240092,598
EXLS,0.1684320605201382,599
ADM,0.1672971657989619,600
LEA,0.1663800779454247,601
AVAV,0.166102417040163,602
AEP,0.1652297806299325,603
HI,0.1650832599005912,604
GEN,0.164079340261619,605
JBHT,0.1618359175578466,606
ASH,0.1616237806733562,607
AAON,0.1616025534148801,608
CVX,0.1604352689826839,609
WSFS,0.1598300049326411,610
PSA,0.1593920358253612,611
ABCB,0.1588354192735291,612
TKO,0.1584209596250668,613
PPG,0.1556489433314679,614
BRKR,0.1552098439832894,615
AVT,0.154820749481551,616
TMO,0.1544287408579241,617
FOXA,0.1532792727679761,618
BKR,0.1529072220882771,619
RYN,0.1523080861751526,620
RF,0.152178767616765,621
FOX,0.1507277454868856,622
CHTR,0.1504931692001092,623
FITB,0.148871140220628,624
MTSI,0.148011659263258,625
FULT,0.1444722284424672,626
DD,0.1438535560048209,627
MTB,0.1438261059842222,628
MIR,0.1431350790782355,629
CACC,0.1419152333594895,630
WGS,0.1414397316715667,631
FFBC,0.1406278057676808,632
DOV,0.1402079140613483,633
TRGP,0.1401386390435554,634
WRB,0.1397548212044655,635
AIT,0.1392398043053852,636
BALL,0.1389632726382503,637
SYM,0.1367070091719938,638
CRM,0.1360231695556031,639
BOH,0.1359173710482768,640
AIG,0.1287658253077167,641
GNTX,0.1271680387893249,642
TDS,0.1267715590967291,643
FLS,0.1258574579348644,644
IESC,0.1244614128061382,645
MS,0.1237050713869575,646
FANG,0.1236101508295145,647
NFG,0.1217786131763141,648
TXNM,0.1202528516674759,649
KEY,0.1199058494222873,650
SKY,0.1195668595639131,651
GE,0.1181213020206077,652
EWTX,0.1143843077458394,653
IBP,0.1135873565613554,654
PEP,0.1132101061182555,655
LAD,0.1124322394936414,656
NUE,0.1110200140580949,657
ICE,0.1102894398695751,658
PNC,0.1086564293175886,659
AGCO,0.107568788677975,660
ERIE,0.1068992444708331,661
TRMK,0.1061952531255605,662
NPO,0.1061253524935934,663
USFD,0.1025937627197643,664
BL,0.1020139022868029,665
BYD,0.101509942210593,666
HTH,0.1014282669784119,667
LFST,0.1006990274039856,668
NJR,0.1005818504547292,669
ADSK,0.0998412821261002,670
CNM,0.0988943073877003,671
BCPC,0.0988819123571318,672
MAR,0.0980923952633245,673
CTRI,0.0976491329152876,674
ESI,0.0973852631669771,675
WYNN,0.0960860506143421,676
OKE,0.0949069654659007,677
R,0.0948569358063631,678
PTC,0.0937255687670664,679
CLX,0.0925837250457669,680
MRVL,0.0924528490102427,681
CROX,0.092443632362202,682
MCK,0.0921652518434917,683
NNN,0.0899633891676584,684
WBS,0.0888127683458839,685
ACLS,0.0884547103954021,686
PPTA,0.0860791662797649,687
MDU,0.0855960905194949,688
EGP,0.0847471766430996,689
ITW,0.0842724620659369,690
SSB,0.0837329224426538,691
NNI,0.083494663593748,692
VRRM,0.0824151289836945,693
AOS,0.0816448179687449,694
RPM,0.0815779091915841,695
STRL,0.0811289960600204,696
AVY,0.0802484141252948,697
ULS,0.0798115518238794,698
WAT,0.0780340339256888,699
IRT,0.077699129340688,700
NHI,0.0745541203369421,701
GVA,0.0731279477288228,702
MYRG,0.0727665222732578,703
BAH,0.0723444298256497,704
SITE,0.071589219244486,705
LSCC,0.0712398914971474,706
MANH,0.0700436982655961,707
GPOR,0.06970567659736,708
PHM,0.0683649523621544,709
PLTR,0.0666257950608288,710
GL,0.0657806978198716,711
LH,0.0647251477723601,712
WTFC,0.0644892443625827,713
LW,0.0642150301209461,714
UPS,0.0639914834937533,715
ELS,0.0624865490770018,716
UCB,0.061773710561748,717
MDGL,0.0602103128373439,718
WMG,0.058778025611274,719
ROK,0.0579294024237457,720
EEFT,0.0569846962574005,721
VRSN,0.0550473991598431,722
WPC,0.0541857211272438,723
SBUX,0.0527473172581339,724
BNL,0.0526583883761034,725
NTRS,0.0521405291210331,726
IEX,0.0517986422039692,727
BAC,0.0517327762014894,728
CR,0.0505946043554949,729
VRDN,0.0504315033786284,730
CRK,0.0496646198093072,731
MPWR,0.0488482231009326,732
CRDO,0.0486239302032348,733
AMD,0.048356423836136,734
ABG,0.0473421173553686,735
GEHC,0.0462446392790115,736
MTZ,0.0456574525252767,737
CHEF,0.0455711015897439,738
NYT,0.0435677763019105,739
ANET,0.0432978805540606,740
MWA,0.0410557843228154,741
FFIV,0.0390958692159786,742
FHB,0.0379459390826183,743
GOLF,0.0368306452583985,744
TTC,0.0363635101749772,745
LPLA,0.0354947468892613,746
OTTR,0.0344235556427742,747
STZ,0.033651345749996,748
PRVA,0.0332048720326405,749
MOS,0.0319814643542571,750
TFC,0.0312715432124411,751
ESAB,0.0302519342982667,752
APPF,0.0302286725018062,753
HCA,0.0267335751165785,754
RNA,0.0266105582534115,755
PAG,0.0248075049227629,756
ODFL,0.0247244317754795,757
CEG,0.0240657075064696,758
INSM,0.0225179738887434,759
CNA,0.0224216125253404,760
THC,0.0196376349334109,761
AWR,0.0176643944746658,762
LKQ,0.0174371986999699,763
INDB,0.0159444696733967,764
VMC,0.0156504953218403,765
PAY,0.0155907415134774,766
PSTG,0.0145467783234569,767
NWE,0.0143134956380012,768
FBP,0.0135818683022031,769
BRO,0.0135163861507119,770
XEL,0.0125866037973543,771
WY,0.0124112085583761,772
PG,0.0105164222108701,773
FUL,0.0075001475992935,774
SFD,0.0059064847376732,775
RBA,0.0039515587038134,776
HWM,0.0039386737667407,777
FHN,0.0029236837593745,778
APGE,0.0012095471304936,779
AM,0.0011168917559839,780
EXPO,-0.0009396296195262,781
PTGX,-0.0009499858683557,782
PCAR,-0.0014066712268851,783
WH,-0.002351432711299,784
CFLT,-0.0023936413814686,785
XYL,-0.0026345419257572,786
RRX,-0.004225114695963,787
HRI,-0.0045182671726681,788
GWW,-0.0056041535873933,789
GTES,-0.0056469829103399,790
MLM,-0.0067804046585519,791
CGNX,-0.0070971870749946,792
WOR,-0.0097001709208341,793
IBRX,-0.0098842742908035,794
ROKU,-0.0135435546869081,795
AX,-0.0136713909743298,796
MTG,-0.0195139545596607,797
SNOW,-0.0202550259916005,798
ATGE,-0.0206034601560102,799
SYY,-0.0216843297001172,800
RDN,-0.0217765469013924,801
ONB,-0.0230976174142322,802
C,-0.0259970431102089,803
SMTC,-0.0267399463086607,804
MCY,-0.0279532626990366,805
CELH,-0.0310094292225159,806
APPN,-0.0310197440656253,807
CXT,-0.0311281799861184,808
ASTS,-0.0334844767661561,809
HAYW,-0.0351355662103861,810
NCLH,-0.0362043737700452,811
TMUS,-0.0364991730640646,812
EXC,-0.0365314216318428,813
FTV,-0.0385354680382363,814
OS,-0.0398620520810321,815
UNFI,-0.0410190640644265,816
URI,-0.0430398727078443,817
ABBV,-0.0444011127060348,818
BFAM,-0.0460607922406983,819
ADBE,-0.0471125983530189,820
BROS,-0.0475077214899519,821
ECL,-0.048970136856916,822
BTU,-0.0491697738087281,823
PCG,-0.0502541786940622,824
EPRT,-0.0502945311752194,825
ADMA,-0.0523308843395978,826
OPCH,-0.052987034776813,827
JBL,-0.0538573518694044,828
WFC,-0.0541030824145905,829
CSL,-0.0548619347981712,830
EXR,-0.056912923828385,831
PIPR,-0.0585317775165648,832
META,-0.0591792182165044,833
SHW,-0.0607832220136388,834
HUBB,-0.062942641613233,835
PCOR,-0.0630730033713171,836
CHD,-0.0631937788166319,837
HLT,-0.0632481232093092,838
IR,-0.0643021004023911,839
SAIA,-0.0660400261097271,840
VTR,-0.066123818007105,841
CHRD,-0.0668717528245054,842
HLI,-0.0677955600223683,843
J,-0.0686641966966426,844
VNO,-0.0697272513484089,845
NTRA,-0.0699025975518876,846
TKR,-0.0734085417207824,847
BX,-0.0736126849149859,848
VIAV,-0.0745098347954675,849
BBIO,-0.0756202211851459,850
BCC,-0.0761842898597675,851
NTAP,-0.0769925598094168,852
DLB,-0.0775809698684083,853
ENTG,-0.078176611571466,854
CVNA,-0.0784507752598068,855
GGG,-0.0806509443076366,856
FR,-0.0819813943250436,857
EME,-0.0824081531357345,858
IDA,-0.0826030406934646,859
NI,-0.0840149420369528,860
PFGC,-0.0854614705449753,861
CUBE,-0.0875434195369125,862
MSA,-0.0885373310732559,863
MSM,-0.0901894415698183,864
WMB,-0.0902985244583041,865
DOC,-0.0931072521327122,866
SF,-0.0948285718859597,867
IPAR,-0.096097178398678,868
CSW,-0.0967905600221473,869
WAFD,-0.0973686764059893,870
PINS,-0.0980545046784388,871
EMR,-0.1010005542155549,872
INTA,-0.1024635951506233,873
KMB,-0.1036005321438563,874
VRTX,-0.1051865171750208,875
SBRA,-0.105228193936117,876
TWLO,-0.1066416169115114,877
WHD,-0.1082843747049064,878
SOFI,-0.1090389111202511,879
HD,-0.1095581998673342,880
DUK,-0.1105363561034756,881
ROST,-0.1139109725847326,882
ONC,-0.1140062730118008,883
COGT,-0.114028950121847,884
KNF,-0.1149333989405733,885
SARO,-0.1161394795970484,886
AXP,-0.1161585873510607,887
MTDR,-0.1172811388789738,888
DPZ,-0.1172900289449892,889
KIM,-0.1179061452482645,890
MTH,-0.1187727501179218,891
SKT,-0.1193033317693447,892
MASI,-0.1202901929634253,893
APO,-0.1223057026680708,894
OKLO,-0.1250319354460851,895
ALNY,-0.1253455934063265,896
POOL,-0.1264640905446338,897
ADI,-0.1286643697478434,898
AYI,-0.1315711866720236,899
OKTA,-0.1320018084662043,900
USLM,-0.1332296995685826,901
AKR,-0.1343766238039298,902
MCD,-0.1349234976909742,903
PANW,-0.1371553356770304,904
WDAY,-0.1376195487402944,905
FRME,-0.1391160383184925,906
BKE,-0.1394795683505354,907
ESE,-0.1403064695286149,908
AJG,-0.1416951488134361,909
TDY,-0.1425803471256455,910
PATK,-0.1459600353981346,911
KDP,-0.1468912043208219,912
SNPS,-0.1479570831517463,913
DELL,-0.1489642260925112,914
GFF,-0.1490413314232179,915
BBY,-0.1494205093905998,916
FCNCA,-0.1501134657010387,917
IDXX,-0.1507741764117216,918
FNF,-0.1537079434649433,919
TSN,-0.1539191618847952,920
RLI,-0.1544572805866245,921
ATO,-0.1547375068197072,922
KYMR,-0.155869230720489,923
MHO,-0.1570047559939586,924
CMS,-0.1570940928671741,925
CART,-0.157102830750192,926
PCTY,-0.1575369960337596,927
D,-0.1606973876050725,928
RNST,-0.1611713972382648,929
O,-0.1629702818015856,930
CUK,-0.1632109027123102,931
PM,-0.1690438535138845,932
GRBK,-0.1691923157915629,933
BKD,-0.1692785671199542,934
ENSG,-0.1697941940518527,935
AVA,-0.1705975810400998,936
BLDR,-0.1716464264762717,937
SUI,-0.1725205620449668,938
CRGY,-0.172811433367607,939
IRTC,-0.1731829013101591,940
KAI,-0.1749990597314466,941
QCOM,-0.1756147799763261,942
CARG,-0.1762554255035953,943
HBAN,-0.1763728726192104,944
A,-0.1778948735465153,945
VC,-0.1783139390462471,946
RHP,-0.1784898873075587,947
CNP,-0.1793932338455652,948
CRVL,-0.1804906399898741,949
DRVN,-0.1833065035148417,950
CTRA,-0.18471726448035,951
CL,-0.1849407713814458,952
ZWS,-0.187150838183416,953
NEM,-0.1873562774205976,954
HEI,-0.1877151689896941,955
QRVO,-0.1882697249083963,956
ZG,-0.1902034237587168,957
KO,-0.1903873130629932,958
CDW,-0.190785771144136,959
IBOC,-0.1918477709091759,960
DDOG,-0.1952605544147851,961
TNET,-0.196565342876911,962
MKTX,-0.1972060915838727,963
TYL,-0.1978416620832484,964
ZBH,-0.197972199993327,965
EQIX,-0.1996558973786465,966
PAYC,-0.1997629527793109,967
TBBK,-0.2000687308330085,968
MC,-0.2046177654961249,969
FIS,-0.2047315724103685,970
VICI,-0.2058180495899511,971
PAYO,-0.2059518691697808,972
HR,-0.2066901047121234,973
UNP,-0.2116818479374546,974
CPRT,-0.2123906405680668,975
KBR,-0.2131968825637818,976
DOCU,-0.2143724189695088,977
NOV,-0.2149733325170208,978
APG,-0.2151535526786623,979
MORN,-0.2153770474225521,980
GPK,-0.2157915080750529,981
DASH,-0.2170866180344128,982
AMH,-0.2174556988863643,983
LYV,-0.2177021145346076,984
WTRG,-0.2194985138980676,985
SNA,-0.2197770875478039,986
TRU,-0.2200337465507043,987
ARCC,-0.2220307746542491,988
MTD,-0.2229908244797027,989
DORM,-0.2233742853025007,990
NRG,-0.2244262073234425,991
WELL,-0.2247071609799562,992
PB,-0.2270437730567793,993
LII,-0.2280175367532429,994
HOMB,-0.2297642223238308,995
CI,-0.230037814171038,996
AVB,-0.2308337599146072,997
ADC,-0.2317539195956144,998
OTIS,-0.2321913907920921,999
LECO,-0.232687531705921,1000
COR,-0.2337077808031107,1001
HCC,-0.2348848011219065,1002
NSC,-0.236118028016572,1003
HASI,-0.2364632984957721,1004
INVH,-0.2380015513735426,1005
ADP,-0.2386443030471705,1006
ALGN,-0.2423135305815583,1007
AWK,-0.2424706913832522,1008
LEN,-0.2428718877217089,1009
ESS,-0.2453130750734496,1010
DKNG,-0.2468009125204949,1011
RGTI,-0.2473900482471173,1012
DGX,-0.2496030773739024,1013
IRDM,-0.2505399787669518,1014
RVTY,-0.2513452893318513,1015
BKH,-0.2524075561504563,1016
NWS,-0.252713244584114,1017
RPRX,-0.2530334105589921,1018
SSRM,-0.2542619944285449,1019
WM,-0.2542786730923568,1020
DHR,-0.2577097845293393,1021
GATX,-0.2582300605402545,1022
NBIX,-0.2598688856343039,1023
NCNO,-0.260171915077424,1024
Z,-0.2629383662439202,1025
RS,-0.2644702279458781,1026
APD,-0.2646181880911762,1027
CRWD,-0.266774156918693,1028
FAST,-0.2671086414697201,1029
KNSL,-0.2682429529667112,1030
BR,-0.2686893892243038,1031
KNTK,-0.2689531041460005,1032
NWSA,-0.2719349240144169,1033
PFG,-0.2808768910060016,1034
NMIH,-0.2823406187336686,1035
RBC,-0.2830077134589503,1036
MGRC,-0.28475716236719,1037
OLN,-0.2862382315021395,1038
IRM,-0.2871858168644192,1039
GME,-0.2880441767890246,1040
MOD,-0.2894581877896276,1041
JPM,-0.2909919314265211,1042
FCPT,-0.2932361167506294,1043
CVBF,-0.2933997236129061,1044
CURB,-0.2936948238479802,1045
NET,-0.2962941401572653,1046
DHI,-0.2968106788230233,1047
HOOD,-0.2978972972954432,1048
PGR,-0.2989829242702845,1049
OXY,-0.2996289333995159,1050
H,-0.3005072033178246,1051
MAA,-0.3013987426945287,1052
AMR,-0.3042122936072914,1053
POR,-0.3049967447743343,1054
FELE,-0.3052447245983702,1055
NOVT,-0.3056306367205864,1056
WING,-0.3059457321012001,1057
SFBS,-0.3079789650799218,1058
TSCO,-0.3087823366503544,1059
PEG,-0.3088490228657133,1060
CORZ,-0.3123835772575245,1061
NVR,-0.3132068116853745,1062
DKS,-0.3133314730677553,1063
CTVA,-0.3146926367748096,1064
PBH,-0.3147380259838216,1065
GFS,-0.3207141663343319,1066
DT,-0.3209868620717306,1067
SYNA,-0.3213204060933781,1068
FND,-0.321510647271552,1069
GRAL,-0.3220796177723258,1070
SN,-0.3230984769405759,1071
LIF,-0.3246845445935289,1072
OVV,-0.3256398736619302,1073
GPI,-0.3261876462601376,1074
IVT,-0.3268383989027904,1075
SO,-0.3271194389767707,1076
DIS,-0.3286109259706202,1077
KD,-0.3292291238188807,1078
PBF,-0.3321068059341143,1079
CCL,-0.3321913304543009,1080
VST,-0.3327395264804823,1081
BOOT,-0.3331462271416251,1082
QTWO,-0.3350941409722935,1083
CON,-0.3356120925382447,1084
PI,-0.3364688990152229,1085
EOG,-0.3370718711263549,1086
CCI,-0.3374948439341807,1087
HWKN,-0.3425674039777605,1088
TREX,-0.3435337858482726,1089
WDFC,-0.3442065067063494,1090
ELF,-0.345373509433022,1091
BLK,-0.3459436804599882,1092
PPL,-0.3459634711216823,1093
REXR,-0.3462150315438315,1094
BKNG,-0.3463799921901714,1095
EPD,-0.346653626655599,1096
FA,-0.3479125626863768,1097
VSH,-0.3488783008297428,1098
TDG,-0.3510168539234485,1099
AMZN,-0.3512801670388333,1100
PKG,-0.3518697604330602,1101
CE,-0.3522879622979331,1102
AEE,-0.3525200766181651,1103
TEM,-0.3554736998670038,1104
ESTC,-0.3560644095935706,1105
SNAP,-0.3564075535396532,1106
AROC,-0.3578244176882805,1107
CRC,-0.3589022710617855,1108
SPY,-0.3640791121089501,1109
CTAS,-0.3641511350835552,1110
SXT,-0.3663263231633179,1111
SBCF,-0.3667332274148936,1112
PYPL,-0.3676011612655845,1113
IFF,-0.3685205988009509,1114
IOT,-0.3727301603863689,1115
OGS,-0.3740754205865605,1116
MGY,-0.3796008690585615,1117
CSX,-0.3799276311462193,1118
GNRC,-0.3815151334323802,1119
PNFP,-0.3827003813959085,1120
ITRI,-0.3828307594637034,1121
COP,-0.3832527894033695,1122
UE,-0.3833071964817415,1123
SBAC,-0.3839371431709678,1124
PODD,-0.3893565589685914,1125
PJT,-0.3902601643446274,1126
FCFS,-0.3909983136650432,1127
MHK,-0.3915388793160839,1128
USAC,-0.3919376360485516,1129
GXO,-0.3942503170815129,1130
TPH,-0.3955877164319273,1131
ARES,-0.3970430867750617,1132
VOYA,-0.4003101069463662,1133
OWL,-0.4011073028167969,1134
EW,-0.4026794603338223,1135
LTH,-0.4032714125452937,1136
UI,-0.4061675407044575,1137
RRC,-0.4069326697947488,1138
BGC,-0.4075905813712157,1139
CNK,-0.4090948772614495,1140
PWR,-0.4093352909380438,1141
WAY,-0.4094667542800631,1142
ENPH,-0.412497864606512,1143
FBNC,-0.4125555365849656,1144
ON,-0.4134087614835821,1145
LOAR,-0.4158858169917032,1146
CWST,-0.4178193974953058,1147
TW,-0.4187908098290058,1148
TTAN,-0.4230119819051017,1149
FSS,-0.424370351517693,1150
HQY,-0.4244262520751884,1151
RHI,-0.4260195056441687,1152
CAVA,-0.4279110216220618,1153
BJ,-0.4293643607707564,1154
AB,-0.4295154830396377,1155
CVLT,-0.4298685130812532,1156
SYK,-0.4303131519124839,1157
SRE,-0.4304380693531162,1158
ET,-0.432658221904147,1159
VCTR,-0.4329734160754363,1160
FDS,-0.4334034676723733,1161
PRK,-0.4336355138877109,1162
CALM,-0.4337525036206653,1163
INTU,-0.434052678624124,1164
GTLB,-0.4341958418109831,1165
EFX,-0.4343865306501662,1166
HPE,-0.4349761671922049,1167
GTLS,-0.4353319385549813,1168
COST,-0.4371069615506238,1169
HLNE,-0.437394216169707,1170
PAYX,-0.438470462183392,1171
BK,-0.4397253830266116,1172
IAC,-0.4411834643465097,1173
BBWI,-0.4424435384297618,1174
BMRN,-0.4434688474647764,1175
DXCM,-0.4441709763753675,1176
CPK,-0.4461683296916814,1177
ETR,-0.4464652340964927,1178
AAPL,-0.4473591665695068,1179
BOX,-0.4510537099193754,1180
FWONA,-0.4552900780731432,1181
WAB,-0.4601971466143112,1182
OCUL,-0.4631441051629397,1183
GBCI,-0.4662835648498339,1184
CRNX,-0.4668925139229475,1185
RDNT,-0.4683621390574742,1186
MDLZ,-0.4710554499413753,1187
RYTM,-0.4730482427642489,1188
NKE,-0.4749333339603417,1189
CNS,-0.4766715788328811,1190
CHWY,-0.4774712287129919,1191
HRL,-0.4799419344686114,1192
LPX,-0.479993913215284,1193
RSG,-0.4810261024227705,1194
OBDC,-0.4828525645041007,1195
AMT,-0.4830879752432609,1196
TTWO,-0.4856385805547238,1197
RZB,-0.488837822834414,1198
TOWN,-0.4888723041976202,1199
RELY,-0.4889086218102734,1200
RUN,-0.4893537378136145,1201
ORCL,-0.4909773999842933,1202
XPO,-0.4914248572768964,1203
TIC,-0.4926334826627585,1204
IPGP,-0.4931135539953296,1205
CSCO,-0.4938999337918875,1206
BSY,-0.4941757751125603,1207
LSTR,-0.4955156604652492,1208
TJX,-0.5019241835768719,1209
KRG,-0.5021267102407083,1210
MP,-0.5022895719956492,1211
AFG,-0.5032511174748987,1212
SAIL,-0.5080890422280641,1213
DE,-0.508691782846193,1214
AVGO,-0.5113935420912085,1215
NSIT,-0.5123667984739566,1216
RGA,-0.5136612186775227,1217
LNTH,-0.5145821523789135,1218
CMG,-0.5161330940250559,1219
FTNT,-0.5179369170930256,1220
CCC,-0.5183726403179085,1221
GWRE,-0.5190226853267579,1222
RKT,-0.5208334139227264,1223
GEO,-0.5223066215302317,1224
ORLY,-0.5238302792692806,1225
MAC,-0.5245686626333501,1226
WSO,-0.5256485040289767,1227
DRS,-0.529077815099748,1228
WEC,-0.5308669591785166,1229
VLTO,-0.5318720436263402,1230
VERA,-0.5334942449735316,1231
MPW,-0.5365408147696406,1232
TDW,-0.5374403734394991,1233
REZI,-0.5415746940031436,1234
MGEE,-0.5418071835967608,1235
NOW,-0.5447424799203406,1236
MSFT,-0.5457168612081666,1237
BURL,-0.5538149457035042,1238
SHAK,-0.5592382446651787,1239
SUPN,-0.5597353855589553,1240
AR,-0.559809532557759,1241
DIOD,-0.5637783797141993,1242
IMVT,-0.5652064895126594,1243
AN,-0.5693352207722697,1244
TTEK,-0.5710553336809375,1245
FFIN,-0.5742412057794305,1246
BDC,-0.576255649304892,1247
CBRE,-0.5800986769006052,1248
TRMB,-0.5803613143561117,1249
LB,-0.5830723459387749,1250
FIZZ,-0.5868258085621579,1251
PECO,-0.5879561275595877,1252
ACM,-0.5888548524094349,1253
PFE,-0.5892046143557222,1254
LRN,-0.5941151291605948,1255
ES,-0.5953298171826478,1256
AZO,-0.598208866878613,1257
MKL,-0.598641458653769,1258
FOUR,-0.5993902714687604,1259
BATRA,-0.605396286143112,1260
ALKT,-0.6066664914965145,1261
LOPE,-0.6087942328811475,1262
ARMK,-0.6091893475663117,1263
BIPC,-0.6117018577636009,1264
CCK,-0.6120702989529684,1265
SOUN,-0.6145288838048566,1266
BATRK,-0.6153126615134827,1267
TOST,-0.6175757971589309,1268
PSN,-0.6227565425557986,1269
ROAD,-0.6231629197927426,1270
EHC,-0.627880423032314,1271
BRZE,-0.628129700134179,1272
KKR,-0.631943415258236,1273
ALL,-0.6354781531727955,1274
OLLI,-0.6425564900525506,1275
CBSH,-0.6434382817922297,1276
ABT,-0.6463691297118814,1277
GDDY,-0.6482384319594205,1278
FWONK,-0.6575203570802645,1279
ATKR,-0.6582267985296039,1280
ABNB,-0.6588840211189932,1281
ROP,-0.6632315204261308,1282
ALG,-0.6636194920838105,1283
ITGR,-0.6694674017969507,1284
NUVL,-0.6721841582599279,1285
AAL,-0.6744090971186003,1286
ALK,-0.6841873155174546,1287
COF,-0.6898015524746323,1288
KVUE,-0.6944622087465516,1289
NEU,-0.6950483556839396,1290
MOH,-0.6952343028602147,1291
TFSL,-0.6978220900495694,1292
SPSC,-0.6979255767220816,1293
EQH,-0.7062965197862936,1294
CHE,-0.7067894077023698,1295
DVA,-0.7068114802440404,1296
HUM,-0.7093834289425508,1297
SWKS,-0.7121850958644352,1298
MA,-0.7140337340328284,1299
ZTS,-0.7172673435201563,1300
ZS,-0.7255138298927334,1301
HESM,-0.7260541218743604,1302
MSI,-0.7268367333186301,1303
MMM,-0.7295230494179844,1304
MCHP,-0.7508377545009723,1305
STWD,-0.7525514766578223,1306
PLNT,-0.7548216525304791,1307
CNC,-0.7571521242266437,1308
HALO,-0.7614127448092148,1309
AVPT,-0.7657349464829029,1310
RARE,-0.7709730794788069,1311
FLG,-0.7741208634005472,1312
URBN,-0.7777818675221381,1313
CARR,-0.778016747484816,1314
SMCI,-0.7785950963053735,1315
RBRK,-0.7809689353906374,1316
VRSK,-0.7810591644515722,1317
PLMR,-0.7847919900536027,1318
RCL,-0.7890968414951999,1319
V,-0.7970137960946504,1320
VEEV,-0.8069522635672225,1321
LION,-0.8097763326290658,1322
TXN,-0.8161401118554953,1323
TENB,-0.8164209536663241,1324
HUBS,-0.8197046678245845,1325
LYB,-0.8232324920081419,1326
STEP,-0.8328297164136407,1327
KGS,-0.8375865800454956,1328
WSC,-0.8379890197867748,1329
LINE,-0.8429699907546363,1330
AAOI,-0.8439192601992995,1331
ACLX,-0.844327936444004,1332
COLD,-0.8521831965302905,1333
AXON,-0.8607510900669654,1334
CNR,-0.8634088232300788,1335
TPL,-0.8658187174899943,1336
CYTK,-0.8721861461026743,1337
SLAB,-0.8807661787013037,1338
PTON,-0.8812822127567261,1339
GSHD,-0.8919195141867251,1340
MTN,-0.8945291491428694,1341
NFLX,-0.8970669220687799,1342
AAP,-0.9055098439608537,1343
DJT,-0.908407771382898,1344
ALGM,-0.9174544122735034,1345
AMBA,-0.921173199151323,1346
BSX,-0.9280892555240228,1347
CLF,-0.9391847521496152,1348
DOCS,-0.9549176213181936,1349
EQT,-0.9583319985012186,1350
S,-0.963879191294618,1351
IMNM,-0.9647023569000674,1352
IRON,-0.9691041989918906,1353
ST,-0.9776060459643844,1354
NEE,-0.9777926888419134,1355
PRMB,-0.979894709500956,1356
POWI,-0.9871597952271666,1357
PII,-0.9871948576379,1358
NTNX,-1.0159329527691108,1359
LFUS,-1.0228716739466648,1360
OI,-1.0394040045660924,1361
VERX,-1.0408194314288757,1362
FISV,-1.0421305076200176,1363
CBU,-1.0428676969682682,1364
BXMT,-1.0468256046277813,1365
ASAN,-1.047812482840362,1366
BMI,-1.0546625783381192,1367
PSKY,-1.0565761780511218,1368
SUN,-1.0636525223305755,1369
SRRK,-1.0699293569306776,1370
IT,-1.072758762018276,1371
GKOS,-1.0731533152264994,1372
OLED,-1.07663577148917,1373
RUM,-1.0798328136496975,1374
MARA,-1.0831213929218872,1375
FLO,-1.106111157728301,1376
SLG,-1.1082248405371111,1377
DUOL,-1.1268942130884996,1378
CFR,-1.1500546868216688,1379
ZBRA,-1.1647638547415655,1380
BEAM,-1.1755310143657225,1381
VRNS,-1.1853265997770457,1382
OC,-1.1923540108466644,1383
TWST,-1.2113068642586364,1384
HON,-1.2114877542545737,1385
RXO,-1.2122758080725662,1386
RITM,-1.2241704937648368,1387
MPC,-1.2413173633456904,1388
NVDA,-1.2446987004184646,1389
BEPC,-1.244965270820818,1390
TTD,-1.2728635162828787,1391
RGLD,-1.2979774178796786,1392
HIMS,-1.3402735116087268,1393
FLR,-1.362473289100622,1394
BWA,-1.3729623788588856,1395
RBLX,-1.375290824373239,1396
KMPR,-1.3826124981394432,1397
VG,-1.3978182187175376,1398
CAR,-1.400987414136025,1399
PCVX,-1.4542044369342333,1400
IVZ,-1.4544030860973336,1401
CSGP,-1.4613421078508284,1402
CMPO,-1.4711160438583275,1403
DYN,-1.4771880751746134,1404
GPGI,-1.488970865334365,1405
BRBR,-1.495787927350124,1406
RYAN,-1.5076883450394525,1407
JOBY,-1.5644186951733337,1408
MRNA,-1.5731540128789234,1409
UPST,-1.5873878502339966,1410
SFM,-1.5900993692455438,1411
SLNO,-1.6034607998889268,1412
KR,-1.6212284313460803,1413
WULF,-1.630447259240809,1414
VKTX,-1.6433200876078982,1415
GPC,-1.664320630665708,1416
VVV,-1.7150911311009382,1417
DNLI,-1.730404664529475,1418
COIN,-1.740274136727151,1419
CORT,-1.759458013925935,1420
SMMT,-1.7844782644574166,1421
BANF,-1.8551341781869617,1422
TFX,-1.888677938018648,1423
SEZL,-1.8900447786222567,1424
OSCR,-1.9142279993334976,1425
QS,-1.985500896557307,1426
IONQ,-2.014681648251727,1427
SMG,-2.1775870674120767,1428
CAG,-2.306096267791869,1429
WD,-2.3147572027820376,1430
WLK,-2.3635795573354135,1431
SRPT,-2.370496150293442,1432
HRB,-2.421055523059574,1433
HTGC,-2.425903449219374,1434
F,-2.4314863333702452,1435
NOG,-2.4482921015320462,1436
CZR,-2.473115309135009,1437
MIDD,-2.5150791145236577,1438
ACHR,-2.5180165655032116,1439
BAX,-2.6884800784810676,1440
OGN,-2.7391227935397584,1441
RDW,-2.785429707822655,1442
VNOM,-3.014257937733994,1443
BBUC,-3.0569300031655797,1444
ARE,-3.299224473448506,1445
DOW,-3.322791225788696,1446
HOG,-3.435611282073718,1447
LCID,-3.665809913714032,1448
SMR,-3.789019639849323,1449
IP,-3.8419715533268057,1450
XRAY,-4.26440519676704,1451
USAR,-4.282245615931223,1452
UAA,-4.33821615416721,1453
UA,-4.359475063038758,1454
EOSE,-4.725576089351647,1455
BHF,-4.939692318429218,1456
MSTR,-5.559461612247556,1457
STRK,-5.61606195396933,1458
LBRDA,-5.726587607287202,1459
LNC,-5.890882199734729,1460
CNXC,-5.928062611237755,1461
BMNR,-6.1116477893259695,1462
ALMS,-6.185153815271842,1463
UWMC,-6.252962247951178,1464
TAP,-6.2779504643146575,1465
COHR,-6.3084826463368175,1466
SATS,-6.757043320943045,1467
