symbol,score,rank,ret_1d
CLSK,3.314855709985254,1,-0.0010775862068965747
BLKB,3.169800389177063,2,0.045838614279678724
F,3.118338389054533,3,-0.0198159943382874
CELC,2.939085886798872,4,-0.015001863585538566
WDC,2.880450109034402,5,0.043821055225088834
DOCN,2.79175013097929,6,0.017735737511084926
PACS,2.755183019897782,7,-0.049743964886613035
SNDK,2.7398389015800366,8,0.01661050813593179
VFC,2.689196861809971,9,0.029367844698855228
BE,2.6428885543641454,10,0.08223231489127447
IDYA,2.539089890657094,11,0.005201560468140354
JEF,2.5314869217589244,12,0.036360138514813345
COLM,2.524175041283449,13,0.004218090923293172
DXC,2.47972833589316,14,0.013452914798206317
PJT,2.461313213635031,15,0.01130686300289252
ARWR,2.3876275231184083,16,0.010833725859632493
SPG,2.3007350705188343,17,-0.011781594970545983
ONDS,2.261965132005972,18,0.10149253731343277
APLS,2.2535465960206578,19,0.029207232267037586
VSAT,2.2360118732963232,20,-0.005408913890090905
MCY,2.2232471136617007,21,-0.09200540596735618
SOLV,2.1944170860114336,22,0.016004340160043373
TERN,2.165159255773368,23,-0.005811015664476948
VICR,2.159140999508778,24,-0.010618006103763955
FCFS,2.1589788199957773,25,0.0011419249592170555
MU,2.1225459207147783,27,0.05295412476862271
PL,2.111467007877349,28,0.06888788833858617
VISN,2.104699056365174,29,-0.009947643979057674
CWEN,2.037800649332822,30,-0.012051155927201074
MSGE,1.8998064845048592,31,0.020459952418715455
HOG,1.8623635302632413,32,0.011302211302211207
DAN,1.7606099915824511,33,0.05780346820809257
APLD,1.7345837609754506,34,-0.049165673420739076
AMG,1.7314081065158629,35,0.02396210643633334
MATX,1.7125799306344562,36,0.014662223568615573
AA,1.697839568792079,37,0.047677048895075735
ERAS,1.6915972745242105,38,0.01686746987951815
AEO,1.6830399015594326,39,0.005615724027276503
OPEN,1.6656649518955864,40,0.06928406466512693
FOLD,1.6500894784921591,41,0.002797202797202747
GSAT,1.635797025604458,42,-0.0008465966813411274
AGNC,1.6334870316742025,43,0.0008849557522123686
TDC,1.626108197044417,44,0.006441717791411117
RL,1.5806483366799184,45,0.02045883940620774
LQDA,1.5668327447562236,46,0.033096926713947816
LITE,1.5424318236880146,47,-0.010259485027147575
AMKR,1.520947244806632,49,-0.002134927412468013
CENX,1.5194125210740088,50,0.027203927183472976
INCY,1.498568351363765,51,0.018090154211150677
FG,1.4907402791500648,52,0.00840630472854631
CIFR,1.4675345166141047,53,-0.01406649616368294
AD,1.4666748360200947,54,-0.031030444964871284
CSGS,1.466362031986559,55,0.0
NLY,1.442440984301632,56,0.0008703220191470518
LGND,1.4381789098064195,57,0.012959308836862027
GMED,1.436886218858936,58,0.012921348314606895
SM,1.4316995631299214,59,0.0793357933579335
WU,1.416230108279131,60,0.022245762711864403
ARLP,1.4131339801936622,61,0.010933229207340966
ALL,1.4114808361551088,62,-0.01361152976639024
WBD,1.4107836220208136,63,0.0013913043478259723
SCCO,1.4007964767286551,64,0.02478723404255323
NGVT,1.39977392411378,65,-0.019786307874950504
LNC,1.3912354440952266,66,0.006495068559057016
KRYS,1.383428756313471,67,-0.015807392996108782
APA,1.378086068316154,68,0.04645208485735175
TTMI,1.3676490501665033,69,0.0336596634033659
BXP,1.3560378719082165,70,0.01467194197164523
FTAI,1.340117916697237,71,0.0049343832020998235
BTSG,1.3375978192018878,72,0.06994279771190848
PR,1.3368689416247197,73,0.0394349617422014
VIRT,1.322126414913916,74,0.007164790174002178
COMP,1.3205882494395436,75,0.035643564356435675
STRK,1.3121920497939592,76,-0.0019120458891014325
BBT,1.3098565583567237,77,0.009480222294867557
TER,1.308810182220612,78,0.030406179425915614
ENS,1.307693116078706,79,-0.0118499382230709
CVI,1.303714620155576,80,-0.007104795737122527
ALHC,1.3031447444751552,81,-0.0038853812530353915
MKSI,1.272452339854611,82,-0.0478436145128166
INSW,1.264389163740385,83,0.014746972989754692
KRC,1.254646589964718,84,0.014460861364350874
EXPE,1.2487288083744637,85,0.016814689152779172
AB,1.2455088291515537,86,-0.00820661356504937
UTHR,1.2450226851070922,87,-0.01320426184652379
REAL,1.2415183235606664,88,0.047706422018348515
BYD,1.2363277304770734,89,0.018385003604902694
LEVI,1.225609144877719,90,0.019239578561612625
JXN,1.2252405154130177,91,0.00993263085161522
BELFB,1.2227436139103756,92,-0.05996600084997883
EE,1.220022993332092,93,0.0004786979415987158
FHI,1.2033021534904844,94,0.02150145772594758
TVTX,1.198602896787443,95,-0.030608695652173834
RDDT,1.198452026395717,96,0.059110823816706404
DAL,1.193523917038192,97,0.003669724770642313
SYF,1.18060018458908,98,0.007467846770847553
CIEN,1.168277237982678,99,0.028544967419706913
MLI,1.1658387556962049,100,-0.014986949566388796
GPCR,1.1605105575421175,101,-0.0427111048872707
APP,1.156566642175629,102,0.07441946968489299
EPD,1.1484691713017237,103,-0.01741496598639458
TSLA,1.1405377215093713,104,0.0016803448359836715
TNL,1.1334677386267134,105,0.0347241284655504
APAM,1.131131496001999,106,0.0009436187780136329
MDB,1.1273698260252003,107,0.02457952364826732
NATL,1.1206072277466157,108,-0.011090136857008215
BWA,1.1190882362177856,109,-0.012637977923532273
PFSI,1.1165059247041471,110,0.023221133361738477
HII,1.1164628749492436,111,0.016896824067204275
GL,1.0953987454034737,112,-0.015831677061202143
FIX,1.0921935237865263,113,-0.013664735563446051
AMTM,1.0919438050226382,114,0.02728785357737107
LC,1.0904917772197789,115,0.046421663442940186
SEE,1.0811064474996046,116,-0.0007151370679380209
FSLR,1.0776144886794257,117,0.05538597655385957
MTCH,1.0588536859849973,118,0.0033134526176277213
FTDR,1.0549056412484386,119,-0.00884802220680081
MAT,1.0526070000373675,120,0.026128266033254244
DAVE,1.0431216201859663,121,0.02242228639374888
EIX,1.041561031686789,122,-0.02408288994679364
BA,1.0387277773114565,123,-0.020939190296672572
ONTO,1.0387113878939085,124,-0.0013164465023377536
VCYT,1.0377599529068593,125,0.016097696364141045
ALB,1.03612397490146,126,0.013615912858157886
DBD,1.0344199351837404,127,-0.022886897553887176
PIPR,1.0334859461893473,128,0.027312500000000073
SF,1.0235245182789638,129,0.020150706968080634
WST,1.0161631914436853,130,0.020847896706279068
KTOS,1.0113798671667087,131,0.05697510057627486
PPC,1.0101637902678655,132,0.0064397424103035394
GM,1.0098233327936972,133,0.030164983994090067
SNX,1.0074700717095326,134,0.008069560865757497
INDV,1.0058172800279814,135,-0.011223021582733805
W,1.0013870263234397,136,0.07333098674175753
EPAM,0.9995150170194904,137,0.03384710234278665
CDP,0.9898186749141352,138,-0.007246376811594124
UPWK,0.9868693764453168,139,0.07601880877742961
STT,0.9864829386184952,140,0.013125000000000053
CC,0.9842136599476522,141,0.022727272727272707
CI,0.975686128833306,142,-0.002029513948608508
HOLX,0.9756468680472375,143,0.0006653359946773296
LRCX,0.9730254228765826,144,0.019144239748705383
RGEN,0.9729819179241248,145,0.019939443172587
DECK,0.972762549878812,146,0.013123135918193585
HL,0.9706572522548992,147,0.03672316384180796
PTEN,0.9702239556730996,148,0.031565656565656575
GNW,0.9700026671777804,149,-0.015555555555555656
ENVA,0.968243037997464,150,0.004785656511188785
BKH,0.967844358408699,151,-0.006796248470844146
SHOO,0.967542094134034,152,-0.006847577986304976
TLN,0.9667475439456202,153,-0.020577933450087404
SEB,0.9661913003712664,154,0.0008667309593854977
OGN,0.9617550506609168,155,0.024725274725274637
UAL,0.9551490837802212,156,0.02552183827398702
HYMC,0.9551111010118324,157,0.21071428571428563
MS,0.9498917390575304,158,0.029439197854727928
UUUU,0.949548898954744,159,0.03743315508021383
FLNC,0.9476513189659512,160,-0.019685039370078816
TPR,0.9463792809600132,161,0.007474813129671798
PHIN,0.9375305797871512,162,0.006621639517944589
OUT,0.9345691440003076,163,0.006377042646472653
UEC,0.931821967508186,164,0.05263157894736836
CMC,0.9272920568865266,165,-0.006690229739964693
AN,0.924703706112264,166,0.024431676242817835
HIG,0.9222835018490472,167,-0.015815508952832236
HURN,0.9199622368451144,168,0.02618846478765069
HUT,0.9139827638921536,169,0.012844729882886208
TGTX,0.906439949980255,170,0.0058499655884378665
WEX,0.9038351347171818,171,0.03320769430725257
FORM,0.9014011648524648,172,-0.007339064793457584
GOOGL,0.8973157029081152,173,0.004337461095291761
WHR,0.8963731010667813,174,-0.008942903003898217
ALSN,0.8958199514853094,175,-0.004171632896305066
KRMN,0.8905099119865857,176,0.07841831979763025
CMI,0.8904350089672965,177,-0.00446563475808337
DDS,0.8903938381292008,178,0.011003814251983046
CINF,0.8872423794067243,179,-0.016980791232612757
GOOG,0.8866298127493794,180,0.003698566805362846
PAA,0.8844381186723074,181,0.006852667645619315
MTRN,0.8829034633975271,182,-0.0013045463440087834
GEF,0.8827655551315374,183,-0.012483574244415041
NXT,0.8692850048543703,184,0.015498817195529702
BDX,0.8663276353671344,185,0.02987935505694006
PATH,0.8610353545640906,186,0.014625228519195677
PSX,0.8564055972148156,187,-0.004805260495700514
COKE,0.8562551979363748,188,0.025225767609873495
ATRO,0.8520766893055454,189,0.0171495387813434
PRIM,0.8487899647089322,190,-0.012132035965020327
ZM,0.848278594130847,191,0.027862380146643995
TRV,0.848112639573054,192,-0.0025732713965846976
ACI,0.8473879753688716,193,-0.018949648077964176
ADPT,0.842883181770354,194,0.005066497783407176
ICUI,0.8394083540157652,195,0.02252343381212496
OMCL,0.8336273126321987,196,0.03318169654803316
ATI,0.8276137542333105,197,0.01240204429301528
M,0.8271714506145693,198,0.02383093525179869
WFRD,0.8225730793456127,199,0.025628484789200767
MIRM,0.8219561659310453,200,0.022075269862880553
HALO,0.8211436433405075,201,-0.09008449304174948
AEIS,0.8177806728468755,202,0.022984846555456517
POWL,0.8164518749903664,203,-0.03322412933551733
ARQT,0.8121342785735972,204,0.0037579857196543553
AES,0.8100250278004661,205,-0.006101281269066616
HHH,0.8080878100999452,206,0.003262445625906274
HAE,0.8080840864331844,207,0.03481822836661541
HTGC,0.7992993806041157,208,0.007575757575757569
AKAM,0.7992249618072895,209,0.008208817561335513
LCII,0.7984918253510549,210,-0.0023359937706833866
LYFT,0.7932034343899356,211,0.03082706766917287
GHC,0.7920429680767361,212,0.009650495565988626
SWX,0.7917039652034081,213,-0.01813236627379866
WRBY,0.7908896066454115,214,0.03551912568306004
COO,0.7813477667138732,215,0.017817915547962082
ACMR,0.772767961362168,216,-0.008745013807916702
TOL,0.7724413964696606,217,-0.02337789171702387
HUM,0.7704351477173444,218,0.011514135899237665
GVA,0.7701667754174522,219,0.032501360702900106
WCC,0.7694586372719187,220,0.0027249767380035372
WMS,0.766347707914158,221,-0.004801780172161485
RVMD,0.7642254569752641,222,-0.008150283272040482
EAT,0.7632859076460062,223,-0.03073532112900268
SLGN,0.7598862175070539,224,-0.00020729684908804558
EL,0.7590809915393536,225,-0.0048154093097914075
MRCY,0.7548499280038744,226,0.04008641382621225
BANC,0.7522639651530947,227,-0.005970149253731405
FIBK,0.7512179795639196,228,-0.018698972873321118
GLW,0.750870348561368,229,0.011415874961691497
CALY,0.7463476871967065,230,0.005216095380029762
LASR,0.7411374736809085,231,0.06798978188249172
FSK,0.7410105276702714,232,0.013595166163141936
BLTE,0.7405144044876733,233,-0.010975887170154741
CACI,0.734124953316045,234,0.004357607213079984
IDCC,0.7329199407159857,235,-0.01312701271764638
UNH,0.7246959198674423,236,-0.0030786260334151327
WT,0.7244630472811,237,0.025362318840579823
ORI,0.7210246656030034,238,-0.020206766917293173
CMCSA,0.7205543574159243,239,0.0015847860538826808
OI,0.717613856507972,240,0.02390710382513661
LDOS,0.7175143642108328,241,0.06190800470500846
HESM,0.7151717999114539,242,0.016041326808047707
FOXA,0.7148264230862662,243,0.01311359206096041
TPC,0.7147121395929928,244,-0.013861867704280217
SGI,0.7138427725008736,245,0.02665755297334238
MEDP,0.7114900462992022,246,0.042015040403568626
FE,0.7066893541324353,247,-0.008308004052684947
ACA,0.7041554439554645,248,-0.01678120505034353
AGX,0.7010668969307854,249,0.017793944160440445
RMD,0.6973386086430003,250,0.012078805410054017
PEN,0.6968157875215472,251,0.0008503650705216081
FCX,0.6948216738365321,252,0.023899165166148206
KWR,0.692721939653685,253,-0.033892673201528556
PRAX,0.6911920723306858,254,0.002713083770271796
CON,0.688166299771753,255,0.002958579881656709
VLY,0.6871745999860034,256,-0.011177347242921076
PLUS,0.6814204601442018,257,0.015774784613517667
HAL,0.6807738677091623,258,0.03144467517057259
RKLB,0.6748920749857946,259,0.06481613964801825
SON,0.6699154263216416,260,0.016043723554301836
SANM,0.6698103604473299,261,0.007702794819359315
NXST,0.668989650618944,262,0.020008568980291352
ZETA,0.6683293885638522,263,0.034617896799477466
INTC,0.6678941026584092,264,-0.015591165006496266
RPRX,0.6671877100059143,265,-0.0015415106804667067
RNG,0.6651503564550415,266,0.0193103448275862
UGI,0.6648293503397376,267,-0.012956724540036269
CTSH,0.6610269833116871,268,0.025007671064743775
TPB,0.6591883489812304,269,-7.540340823397607e-05
CECO,0.6588626438425247,270,-0.006588116052198334
LEA,0.6588438518206094,271,0.001463057790782818
TROW,0.6577408861057878,272,0.01193902569022498
NOC,0.6542880669248406,273,0.033817320858055666
FRPT,0.6496132340142226,274,0.017854651973775892
JOE,0.645297641161823,275,-0.00576571508929824
ISRG,0.6435579573345039,276,0.015019762845849716
MC,0.6416066121085827,277,0.013966037136962317
TARS,0.6414687474777092,278,0.007805033450143384
IEP,0.6385451873530724,279,0.005006257822277815
CPRX,0.6363538353795711,280,-0.014204545454545525
MRP,0.6337234177741056,281,-0.004757373929590969
PRU,0.6334760563722426,282,0.01026435557277039
DBRG,0.6333685791244812,283,0.0
LXP,0.6332857964313239,284,-0.00888797023563459
OMC,0.6330260643789556,285,0.032068255369226195
KNX,0.6327346644715748,286,-0.008851035404141672
MGM,0.631696046077499,287,0.08520571928800691
GBDC,0.6308736878701205,288,0.002448979591836764
LVS,0.630739347606026,289,0.02294853963838661
ACAD,0.6304410517064658,290,0.01089324618736387
DG,0.6299363389041486,291,0.015633351149118235
DCI,0.6272466735274307,292,-0.006900993743099049
AZZ,0.6204861876018511,293,-0.03202846975088969
LUMN,0.6196178205450038,294,-0.012360939431396711
BKV,0.6133727369058201,295,0.0006675567423231055
SCI,0.6120765444376055,296,-0.004100907170374035
REGN,0.6016109306597719,297,-0.001726462767633219
SSD,0.5995752982401206,298,-0.01300781439596177
PLD,0.5989871545164221,299,-0.015094871975735447
CBOE,0.5977618868847793,300,0.0052427867698803254
XMTR,0.5949800343453093,301,0.03241984596095304
DVN,0.5920385038112826,302,0.009082652134423164
CG,0.5887638501552773,303,0.012168141592920234
INGR,0.5887215817947056,304,-0.0004292950974499332
COCO,0.5856956173399234,305,-0.11429582448690734
SAM,0.5855009560385536,306,0.008631479003927245
EEFT,0.5849066823898473,307,0.008646350106307654
ROL,0.5825380485743417,308,0.00282956058588546
SHC,0.5824184378287782,309,0.021064950263311788
CUBI,0.5761250200531873,310,-0.0032449972958354945
SXI,0.5720601543984659,311,-0.01588962523737536
PVH,0.5716513417451295,312,0.00014423770373572786
HP,0.5675858345157188,313,0.04443110177123977
ELV,0.5651280946603646,314,0.004234584372643457
YETI,0.5648346532485651,315,0.029577171422620285
SEI,0.5646713687424362,316,-0.033117624666920475
EVR,0.5611505228349254,317,0.034467672885222456
FROG,0.559769606391573,318,0.0008408660920748989
TPG,0.5579259320341587,319,0.022174840085287917
SJM,0.5572079115513938,320,0.013839201656938416
GNTX,0.5570602821036459,321,-0.002844372206420198
TEX,0.5550136995218,322,-0.006473888649115245
SKYW,0.5483878352867583,323,-0.019733780135902435
AMRX,0.544805787818313,324,-0.022383146807109955
KTB,0.5439609036339638,325,0.01268656716417893
ATMU,0.5420314940866339,326,0.0023404587299109547
MPC,0.5413095285553947,327,-0.004836940261294553
BSM,0.54040225159818,328,-0.02688524590163932
OGE,0.5397686775993458,329,-0.0087420042643922
ASO,0.5392560866195185,330,-0.01221348502593278
CPAY,0.5382976146152287,331,0.019503080202037948
DBX,0.5382062081449939,332,0.008169934640522847
KNF,0.5357882846710734,333,-0.034585506012557166
AMAT,0.5343222612673338,334,0.02831843622086705
GPN,0.5321013344737804,335,0.1646839615880753
ARW,0.5291832402323299,336,0.001570783428234801
REYN,0.528437674707457,337,0.014388489208633004
CF,0.5268268392253166,338,0.02164409851796556
VSEC,0.5263322321666616,339,0.019311896503234394
SIGI,0.5255524201420114,340,-0.014906401663970503
GEV,0.523945770479955,341,-0.0019532442165659525
PTCT,0.5214685115955361,342,-0.0034697123030215105
KEX,0.5194115570243194,343,0.008841174613198444
IBKR,0.51830028113536,344,0.021967526265520565
HXL,0.5164330084729383,345,-0.012474713418745731
PAGP,0.515084228636046,346,0.005957836846929299
EBAY,0.5149038463777972,347,0.0278924327704817
SAIC,0.5131933964996436,348,0.03991547311575472
ACT,0.5122962516888135,349,-0.017637502900905155
TMDX,0.5115297736916018,350,0.012554177253026433
LAUR,0.5108886763783179,351,0.010071942446043147
BWXT,0.5034319668345104,352,0.005768561340693257
APLE,0.5024017553894469,353,-0.0016273393002440573
DINO,0.4990972345659794,354,-0.10855661192739852
NDAQ,0.4977629548630791,355,0.023554336989032976
HPQ,0.4960831549769148,356,-0.007571660356949561
MMS,0.4956612138636863,357,0.04049758120248792
FBIN,0.4953909164766326,358,0.024738344433872683
IBM,0.4920563007078687,359,0.009600867175099781
GS,0.4850469658224794,360,0.01931138378236774
BG,0.483795809546006,361,-0.0009025270758122872
THG,0.4834499094101411,362,-0.002743641040297118
DY,0.4811133859832444,363,-0.023080747106029365
MPLX,0.4809651078596965,364,-0.011333914559720992
INGM,0.4808966394134938,365,0.02055114432508187
HIW,0.4806402196705061,366,0.006971677559912903
UHAL,0.4777956751303271,367,0.026467661691542244
OII,0.4751697588695374,368,0.02255871446229918
FCN,0.4742024802642014,369,0.01491605816638586
CRS,0.4717478940029833,370,-0.007015578318395166
DD,0.4681552719735826,371,0.009435816787890738
CNX,0.4678039211304324,372,0.009289480291237773
RH,0.4673368367153143,373,0.017679187428133458
CRUS,0.4666942520475579,374,0.012063227953410749
TRNO,0.4596918100132998,375,-0.008611572745127583
LKQ,0.4590071478708363,376,0.021839434020301418
APH,0.4580861923722064,377,-0.005653900518274191
ALAB,0.4551204819996027,378,0.04761904761904767
T,0.4538607201435694,379,-0.02789400278940035
NVST,0.4462382650260906,380,0.01531884574278597
WK,0.4460801487972782,381,0.0024137931034482474
POR,0.445138306850362,382,-0.030060882800608923
EXAS,0.4430780324744015,383,0.00048398025360563146
AXTA,0.4425114172220868,384,0.017739628040057243
HASI,0.4399809937208818,385,-0.03697093319734823
SSNC,0.4397983065378798,386,0.018054583624912413
MMSI,0.4397086529092407,387,0.01703640151979413
SLM,0.4356437192159018,388,0.0
SWK,0.4331125535970641,389,-0.011771177117711806
RKT,0.4327957312809824,390,0.004354926510615087
IONS,0.4318488687662912,391,0.010570304818092513
OSK,0.4283567048122135,392,0.018460259986941452
CHRW,0.4267790442748509,393,0.04780696809110396
NYT,0.4261377749920559,394,0.01985681480480883
SNDR,0.4221514283089518,395,-0.0010416666666667185
DAR,0.421678835534083,396,0.013733568765940785
VZ,0.4183538319891572,397,-0.017984876353975165
CGON,0.4172402414439691,398,0.02487469834787448
ULTA,0.4168952758735809,399,-0.02461730001980711
KLAC,0.4158057207201398,400,0.006876662200123729
COLB,0.415252041965139,401,-0.00191693290734829
DRI,0.4076567498488598,402,-0.010289947864264182
WSBC,0.4059759517428735,403,-0.004370390603660068
MNST,0.4040232224527873,404,0.003377563329312494
AHR,0.4004091248474967,405,-0.013773584905660274
POST,0.3995374276718676,406,-0.0023963133640553247
MAS,0.3994513806439911,407,0.00722069056058805
ACIW,0.3991260996467407,408,0.00024642681123721033
BLD,0.3970276272284576,409,-0.02194253843613536
NDSN,0.3968080883211345,410,0.007948001212406908
RRR,0.3965572734938264,411,0.037986704653371284
YUM,0.3933493425811982,412,0.010670637136298788
AWI,0.3923148202649097,413,-0.007819594390071738
SPHR,0.3914884507965034,414,0.004620346961903943
MRK,0.3903191930763871,415,0.0007403142222588421
OMF,0.3866787200818332,416,0.007088428141059699
PFG,0.3864333766372776,417,0.005109806479669521
CNA,0.3850731828769484,418,-0.006846556584776398
ATEC,0.3848859784755865,419,0.002962962962962834
GH,0.3823130410279734,420,0.0028942208944076064
ED,0.3798304010641309,421,-0.020277387640449507
KFY,0.3794435020832446,422,0.02135985651394101
EMN,0.3792905400964323,423,0.01453672102136272
JNJ,0.3792840884979657,424,0.006822011260428251
LMT,0.377004069070659,425,0.00035407494073069756
SITE,0.3751809937419156,426,-0.007425258907054144
KMT,0.374002937581688,427,-0.015360983102918668
WSM,0.3727574721694545,428,0.01010291757152304
AMP,0.3716686433983099,429,0.01922010324672563
RSI,0.3715059754053963,430,0.07319952774498217
VSCO,0.3682072798114177,431,0.03263750828363143
LUV,0.3646765232008119,432,0.00995208256542579
PFS,0.3644588493192029,433,-0.004766031195840514
OHI,0.3641706630388555,434,-0.024217118997912235
PNW,0.3629275693865461,435,-0.013550409545960207
GIS,0.3616581783466078,436,0.008896797153024938
RUSHA,0.3568147697281819,437,0.028567347521782693
OSIS,0.3543657792434124,438,0.03549021090029503
TXT,0.3541366108601056,439,0.005516549648946878
SIRI,0.3535668263916997,440,0.0023786869647954845
MUR,0.3529810751470446,441,0.03944896681277399
EXEL,0.3524352244210296,442,0.008847549909255958
CW,0.3521765188947525,443,0.004156976744186025
TECH,0.3518539370286139,444,0.014188034188034049
IQV,0.35185262522206,445,0.04025784480661643
WAL,0.3495133168196531,446,0.004015639860509346
GTM,0.3457986411953512,447,0.016949152542372836
EWBC,0.344118177060018,448,0.016971825098236026
EBC,0.342413242724993,449,-0.011111111111111183
AIR,0.3390453638627219,450,0.009600140919499678
CROX,0.3385675057113353,451,-0.017313851080864695
UBSI,0.3376258287373235,452,-0.007010402532790616
LBRT,0.3372930670632053,453,0.016491754122938573
ELAN,0.3342015783538085,454,-0.0032180209171358554
AIZ,0.333316692907096,455,-0.006062251176257694
VC,0.3326088493598444,456,0.018031843468252484
GAP,0.3311589348596452,457,0.01521739130434785
DKL,0.3311416559175537,458,0.003316138540899072
RMBS,0.3298029189792272,459,0.02344286414909269
HST,0.3253805777255522,460,0.012493753123438367
SAIA,0.322713609735655,461,0.005149993562508115
KHC,0.3215378464223685,462,0.007148864592094073
CASY,0.3211884189051506,463,-0.005819841881698484
LNT,0.3211739875811232,464,-0.02208157524613208
RYN,0.319899977100465,465,-0.006342494714587699
LLYVK,0.318986948821358,466,0.004670417153168627
ANF,0.3155291320769809,467,0.016682605461693756
XYZ,0.3133336818526203,468,0.05491045069868128
CTRE,0.3117546221851719,469,-0.02358949416342415
ILMN,0.3111213546855079,470,0.030726976225216696
MAIN,0.3106574484567455,471,0.014193984454207609
ADT,0.310646149996002,472,0.014193548387096744
CAH,0.3098797824873539,473,-0.0026154800957531865
CEG,0.3096762233608369,474,-0.029569981188739547
COF,0.3092934273826488,475,0.015188159040340432
LOW,0.3089443000616713,476,0.0034499928866125185
TXG,0.3085702224436246,477,0.05102040816326525
COGT,0.3060584247691038,478,0.01940457203615109
EVRG,0.3058405218173385,479,-0.013617960986382016
ALRM,0.3053375546102768,480,-0.004404316229905225
SITM,0.304638650397143,481,-0.008042506943605754
BPOP,0.3041856280389006,482,0.006763285024154575
LHX,0.3041221106159164,483,0.015955451686430644
MUSA,0.3040409533843153,484,0.0166172569823686
WES,0.303967034310048,485,0.0038874914246513903
GEO,0.3026596895825966,486,0.004115226337448652
CAKE,0.3014833190386521,487,0.024136828644501174
PH,0.3011827243344954,488,-0.012307783707781628
UFPI,0.3007927057332507,489,-0.004202056325435799
NE,0.3004208187263162,490,0.018173452956061542
HAS,0.2981232279485184,491,-0.01036877628876065
GD,0.298113599329998,492,0.020349176690412252
CPT,0.2980090819549438,493,0.0018455292054995187
CFR,0.2979919837609889,494,0.0010401497815686334
OZK,0.2941127448592672,495,-0.0006059381943042119
CBT,0.2935274630869138,496,0.007083667468591237
HSY,0.2935253249991576,497,0.012032816773017263
ECG,0.2919241540490623,498,0.00531862503693481
YOU,0.2911938381651979,499,0.025846153846153852
EA,0.2908712523694776,500,0.0035082443742795455
STLD,0.2905100948050525,501,0.004272613588995444
RF,0.289550356276297,502,0.009402283411685586
DUK,0.2872739440550625,503,-0.011601294294057318
AFL,0.2867151517693491,504,-0.015595217466643496
JLL,0.2861115540246244,505,0.09618938046926773
PSMT,0.2830195898940356,506,-0.003145890680299024
RTX,0.282106838309538,507,0.006437346437346392
NSA,0.2799206256601325,508,0.005576753742295271
DLTR,0.2795735653725129,509,0.031279178338001756
MCO,0.2783406763160295,510,0.06507253910495714
ARMK,0.2776134263133907,511,0.022663610898904896
PCG,0.2767777187891614,512,-0.007769145394006638
VNO,0.2766945090425459,513,0.024465885596140602
ZION,0.2761084704560869,514,0.008288639687957122
QLYS,0.2732527957203076,515,0.004619382157636354
CME,0.2728760551295838,516,-0.002242522177884787
TKO,0.2725438426731891,517,0.014942419339488033
UMBF,0.2719634690833356,518,0.0007043907020427564
TCBI,0.2705117980739838,519,0.005365526492287165
CFG,0.2692294955169416,520,0.010094735207330396
WWD,0.2672372945786913,521,0.013587518082248451
UNF,0.2634478644452311,522,0.012506819994124285
SFNC,0.2631446904760179,523,0.0
ABT,0.2592214248357545,524,0.009175129164439744
USLM,0.2588824116441871,525,0.0017040613462084853
AVNT,0.2573577732975801,526,0.005576208178438735
FANG,0.2568693517527872,527,0.0321490005338394
CALX,0.2565926316979969,528,0.005161536991014959
CATY,0.2550729810160296,529,-0.00520446096654259
USB,0.2538701131865986,530,0.01014268523293782
BOKF,0.2532874754039825,531,-0.001123090745732247
CQP,0.2489347382609678,532,0.009012072776738655
FIVE,0.2481267516439549,533,0.008847891566265087
UDR,0.2480118773787882,534,0.006578947368421018
AME,0.2460586951106716,535,0.004200060000857153
ORA,0.2443297819227835,536,-0.02559974239252938
KBH,0.243981987364045,537,0.0007604562737641984
DOX,0.2436094278065328,538,0.031277404267757936
ASB,0.2434300554073471,539,0.004250797024442088
ADM,0.2431558252283324,540,-0.015312819017062829
BEN,0.2428719902532881,541,0.015278283012004401
UHS,0.2421524887186931,542,0.0007230350459339618
ETSY,0.2403715942535356,543,-0.0069882777276826236
CLH,0.2401812647865134,544,0.026646350527724127
MRSH,0.2396191941252031,545,0.01296707046579093
BCO,0.2385134057199981,546,0.0
DLR,0.2369787978734289,547,-0.021513146923119564
R,0.2362666523000356,548,0.031398843930635856
NEOG,0.2349447882753593,549,0.01455868971792551
BLDR,0.2348594598881569,550,-0.006368315449707618
CAT,0.2347664844514801,551,-0.0167242010565406
NMRK,0.2346230496640957,552,0.06019151846785231
MAR,0.2341738982032609,553,-0.01094626882258154
LUNR,0.2335874333289092,554,0.06738868832731626
DORM,0.2307035807492675,555,-0.00479653411728298
CPB,0.2301854480747352,556,-0.008642419877565644
GEN,0.2300254325355092,557,0.012713722051731713
CHH,0.2284837269129726,558,-0.005544950459049125
NSC,0.2276357165908707,559,0.002024547640136598
GILD,0.2264013178704883,560,-0.01629419720486891
CRL,0.2262041734531521,561,-0.003343215795117649
AXSM,0.2257503787772734,562,0.007855973813420514
MZTI,0.2252241379650403,563,0.015027149892663294
AFRM,0.2240181477829675,564,0.0019379844961240345
PLTR,0.2238136755032804,565,0.017741692978499257
MKC,0.2229448787894148,566,0.011995953172423635
U,0.220554128980255,567,0.010348583877995754
FAF,0.2200670768935997,568,-0.027058823529411802
ESI,0.2185736741204525,569,0.04271123491179196
VTRS,0.21553668437135,570,0.01969504447268111
ATR,0.2135658431471721,571,0.0004941757853864637
HUBG,0.2096004203419191,572,0.03010536879076775
BKR,0.2084750925325016,573,0.028065486134313478
LAMR,0.2082197391090441,574,0.008750094289809107
LSCC,0.2054230538531994,575,-0.002769230769230746
MSGS,0.2032138365440663,576,0.1633194907754103
APO,0.2012623773322835,577,0.0016779864163003477
MRVL,0.200640752697673,578,0.0010125300594860942
HE,0.199873892152846,579,-0.02372262773722633
IESC,0.1979676252500565,580,-0.02068483577917546
JKHY,0.1977014293829151,581,0.0010719465287847285
CWT,0.1974143050218093,582,-0.015702301570230226
CDE,0.1972858331470073,583,0.03576341127922977
FOX,0.1969248664585509,584,0.012790697674418539
MDU,0.1968093194979412,585,0.004440059200789381
SR,0.1957316198104665,586,-0.025164113785558162
FDX,0.1914434516254505,587,0.020730082600586064
JBTM,0.1907298921214662,588,-0.0012862918044834748
PRM,0.1888800958485396,589,0.01851851851851838
FNB,0.1874956325012338,590,-0.0016501650165017256
MYRG,0.1870294170334306,591,-0.03484758804379995
WMT,0.1866586398261484,592,-0.017306946061311557
TGT,0.1850864096572568,593,-0.0075510554316114975
UNP,0.1836264927883787,594,0.008371385083713712
PPTA,0.1831550404627876,595,0.04344729344729359
SEIC,0.1830821538464865,596,0.02822070361933693
MCD,0.1821098931451453,597,0.0008241255112630963
XOM,0.180750734980425,598,0.030713455092687747
STRL,0.1801818886226242,599,-0.025094966761633364
FBK,0.179186663899254,600,-0.006279701289884643
GLPI,0.1786500730835242,601,-0.01184683731753755
MTZ,0.1783627821972024,602,-0.013996193035494375
L,0.1780010976794818,603,-0.016562584849307616
BFAM,0.1778900403223905,604,0.04312628790108919
THC,0.1768205963489142,605,-0.01067235859124871
VRT,0.1762987381102937,606,-0.0013140064879070268
TXRH,0.1751010892256967,607,-0.0001605136436597654
EGP,0.174663818318057,608,-0.007934450033708407
SPGI,0.1716747157041139,609,0.021756608600316696
SYM,0.1715557573591789,610,-0.02368040491684742
TGNA,0.1706636173468451,611,0.0033524904214559115
KEYS,0.1686548615176948,612,0.023209181279064905
EXPD,0.1677887089914949,613,0.016444686055993696
CCK,0.1635881186971126,614,0.034082668600435184
ITT,0.163099565961666,615,0.0012213591284380154
AVT,0.1630862136959869,616,0.0044581091468103295
GPC,0.1607013705162845,617,-0.03841259742325431
GPOR,0.1592675327944438,618,-0.0023571611580835983
MOS,0.1590103320748642,619,0.012379642365887289
CVCO,0.1586799687172103,620,-0.0013497582395051166
WTS,0.1586238805496035,621,0.0013050868034478746
PEGA,0.1572281365188879,622,0.0040449438202248
HWC,0.1517150355819692,623,-0.0004237886707162408
PLXS,0.1512159924558112,624,0.006481245215616216
IRTC,0.1511432701802479,625,0.03728425026968707
ABCB,0.1497375817062482,626,-0.007871198568872972
SKY,0.147241681275483,627,-0.004739824832560524
AUB,0.1464842075759135,628,-0.008190618019359608
URI,0.1462748338827804,629,0.019576498934297026
CBU,0.1453338863435039,630,-0.0265001522997258
MSCI,0.1450535302361511,631,0.045882646308480046
NHI,0.1444455017659678,632,-0.022742254449571453
MTSI,0.1434163119697702,633,0.004764037623681716
EPR,0.1418911703904801,634,-0.022754491017964118
BC,0.1413260534304049,635,0.01802829758101332
LMND,0.1411533757435567,636,0.017649790989317182
CUZ,0.138578673414432,637,0.02621400945423291
WGS,0.1382737608191407,638,0.011095243326376014
HSIC,0.1382366572715884,639,0.010620385960367962
TMO,0.1347046260437194,640,0.0238641121234473
SLB,0.1325301300342489,641,0.0351123595505618
CVX,0.132304547601768,642,0.018388258100249244
CWAN,0.132158841070901,643,0.00872219799389451
BLK,0.132085804989349,644,0.018262839456682833
EW,0.1318860077201806,645,0.006755895474824802
BKU,0.1308084694547581,646,-0.0024415055951169107
FFIV,0.1303844365631699,647,0.02627688668785577
MOD,0.1280033154465628,648,0.003182069728832282
MTG,0.1278732815506559,649,-0.0026070763500931626
LLY,0.1251640814052423,650,-0.01495101587761205
RDN,0.1242449846129404,651,-0.0125267338832874
NUE,0.1224286364273141,652,0.004900893051622779
HGV,0.1222269111210683,653,0.015696944328170703
SPXC,0.1209928653484431,654,-8.278145695361783e-05
ERIE,0.1202411229049546,655,-0.02272326933239399
FITB,0.1191449607175244,656,0.011496419148134152
PHM,0.1190645369727508,657,0.0036728351462069764
OPLN,0.1189892594579224,658,0.002756719503790528
GE,0.1186564215194879,659,0.007643389996331074
NBTB,0.1175721959091583,660,-0.01597024721067608
BRC,0.1162974908004231,661,-0.0026175269605276386
MO,0.1158205950034524,662,0.00345656747820855
EXLS,0.1147416745172305,663,0.022840119165838946
AGCO,0.1134520380405405,664,-0.004620938628158711
WSFS,0.1123020805006771,665,-0.009852216748768461
NFG,0.1116647935277805,666,-0.010439371343352044
PBF,0.1098139227572981,667,-0.022084805653710293
EWTX,0.1086017736442344,668,0.002327127659574435
ALLY,0.1085731470324716,669,0.019617340760474722
ASH,0.1078888528893936,670,0.05246554872986886
ZBH,0.1074557279311527,671,0.011322696860524895
FULT,0.106341413892131,672,-0.005424954792043413
SMTC,0.1058113623005347,673,-0.004220853296828531
AL,0.1054126721109431,674,0.0007723200494287319
MTB,0.1050213662501525,675,0.014844981607987418
KEY,0.1027272889180738,676,0.01152604887044717
ACLS,0.1019779255251756,677,-0.16741116751269025
STAG,0.1019635835432722,678,-0.004689942678478332
WMG,0.1006978289422177,679,-0.008810572687224738
JBHT,0.1003035337681169,680,-0.0002684443649053625
MCK,0.1002938285435594,681,0.0005282787621372353
APPN,0.0996599968294373,682,0.04427083333333326
FLS,0.097951864374087,684,-0.012477718360071388
NJR,0.0976986668339377,685,-0.026772525849335205
FICO,0.0972755320570265,686,0.011342113051198588
LEU,0.0961818339911595,687,0.03671933784800596
APGE,0.0943243120871221,688,0.009046524985640403
FFBC,0.0942898291382473,689,-0.008210180623973717
ABM,0.0936708633989908,690,0.017836983517724114
NMIH,0.0931538741648932,691,-0.009243067699225671
IBP,0.0912125227149241,692,-0.025356718192627747
NTRS,0.0890868215913256,693,0.001969707260748521
KMX,0.0886867502600709,694,0.08047337278106514
BILL,0.0885620084275754,695,-0.004654255319148981
INDB,0.087183319238371,696,-0.008318264014466559
RNA,0.0858415956063431,697,-0.0004117485588800429
BNL,0.0847923086345634,698,-0.017128463476070555
BOH,0.0844531652903239,699,0.0003796026825255705
CTRI,0.0833042042352349,700,-0.012783636944710741
GEHC,0.0820402822759002,701,0.01641955642690851
OTTR,0.0812321039552221,702,0.0006922011998151678
PEP,0.0809361696973783,703,0.015254446640316166
WBS,0.0808470068733487,704,0.005550159567087709
BMY,0.0804001825716567,705,-0.010273405136702607
SYY,0.0793963143837991,706,-0.00468227424749168
AIT,0.079069054442969,707,0.0034493909669073286
PPG,0.077885861821197,708,-0.007199256850905722
BAH,0.07713218754897,709,0.024470034022507248
DOV,0.0763167300575349,710,-0.005016077170417965
VRSN,0.0746863142486475,711,0.010635838150289123
FRT,0.0727688991453189,712,-0.007155635062611743
ET,0.0725996803466497,713,0.013433637829124212
UNFI,0.0703457661555273,714,-0.004575495678698749
ELS,0.0697758798410855,715,-0.01148917366327884
HCA,0.0694521330005695,716,0.00044878267698877927
CHTR,0.068445326736559,717,0.008986962575418644
LFST,0.0665611948513126,718,0.012784090909090828
AVAV,0.0653158340428162,719,0.009391992090953982
MPWR,0.0635495542885936,720,0.012905095552259604
NPO,0.063252134205494,721,0.0069789887890712166
TWLO,0.0630896514146592,722,0.019633145912065775
CHRD,0.0623073353098574,723,0.027054208991249995
TRMK,0.0592553729510588,724,-0.0055778670236501515
PSA,0.0579484470654279,725,-0.009933774834437137
PTGX,0.0569270197716203,726,0.0064273587193790505
KMI,0.0566806260053947,727,0.004979769685651947
ROK,0.0560780093363619,728,0.020567868818698765
WAT,0.0551448252360977,729,0.018977693432473464
WAB,0.0548677131597859,730,-0.0013862682429051087
TXNM,0.0539826444941828,731,-0.0013483903590089108
SSB,0.0526160236287268,732,-0.004034194601863383
EME,0.0522199275088434,733,-0.018106583072100335
AAON,0.0518335089117441,734,-0.004864759680871744
LNG,0.0516863805386799,735,0.021505867311994997
PSTG,0.0509572903448993,736,-0.0012381345439538283
CRGY,0.0506588944125289,737,0.033132530120481674
LH,0.0488123640454272,738,0.007554125853905358
USFD,0.0472200629051164,739,-0.0053547523427041055
UPS,0.0469679653024833,740,0.005280928058176704
WYNN,0.0462601010437176,741,0.016695804195804076
WTFC,0.0429405841889076,742,0.007601351351351537
AVB,0.0427544472006624,743,0.00230790880945686
ICE,0.0421365461028897,744,0.011405109489051046
VRDN,0.0418212484771428,745,-0.006362672322375418
BAC,0.0386261073191237,746,0.01175578308684111
RPM,0.0382124752733177,747,-0.005527210884353706
HTH,0.0370725199457454,748,-0.00898818695428849
RIOT,0.0329630220367839,749,0.05733788395904438
SBUX,0.0318905512355261,750,0.0038788132927980445
AVY,0.0315601934873656,751,0.005247183497093522
ESAB,0.0307733203845916,752,-0.004196957206025642
TNET,0.0307424949093696,753,0.018438697318007735
EXP,0.0306028900949952,754,0.007705032213129126
ANET,0.0300223705410289,755,-0.02132136344508362
OKTA,0.0290168531487585,756,0.005699733203977875
ADBE,0.027585726247484,757,0.010443463236705863
WPC,0.0257390117854812,758,-0.0373516720604099
FNF,0.0240283513364498,759,-0.024364775495997137
ROKU,0.0210471350067595,760,0.01840144502144958
NTAP,0.0207435907626935,761,0.0024735331948155803
VMI,0.0192921261552105,762,0.024799531489323456
MSTR,0.0184274434017881,763,-0.026968213258723783
CSX,0.0180884541503704,764,0.008042895442359255
BRX,0.0178421616240011,765,-0.012158054711246202
AEE,0.0175446079891245,766,-0.02017369278089387
UCB,0.0172283269590517,767,-0.00889016346429583
CLX,0.0169355561538912,768,0.0019518542615486467
INSM,0.0166021900987774,769,0.003919744884400833
BRO,0.0163756548414803,770,0.012494551794275832
FUL,0.0148001386323741,771,-0.0002988643156006665
MDGL,0.0129808329617287,772,0.008557005663629713
CR,0.0121070517231941,773,0.0016493402638944055
DTM,0.0116662693831646,774,0.006257067470787581
STZ,0.0112429555007618,775,0.023510150622134907
TTC,0.0111924327866771,776,-0.009482930724695526
CNM,0.0104772663864983,777,-0.0076788830715531775
ETR,0.0104117554013902,778,-0.01962849482956719
TMHC,0.006517772363898,779,-0.009693053311793154
CDNS,0.0058686064953747,780,0.07602483595569054
SCHW,0.0056432105051527,781,0.024709926944563865
ITW,0.0047267225370902,782,-0.004236433326608835
CNS,0.0013294305649947,783,-0.0015114873035065868
GOLF,0.0012945930349518,784,0.0063316582914572095
FHN,-6.141728878413635e-05,785,0.012913640032284013
NNN,-0.0012938236892202,786,-0.02701495869613757
CFLT,-0.0017799009680256,787,-0.0013029315960911836
AMD,-0.0018788862875835,788,-0.014575536734291905
FHB,-0.0025111746099366,789,0.0018939393939394478
MTDR,-0.0026982435107513,790,0.04726735598227472
AOS,-0.0028342734911788,791,-0.00641751604379015
HRI,-0.0038478676887105,792,-0.01985078603783652
MIR,-0.0054725769531224,793,-0.024556616643929052
GFF,-0.006353703443111,794,-0.027696318018898602
PNC,-0.0107869007695458,795,0.006486766995329463
ULS,-0.0117008638561371,796,0.009063871972808446
WOR,-0.0118325337654857,797,-0.026396983201919855
KO,-0.0137879739243068,798,-0.0008798391151333407
BBIO,-0.0138915888786193,799,-0.025313117996044632
MWA,-0.014826402481571,800,-0.008623548922056301
PFGC,-0.0159925065637899,801,0.0014213197969543678
EQR,-0.0161933263262302,802,0.0017328292375551335
VRRM,-0.0174865765945471,803,0.010393873085339012
WY,-0.01939564175632,804,-0.022693452380952328
LAD,-0.0198726706539045,805,0.01361945256444308
CHDN,-0.020269794458816,806,0.030919631692622573
SKT,-0.0207096044849232,807,-0.010885133199656116
EQIX,-0.0213355721249857,808,-0.029129069193357005
IEX,-0.0242680622786185,809,-0.0010993738349027726
ATGE,-0.0261768895505133,810,0.021131917564598757
VNT,-0.0280389195424838,811,0.008124076809453706
VST,-0.0300122587303072,812,-0.017906494702901954
KYMR,-0.0311629980467712,813,0.0031824611032531536
DELL,-0.0312499222441232,814,0.005943664398311732
HWM,-0.0316705917465773,815,-0.012670758265689974
AWR,-0.0317504816856473,816,-0.019764957264957084
PCAR,-0.0321870148882277,817,-0.010670249762883333
CRM,-0.032909175520733,818,0.01899180639209952
TRGP,-0.0336731370456046,819,0.014846850060189931
PRI,-0.0337609016061164,820,0.0020060180541623396
WFC,-0.033972061027388,821,0.01327231121281458
C,-0.034417079261281,822,0.02188433819651947
TFC,-0.0364176669589651,823,0.009386973180076419
AM,-0.0376041484170676,824,-0.02237762237762242
BALL,-0.0382725391739055,825,-0.003606311044327515
FBP,-0.0382826775295508,826,-0.0035460992907800915
SFD,-0.038512005085772,827,-0.01242983159583011
VTR,-0.040118495724535,828,-0.013235124870526027
ALNY,-0.0436036427005952,829,0.00021045669101948938
RRX,-0.0447074455966353,830,-0.0026934489842501685
META,-0.0450978497188536,831,0.006147444821599013
PRVA,-0.0461079007893379,832,-0.013586956521739024
NTRA,-0.0472763280464153,833,0.020260355029585897
CELH,-0.0475011905957787,834,-0.010931450694602551
LW,-0.0496417682486994,835,0.01411374014113731
XEL,-0.0509603000977027,836,-0.013250773993807918
BFH,-0.0523237068546483,837,0.017359212684527225
JBL,-0.052398377820764,838,0.012198912198912337
GBTG,-0.0529510524527238,839,-0.00910746812386154
AEP,-0.0531269677536617,840,-0.022804054054054168
PAY,-0.0534531371685451,841,0.040051129100979965
HAYW,-0.0549787388306815,842,0.007888349514562965
ADMA,-0.0564381638094084,843,0.0025078369905957576
HLT,-0.0573406440324172,844,-0.0061040840727455414
WELL,-0.0578913856892999,845,-0.03197512530165203
FCPT,-0.0596530250337658,846,-0.013567438148443745
CACC,-0.0603357810547415,847,0.028777271247150793
SBRA,-0.0607630725264489,848,-0.027197668771248074
CNO,-0.062395764788646,849,-0.0018552875695732052
ODFL,-0.0624719685437929,850,0.0025346575625906365
PG,-0.0636009935089939,851,-0.0168599185208399
WH,-0.064238502105277,852,-0.0011203784389394178
BL,-0.0655312571211282,853,-0.0056239957150509
TKR,-0.0661330807491958,854,0.016012886109531888
CSL,-0.0662357203863193,855,-0.00595500661667403
ONB,-0.0663548007140668,856,0.001205787781350498
DOC,-0.0673372345992473,857,-0.00580720092915199
NRG,-0.0673966814481709,858,-0.013779187085615319
FR,-0.0682523569184916,859,0.005828476269775118
EXPO,-0.0689055918595898,860,0.022409778812572778
AGYS,-0.0697627983243197,861,-0.004988153136301188
EXR,-0.0699399897352346,862,-0.0179924242424242
J,-0.0710503275727089,863,0.03686061849626254
GNRC,-0.0723386749701449,864,-0.021888117878865798
ENTG,-0.0737354524593678,865,0.017983945662241263
UBER,-0.0737406591623834,866,0.03175953494966666
AKR,-0.0749364130167499,867,-0.012658227848101222
RJF,-0.075527514878082,868,0.01980636587989615
AX,-0.0770124957558218,869,0.0013325133251331778
MTH,-0.0778448919386466,870,-0.014348097317529729
TMUS,-0.0791412447983224,871,-0.028960429852921132
WAFD,-0.0799395659609486,872,0.0015133171912833365
TDS,-0.0801281348145976,873,-0.029222174473571116
CVNA,-0.0804582312648947,874,0.030176098478372326
NNI,-0.0804718333801304,875,0.004279382546232391
BCPC,-0.0805272091420858,876,-0.011142061281337101
HCC,-0.0805732857994549,877,0.025435704192180886
APG,-0.0820991475261594,878,-0.006076975016880537
OKE,-0.0834344154500861,879,0.01378343651442604
O,-0.0861969874071969,880,-0.021356594976688292
VLO,-0.0883649354265157,881,0.01074288030809778
CRDO,-0.0904234844891156,882,0.024919871794871762
GKOS,-0.0904521855352639,883,0.1346586646661665
MET,-0.090548432825427,884,0.008144566047340263
KBR,-0.0926390557094037,885,0.021570528356761987
CTRA,-0.0937184427206253,886,0.012874155133569376
GWW,-0.0939576017562994,887,0.001607461447421743
OPCH,-0.0962705132452582,888,0.007377979568671922
FELE,-0.0965515453186848,889,-0.022585502258550272
PATK,-0.0979454080255989,890,-0.015465024701081131
FTV,-0.1019082169908313,891,0.026755852842809347
CUBE,-0.1054895007424249,892,-0.004375804375804426
PANW,-0.1061847017142382,893,-0.0681957186544343
BROS,-0.1084024726127272,894,-0.003544114903935802
IVT,-0.1090495489428213,895,-0.016731016731016735
XYL,-0.1130432555604645,896,0.008269620845685832
CGNX,-0.1136236785510408,897,-0.006480994920301408
AYI,-0.114250626829,898,0.007166730942280264
ABG,-0.1148515010533291,899,0.010466138962181182
PCOR,-0.1159408020366855,900,0.01628040605248038
HUBB,-0.1162524379740378,901,-0.0037195994277540168
DLB,-0.1165287685733826,902,0.018381775333856876
ADI,-0.116680640322767,903,0.026251074042250577
WHD,-0.1180113114749083,904,0.013335672925074649
ATO,-0.1204845044353389,905,-0.011762094984465232
ONC,-0.1221094988714251,906,0.01180747336977972
OKLO,-0.1236580832467465,907,-0.003696037847427558
GXO,-0.1237691152832538,908,0.0007649938800489142
PTC,-0.1328860509866341,909,0.015875089828183198
NWE,-0.1349273956330381,910,-0.011836027713626018
BX,-0.1350115935313797,911,0.011492503234645124
HD,-0.1367248362883905,912,0.0012531328320801727
ORLY,-0.1381748016781635,913,0.0016198704103671524
SHW,-0.1385421647098816,914,-0.00592487905636796
MSM,-0.1398175518233865,915,0.001176848186583923
CRC,-0.1405225477125874,916,0.02331331684916993
PODD,-0.142265959960554,917,0.047617114557116036
SARO,-0.1446911802300534,918,0.007087628865979356
A,-0.1454133176098765,919,0.02478404779204002
KIM,-0.14629203834728,920,-0.021166306695464265
PAG,-0.1491993950526825,921,0.015518386570859244
AIG,-0.1496010433391947,922,0.004911838790931933
KDP,-0.1503197360419435,923,0.000343288705801692
ADSK,-0.1511032445830092,924,0.01961654535771351
MHO,-0.1521685291139784,925,-0.017991004497751262
EMR,-0.1529430458225418,926,0.01538461538461533
SNPS,-0.1541711559615883,927,0.04825216257850462
SUI,-0.1548269647664504,928,-0.011257321061839076
CUK,-0.1551092393355228,929,-0.004307692307692346
AJG,-0.1555529047899369,930,0.0022897196261681962
GTES,-0.157204961887967,931,-0.007317965605561638
VRTX,-0.1573414260272198,932,-0.014686164418000525
GATX,-0.1574979933075872,933,-0.016641686908884123
VIAV,-0.1578801439729861,934,0.0011406844106462977
EXC,-0.160935075524897,935,-0.016652789342214813
ROST,-0.1617362870775219,936,0.010947984460925264
DPZ,-0.1626409242136446,937,0.025408299866131134
MANH,-0.1629008655496998,938,0.010096730918590646
NEM,-0.1647687496764835,939,0.019458752350584474
IRT,-0.1647789576931348,940,0.007921998781230899
BTU,-0.1669747073327136,941,0.027469135802469236
MGRC,-0.1672988078756017,942,-0.01273722003761335
OXY,-0.1682397888483148,943,0.025468001741401958
IPAR,-0.1696207863185067,944,0.003771712158808782
NET,-0.1718361191815032,945,-0.011565468814539459
CSW,-0.1724184183744359,946,0.03352715155224595
IDA,-0.1737494889692712,947,-0.00964225824482945
LYV,-0.1738380086829554,948,-0.011108995112042108
GGG,-0.1738476554974758,949,-0.009331919406150524
REG,-0.1744048492316421,950,-0.019043917605907512
TRU,-0.1746817346130689,951,0.0054441641216305126
CXT,-0.1750738084599966,952,-0.0065727699530516714
IRDM,-0.1769340342398375,953,-0.01954951126221849
CHD,-0.1781225872934179,954,0.02783061367504258
QRVO,-0.1787058636400274,955,-0.0027286748131450933
LEN,-0.1787339327813342,956,-0.0014822134387351138
HEI,-0.1792814104745902,957,0.014857210640254026
IDXX,-0.1808624018854603,958,0.01394190076177404
CHEF,-0.1809696368806562,959,0.011976047904191711
PAYO,-0.1824312833917612,960,0.033644859813084294
BKE,-0.1825454588376306,961,-0.011323556710599592
TSN,-0.1835888564754348,962,0.016852146263911072
GRBK,-0.1836486822704487,963,-0.0017612278273996251
ENSG,-0.1843877495176369,964,-0.011813432484585995
ALGN,-0.1845050010185177,965,0.01922871488088873
CURB,-0.185079448655267,966,-0.01514591799039533
OVV,-0.1852997368874282,967,0.06510416666666674
BIIB,-0.1856561844475187,968,-0.007616808097331562
DASH,-0.187289248292325,969,0.0680054207219416
FRME,-0.1886153110478716,970,-0.005876821814762567
KMB,-0.1895595175056083,971,0.02213541666666674
NBIX,-0.1896440441824001,972,0.004852849092047418
CRWD,-0.1899302482142265,973,0.0035482391561465487
SYK,-0.1911043557021899,974,0.022048865052277877
MTD,-0.1913013866770274,975,0.016501138009517913
LECO,-0.1938051679545256,976,0.006161450899850429
MASI,-0.1948816266595553,977,0.00526647203617836
ECL,-0.1987459679017865,978,-0.0039828834759711995
KAI,-0.198807641083312,979,-0.03909927738298691
FCNCA,-0.1990133824025532,980,0.03482712024473922
MLM,-0.2005581985894673,981,-0.007201476302642007
ON,-0.2019122324441828,982,-0.01806559199555302
KKR,-0.203663951702019,983,0.010238907849829282
NOV,-0.2058775613742058,984,0.04824331410592553
VICI,-0.2063303013835366,985,-0.0046885465505693835
ESE,-0.2072543107832859,986,0.015075187969924686
AZO,-0.2077395667356867,987,0.0007055050774986693
VMC,-0.2104662792492371,988,-0.009463304877241785
RBA,-0.2113185806942294,989,0.03257109915449652
IT,-0.2114889903410511,990,0.03166986564299412
EPRT,-0.2125932711777515,991,-0.011012542061792585
SNEX,-0.2129244312932955,992,0.012570163649300525
ZWS,-0.2148590618820045,993,0.0017605633802817433
RNST,-0.2150962868214216,994,-0.01131611316113168
KD,-0.2153874692361906,995,-0.034584253127299514
AMH,-0.2179029985367943,996,-0.004444444444444473
PKG,-0.2179779758451352,997,-0.005574738944127855
CNP,-0.217988565345641,998,-0.0168815943728019
ADC,-0.2197238993683569,999,-0.03132499684223822
CRVL,-0.2206830670817098,1000,-0.021818181818181737
ESS,-0.2224017785504182,1001,0.011170317742253744
ZG,-0.2227764043448212,1002,0.021141168447374348
EOG,-0.2234685184766266,1003,0.02104384133611692
RHP,-0.2240436412380153,1004,0.000489811912225635
POOL,-0.2247789069854613,1005,-0.0005088859312611937
NWS,-0.2257636822291009,1006,-0.001519756838905706
DXCM,-0.2273387981130786,1007,0.033650433054096096
CMS,-0.2291504247809625,1008,-0.012230405049973747
HOMB,-0.2316112383266197,1009,-0.009510869565217406
SNOW,-0.2318745604210677,1010,-0.0057594579333708484
DHI,-0.2330961994850485,1011,0.0057730470864152394
TDY,-0.2335079467645303,1012,0.020497420497420427
CDW,-0.2362224376629956,1013,-0.006871753895325572
ES,-0.2367447043928615,1014,-0.017937833766945133
INVH,-0.2378941182594127,1015,-0.011053795136330202
NWSA,-0.2389975150772621,1016,0.006899525657610983
PM,-0.2408961674601244,1017,-0.005336237408113398
IR,-0.240903408105585,1018,-0.015795868772782495
ARCC,-0.2425819955883673,1019,0.0056994818652849055
SNA,-0.2452305927623016,1020,0.006995205533286253
APPF,-0.2453521811244185,1021,0.04733692754310104
SOFI,-0.2461748803010794,1022,0.0015376729882110585
NCLH,-0.2474649668402529,1023,0.010373443983402453
CART,-0.2487513195136529,1024,-0.011165577342047817
BBY,-0.2494682370893242,1025,0.012254160363086353
RVTY,-0.2510024750559445,1026,0.02830089426617577
D,-0.2511735305545251,1027,-0.014166031987814298
GFS,-0.2530620850025322,1028,-0.03463293239319787
NEU,-0.2533108255132463,1029,0.014454818272757741
TBBK,-0.2567088106517414,1030,-0.03239885848581503
IBOC,-0.258043788626916,1031,-0.006615214994487362
AMR,-0.2611713666107714,1032,-0.003417672675155803
COR,-0.2625469066160937,1033,0.0007222824124233362
DIS,-0.2634441712651003,1034,0.015743550834597775
OS,-0.2652608130064551,1035,0.0068405301410858765
MHK,-0.2680251321139596,1036,-0.006898643014176309
PI,-0.2710261915728404,1037,-0.024894949655117737
RS,-0.2715034203408849,1038,-0.011342932706435493
HBAN,-0.2719023180919653,1039,0.02404121350887256
NI,-0.2763778003531015,1040,-0.03018625561978172
WTRG,-0.2775840330012301,1041,-0.016161616161616155
MGY,-0.2776667803772361,1042,0.014994232987312506
ELF,-0.278239392676789,1043,0.00870760769935841
MAA,-0.2782765600171089,1044,0.005282345063611471
REXR,-0.2799042216078823,1045,-0.009315943571998941
DGX,-0.2819218298133168,1046,-0.005353058542994948
BAX,-0.2819564439552333,1047,0.05448408871745425
DHR,-0.2827271192933312,1048,0.010660980810234477
WMB,-0.2829342556302367,1049,0.002501389660922726
FIS,-0.2834311464071404,1050,0.022306397306397274
MSA,-0.2837886986832015,1051,-0.011625606015632672
RGTI,-0.285557813953444,1052,0.03784477228992933
PB,-0.2856992176348512,1053,0.00645870551051253
LPLA,-0.285814012624236,1054,0.031006548930755162
PBH,-0.2858633616864106,1055,0.0037724460540213833
COP,-0.2888580139008747,1056,0.015995587424158852
EXE,-0.2903703377779806,1057,-0.03143552311435527
LII,-0.2921542132978101,1058,-0.020530503978779868
Z,-0.2924672556868996,1059,0.022970206959290307
CL,-0.2927249989548372,1060,-0.0007318348144276232
WRB,-0.2928784667622718,1061,-0.0033783783783785104
GRAL,-0.3029862431766776,1062,0.03281833787741095
AAPL,-0.3084616350035621,1063,0.0017811126269517974
NVR,-0.3094106894639423,1064,0.013760948659210293
WM,-0.3103891996086366,1065,-0.00493155343933338
RBC,-0.3131390824994275,1066,-0.002314940408369881
AWK,-0.3131588713888497,1067,-0.017601677776945546
VOYA,-0.3132210848746125,1068,0.014921360397903038
JPM,-0.314355144090473,1069,0.005372317910982138
SAIL,-0.3152975547541927,1070,0.02811501597444077
IOT,-0.3166934220870881,1071,0.029434250764525993
DOCU,-0.3176600451736728,1072,-0.00862641008626408
KVUE,-0.3179910439359829,1073,0.025529603476371454
ASTS,-0.3182362318544696,1074,0.016861375406479695
SNAP,-0.3186085224291674,1075,0.031712473572938604
WDAY,-0.3203533345675486,1076,-0.003423700391280149
TEM,-0.3245495635673049,1077,0.06849315068493134
UE,-0.3249763269832416,1078,-0.01666666666666672
KRG,-0.3287210781753547,1079,-0.01549786904300654
BSX,-0.3294685869995933,1080,-0.00013107877834583892
PWR,-0.3297246860678339,1081,-0.011082969931255238
INTA,-0.3297506129796428,1082,-0.04916666666666669
TPL,-0.3318335078027855,1083,0.033511561371417864
BKD,-0.3320279965216028,1084,-0.004807692307692402
BRKR,-0.332437206784279,1085,0.043022035676810066
CTVA,-0.3337376408574348,1086,0.01376571806750504
FLO,-0.3341328478457601,1087,0.023809523809523947
LPX,-0.3370259547892502,1088,-0.029146972766149082
APD,-0.3371452477711854,1089,0.016925348410097518
CCL,-0.3386823864598849,1090,-0.004283965728274164
CARG,-0.3400631184835161,1091,0.020555355210962967
H,-0.3410784789785372,1092,-0.009729347249248232
OTIS,-0.3420670843277561,1093,0.0035698831674599862
OLN,-0.3436252234519499,1094,0.04398826979472137
ADP,-0.3488458557251407,1095,0.019382391590013093
PSN,-0.3503504988295597,1096,0.037616023448949765
PEG,-0.3506479553278038,1097,-0.029787234042553234
SYNA,-0.3535453957624969,1098,-0.007494145199063218
CORZ,-0.3551278900001432,1099,0.002321532211259303
RRC,-0.3564977674523187,1100,0.022615803814713953
DIOD,-0.3568303996090826,1101,0.004441812259401878
CNK,-0.3590655210732816,1102,0.041403785488959066
ABBV,-0.3604416605227961,1103,-0.017778922958000543
CPRT,-0.3655773391208618,1104,0.00613006396588478
SPY,-0.3676777180685114,1105,0.005037709599472695
ENPH,-0.3685102697715101,1106,0.00876424189307623
SFBS,-0.370211927126332,1107,-0.016156953260242468
AROC,-0.3712738026537045,1108,0.006116207951070152
LIF,-0.3713189949740008,1109,0.03128153380423826
FAST,-0.3728783328733899,1110,0.006347121908513831
AMGN,-0.3753910758240408,1111,0.01706128133704743
CVBF,-0.3775133963071206,1112,-0.00528846153846152
OGS,-0.3794943622760329,1113,-0.020410543503615597
MORN,-0.3811620796314748,1114,0.028046238393026224
RYTM,-0.382168938061933,1115,-0.0119964888325369
CCI,-0.3824271491230813,1116,-0.04822556063575001
FND,-0.3848276790123111,1117,0.010108303249097617
GPK,-0.3850293354942711,1118,0.058205335489086574
AXP,-0.3875799052408785,1119,0.0049632833134996
ABNB,-0.3887030624975216,1120,0.0003219834178538328
ARES,-0.3903812055789447,1121,0.02729852005214317
AMZN,-0.3939917893688804,1122,0.018095948297290443
DRVN,-0.3941539134159288,1123,0.010644589000591287
VSH,-0.3979458753742812,1124,0.03798822899946486
BOOT,-0.399963596747411,1125,-0.003999392497342158
WSO,-0.4027535584047642,1126,-0.00830120852352012
DDOG,-0.4031052759483047,1127,-0.006364229765013052
TPH,-0.4042369408245924,1128,0.0008639308855293848
BK,-0.4060063076988539,1129,0.005808080808080707
FSS,-0.4066431593669569,1130,-0.006004228329809624
WING,-0.4077122576115404,1131,0.10842799269203263
CBRE,-0.4097630182938672,1132,0.07625318606627007
TDG,-0.4103103897658728,1133,0.010152752071637572
BOX,-0.4106719628625805,1134,0.0044091710758378255
IRM,-0.4112560439095784,1135,-0.027208383123448865
CPK,-0.4128776411254609,1136,-0.029248014252839405
NOVT,-0.413193657021588,1137,0.0017885395886358957
SO,-0.4141637690316158,1138,-0.01043478260869557
BCC,-0.4142491085715709,1139,-0.0054606715464157185
EFX,-0.4142534647776543,1140,-0.000570835495588895
SXT,-0.4161304766365035,1141,-0.0083342353068514
UI,-0.4162945741216486,1142,0.016677449500395403
TREX,-0.4196487431600463,1143,-0.010861865407319926
FWONA,-0.4234210505784621,1144,0.025995227929172415
GME,-0.4235901117037595,1145,0.0262252794496991
SBAC,-0.4250055096982279,1146,-0.02786530129972431
WAY,-0.4263369818578901,1147,0.045248868778280604
SBCF,-0.4276762817787084,1148,-0.0002973535533751237
RUN,-0.4284473284525986,1149,0.04136504653567741
OWL,-0.4286975539146628,1150,0.019039735099337873
PCTY,-0.4294553655549073,1151,0.015886287625417994
CRBG,-0.4321684496362219,1152,0.003882238757683565
PINS,-0.4324975806817541,1153,0.05609284332688591
HWKN,-0.4333759048343545,1154,-0.0009657836644592077
THO,-0.4336073216294865,1155,0.005575398553880895
HPE,-0.4349609335892098,1156,-0.019116977696859272
TYL,-0.4360234931967913,1157,0.015232974910394326
MAC,-0.4465551253842357,1158,0.01915912719531665
HQY,-0.448830686853777,1159,0.03698224852071008
CAVA,-0.4495999191224872,1160,0.06981519507186862
DKS,-0.4498807140649087,1161,-0.016201794809604708
IFF,-0.4617051525175198,1162,0.0026589315929417268
AVA,-0.4632999929684047,1163,-0.013797942001870789
FTNT,-0.463335651282439,1164,-0.012241400416207582
ACM,-0.467631448044999,1165,0.045270196207387814
GTLS,-0.46822649044787,1166,-0.000241114915368712
TTEK,-0.4703927904336141,1167,0.04024767801857587
RDNT,-0.4711054661689814,1168,0.007737760270118077
BJ,-0.4730818430652209,1169,-0.004726468222043478
KNTK,-0.4736096383070224,1170,0.08660648938765547
MSFT,-0.4779935204112557,1172,0.0069041979539383735
WDFC,-0.4797772409874812,1173,0.004684131984745488
IAC,-0.4809144447392987,1174,0.05981908374671718
XPO,-0.4835634921262374,1175,0.004056594439497463
RHI,-0.4836882229640812,1176,0.043933897621926565
PPL,-0.4839571018853688,1177,-0.02022890604205474
TRN,-0.48421837668941,1178,-0.012953367875647714
TSCO,-0.4869565612600715,1179,-0.0028468400075915
COST,-0.4887885140864569,1180,-0.015779852774072345
GPI,-0.4892909047514713,1181,0.016711068055219158
ITGR,-0.4897497613862002,1182,-0.01346109970339937
FRSH,-0.489818769634837,1183,0.017832647462276974
PNFP,-0.4906810948385215,1184,0.023952716715055944
HLI,-0.491867567672719,1185,0.0033830725548238405
ORCL,-0.4921303573090552,1186,0.014288497759303631
USAC,-0.4921909516284593,1187,0.024296182028538338
RELY,-0.4955008277023804,1188,0.040519877675840865
DTE,-0.500895721549826,1189,-0.014306448268712413
CALM,-0.5048507732131448,1190,0.012433829865813095
FBNC,-0.5055163412517618,1191,-0.0004913200131019257
MP,-0.5064640086922507,1192,0.017383669885864705
PRK,-0.5091814079052578,1193,-0.013585720782173683
NKE,-0.5092526053284573,1194,0.011261956186362276
FDS,-0.5127462869796341,1195,0.041355361464800566
GBCI,-0.516129496436414,1196,-0.011012782694198697
HR,-0.5183239223956773,1197,-0.02698327037236914
CRNX,-0.5197469012780853,1198,-0.005265567765567747
CCC,-0.5209544718531566,1199,0.015873015873015817
TTWO,-0.5211229233515374,1200,0.0271315830195491
BR,-0.5223931014183462,1201,0.022913914891173226
AMT,-0.5238101870716048,1202,-0.0335076907141747
FOUR,-0.5261845235117053,1203,0.051190899395663125
LTH,-0.5289055523436089,1204,0.004473503097040643
SN,-0.5304025609272196,1205,-0.028299733739064137
CWST,-0.5322641024503395,1206,-0.014824797843665638
CTAS,-0.5349631849486394,1207,0.0076441617073672585
LSTR,-0.5355505168948312,1208,0.022060353798126986
TRMB,-0.5365277582260481,1209,0.019503275940880638
NCNO,-0.5375031305504577,1210,0.010506798516687343
PECO,-0.5387302895513446,1211,-0.007816571130797367
BBWI,-0.5388591220991895,1212,-0.03080664775030406
FA,-0.5389347338752084,1213,0.003076923076922977
PAYC,-0.5406992525283436,1214,0.015533028122956205
LOAR,-0.5413294037577747,1215,0.02540379488787825
KVYO,-0.5423565488342227,1216,0.025323579065841262
NSIT,-0.542852129810257,1217,-0.0008433734939757853
MDLZ,-0.5438717274257246,1218,0.0036752422318744316
TDW,-0.5446455435634476,1219,0.02203147353361934
VCTR,-0.5448933691087653,1220,0.004381306425916165
RSG,-0.5456847887561224,1221,-0.019666350196663518
VERA,-0.5478922249475773,1222,0.028471411901983545
PLMR,-0.5483940666472482,1223,-0.01653973382567897
CMG,-0.5554981606983197,1224,0.022175290390707314
SSRM,-0.5572021853115322,1225,0.026244693168660627
AVGO,-0.5578597839531787,1226,0.002916942322727989
ESTC,-0.5590323184344826,1227,0.00976174718729328
DE,-0.5605155146735051,1228,-0.012599028027428405
PYPL,-0.5609111192619847,1229,0.01568243077677045
RGA,-0.5633350094086684,1230,0.003109789075175673
PAYX,-0.56452129474871,1231,0.010935992280476148
INSP,-0.5661986920228986,1232,0.02500413975823812
RZB,-0.5685448037539437,1233,0.00039698292973389115
SHAK,-0.5710231184623885,1234,0.029852378348824482
LNTH,-0.5713424131254357,1235,0.02511575698049673
IMVT,-0.5789392213311164,1236,0.014079147640791323
VLTO,-0.5793919166802021,1237,0.02255965292841644
TOWN,-0.5828318364853315,1238,-0.01726027397260277
TOST,-0.5850238658639345,1239,0.00036153289949392153
BURL,-0.5851543984128837,1240,-0.005656759348034446
GTLB,-0.5856600566800784,1241,0.019704433497536922
DT,-0.5887907763672597,1242,-0.005733005733005725
QTWO,-0.5892173516707896,1243,-0.004943905685491634
DRS,-0.5908515888553649,1244,0.019677996422182265
HOOD,-0.591332017917349,1245,-0.0030487804878048808
GDDY,-0.5978532909326352,1246,-0.007017543859649145
HRL,-0.5993781228074979,1247,0.04436860068259385
TJX,-0.6005563237266157,1248,0.0016563674587499744
CSCO,-0.6051164388550432,1249,0.01730644111906332
IPGP,-0.6088382265790453,1250,0.02535963221118198
LB,-0.6117684430033387,1251,-0.01846057571964954
WEC,-0.6157414278091575,1252,-0.014984841922910386
RLI,-0.6172360337734989,1253,-0.005594865887773581
BATRK,-0.6192630399256454,1254,0.0032332563510393264
BATRA,-0.620067556897662,1255,0.0016715419974926427
EHC,-0.6218933264228256,1256,-0.004199379222202038
CVLT,-0.6250042738608842,1257,0.030628390596745048
FFIN,-0.6253399787837153,1258,-0.014349775784753493
SUPN,-0.6257685097587921,1259,-0.027508717551336548
LOPE,-0.6303947987930985,1260,0.03350785340314144
CHWY,-0.6342359379663414,1261,0.015546218487394903
ROAD,-0.6342967603819816,1262,-0.03469704816157426
FWONK,-0.6348982549027605,1263,0.031012220428868087
MMM,-0.6390923889496442,1264,-0.020582269418923826
BIPC,-0.6440334982328598,1265,-0.017661388550548107
BRZE,-0.6440560145517091,1266,0.01476668635558176
LRN,-0.6463599561114437,1267,0.005609930771067084
BKNG,-0.648131358916312,1268,0.03136118256584908
NUVL,-0.6519828473270279,1269,0.0011737089201877549
SRE,-0.6554881466830428,1270,-0.013019152141166224
RBRK,-0.6587239358342022,1271,0.016635514018691566
WSC,-0.6602460457533069,1272,0.02363299351251169
AAL,-0.661527211049707,1273,-0.02083333333333337
OLLI,-0.6638722983202118,1274,-0.00877035976373719
IBRX,-0.6685159455906369,1275,0.41860465116279055
CVS,-0.6802345494468174,1276,-0.0057544757033248795
REZI,-0.6843280374158598,1277,0.010433827567270626
INTU,-0.6860849407425038,1278,0.027428330300392822
FIZZ,-0.6863154927450564,1279,0.005454049631851587
OBDC,-0.6898957207301836,1280,0.01049868766404205
TTAN,-0.6900549050047295,1281,0.05032786885245888
SWKS,-0.7028140323888993,1282,-0.002574002574002532
MKTX,-0.7034491636043121,1283,-0.009170182841068852
BBAI,-0.7092279931313549,1284,0.038071065989847774
GWRE,-0.7120506672397321,1285,0.05356120696704547
ZTS,-0.7136063635048319,1286,0.028432621854093565
CBSH,-0.7149626535448006,1287,0.0028296547821164975
ATKR,-0.7203867675056753,1288,-0.0013537906137184308
AVPT,-0.7246156976373888,1289,0.018251681075888593
ZS,-0.7316060542049811,1290,-0.0026652760878382864
BGC,-0.7343636828803558,1291,0.007329842931937058
ALG,-0.7388863972643134,1292,-0.0281953087601724
NOW,-0.7425171220977325,1293,0.017939760173732555
ALK,-0.7446808813587665,1294,-0.021723896285914424
MCHP,-0.7533495483819443,1295,0.0021535343298708653
CHE,-0.7533575803983719,1296,-0.011436181456897732
CZR,-0.7574207070022715,1297,0.1303430079155674
SPSC,-0.7575664281204053,1298,-0.027639027639027702
DVA,-0.7614663328251958,1299,-0.017684994348780014
ROP,-0.7675517861350828,1300,0.038253097962159144
URBN,-0.7679791835054324,1301,-0.020804244624406665
CRK,-0.7703952563642161,1302,0.0032345013477088624
EQH,-0.7715807635950733,1303,0.006629834254143541
BSY,-0.7819800040011569,1304,0.028846153846153966
FLG,-0.7823125176502923,1305,-0.04255319148936165
PGR,-0.7848876507186897,1306,-0.022222222222222254
TENB,-0.7956129512882718,1307,-0.004977375565610953
TFSL,-0.8006320958885843,1308,-0.016307893020221842
SLAB,-0.8017616190898286,1309,-0.001166804414410083
MGEE,-0.805259847032774,1310,-0.02960087346839757
ALKT,-0.8064880556778603,1311,0.03194103194103182
AR,-0.8074576642685275,1312,0.006541778174249169
BDC,-0.8076131105667594,1313,0.0020487604998975506
VRSK,-0.8134561134079848,1314,0.03818386914833605
ITRI,-0.8150125347835797,1315,0.03266618272321886
PLNT,-0.8163401861270391,1316,0.014149924389716961
PTON,-0.8241697972000446,1317,0.031026252983293423
SOUN,-0.8250760277724767,1318,0.030054644808743092
STWD,-0.827385852402919,1319,0.0016592920353983853
VEEV,-0.8389048406554244,1320,0.025053726953964572
AAOI,-0.8402967637010786,1321,-0.010703712138464994
IMNM,-0.8466568727186158,1322,-0.03085059497576037
LINE,-0.8619193643927425,1323,-0.013739224137930939
KNSL,-0.8641997874233254,1324,0.007752555422806395
AXON,-0.8707434260159375,1325,-0.0042135481779876915
STEP,-0.8709466436081422,1326,0.023766654663305742
CARR,-0.8719043950827965,1327,-0.03161222339304548
NTNX,-0.874357177208688,1328,0.00659340659340657
KGS,-0.8777187505986207,1329,-0.009615384615384692
CNC,-0.8841767744730106,1330,0.04462769827795299
TXN,-0.893302404450903,1331,-0.01050112986840357
SUN,-0.8937560735978568,1332,0.015043808894032118
BXMT,-0.897797679823073,1333,-0.007629704984740471
S,-0.8983898741240387,1334,-0.003731343283582156
LYB,-0.9038819660933798,1335,-0.00017863522686667466
CNR,-0.9044146204507252,1336,0.02713312550513791
EQT,-0.9047635693488058,1337,0.015238095238095273
LION,-0.910523481473226,1338,0.03389830508474567
TW,-0.9121699078311636,1339,0.023005598320503973
CYTK,-0.9197187178849916,1340,0.005403782647853461
COLD,-0.9209558021511428,1341,-0.025974025974025983
IRON,-0.9282464605904944,1342,-0.016623455848711166
ACLX,-0.9372218733225188,1343,-0.01652421652421643
RIVN,-0.9381973697892316,1344,-0.01942926533090472
MA,-0.9389342131355022,1345,0.011591592742321799
ALGM,-0.9429923027734004,1346,-0.07435835931878132
AFG,-0.9813988159781136,1347,-0.011289092295957204
QCOM,-0.983992067899628,1348,0.004276800112178458
NFLX,-1.0038459741762729,1349,0.0128571428571429
HUBS,-1.01231003109614,1350,0.01144312805790304
MOH,-1.01278458752916,1351,0.05107606132075482
ST,-1.021487374218176,1352,-0.006238133984268979
POWI,-1.0237176891123554,1353,0.004373496610540206
PRMB,-1.0289858141193895,1354,0.014223194748358647
V,-1.0297608038297816,1355,0.00250391236306724
BEAM,-1.038112938583733,1356,0.0025463805020007335
DOCS,-1.0417164055069037,1357,0.03539462978030916
SMCI,-1.0444715953364638,1358,-0.013284623048820943
MSI,-1.0473338699684294,1359,-0.013456833275078628
MKL,-1.0547660471603977,1360,-0.006380549398885216
DJT,-1.065835887574763,1361,0.057517658930373416
SRRK,-1.067296957147817,1362,0.010979547900968667
CLF,-1.0687273677780096,1363,0.0028517110266161882
OLED,-1.0699914885329518,1364,0.007223248782126657
PSKY,-1.0797476595834898,1365,0.026777469990766356
UNM,-1.0855315304121995,1366,0.004800438897270665
MRNA,-1.0929647824826458,1367,0.060778511267926216
RCL,-1.0978971587470752,1368,-0.015166960121088646
AAP,-1.0997637278984225,1369,-0.0142756432851604
AMBA,-1.1015251078691204,1370,0.0010639914880679058
NEE,-1.1040159699226306,1371,-0.016071621184338247
LFUS,-1.107954013901165,1372,-0.003116600903528388
GSHD,-1.108559737155046,1373,-0.06419119099348214
COIN,-1.1116979986255258,1374,-0.011866040236116149
BIO,-1.1263036416924443,1375,0.021666100479371897
ASAN,-1.1314253642662784,1376,0.033967391304347894
VRNS,-1.159279314905421,1377,0.01500789889415488
NVDA,-1.159706241477706,1378,0.016272909120397916
HON,-1.1753918409847053,1379,-0.006222954873274289
BMI,-1.1826432797759214,1380,-0.006218983604497796
SLG,-1.2107568559856727,1381,-0.006828528072837514
IVZ,-1.2122754615227906,1382,0.012878787878787934
PFE,-1.2418349932883297,1383,0.0
DKNG,-1.2468523907911246,1384,0.027445772465692908
ZBRA,-1.2545983612734914,1385,-0.03159993864089572
TWST,-1.278675382819213,1386,0.038577912254160296
OC,-1.289830020412733,1387,0.005989817310572132
DUOL,-1.3113024318068491,1388,0.0033904354032834316
RUM,-1.3148325808980592,1389,0.01906412478336228
RXO,-1.3151277339723808,1390,0.0694538098449089
CAR,-1.3169770354961183,1391,0.00982800982800991
BEPC,-1.3430241220184136,1392,-0.032018038331454335
RITM,-1.3507444837498497,1393,0.0018867924528300772
HIMS,-1.351356642544751,1394,-0.026429010448678514
VERX,-1.3529905285319417,1395,-0.02025931928687197
RGLD,-1.4010832514256846,1396,-0.004658329451392218
MTN,-1.410770492972424,1397,0.030780399274047188
QS,-1.418724094879919,1398,-0.00694444444444442
RYAN,-1.4349805131544573,1399,0.016628873771731056
RBLX,-1.4570852701333878,1400,0.0009523809523810378
PCVX,-1.4603067000880403,1401,0.05325332833302099
TTD,-1.5501779223215484,1403,0.009501187648456089
BRBR,-1.5533375093479422,1404,0.02433628318584069
VKTX,-1.5556059492770422,1405,-0.009852216748768461
GPGI,-1.5585257801693,1406,-0.02488593944421391
DYN,-1.5635560201687226,1407,0.00654450261780104
SLNO,-1.6543575170602458,1408,0.0028571428571428914
JOBY,-1.6555292668974837,1409,0.010010010010010006
MARA,-1.6570436137628382,1410,-0.0013315579227696217
SFM,-1.6578984753716968,1411,0.001628182356423924
FISV,-1.6862373682188525,1412,-0.006934594168636843
DNLI,-1.7071196620335436,1413,-0.002593360995850613
OSCR,-1.7618941241046455,1414,0.023151605675877374
CORT,-1.7765431659081106,1415,0.004794347716376324
CSGP,-1.7766365372904422,1416,0.06996064713598593
KR,-1.810610759602478,1417,-0.011484352569623879
SMMT,-1.8537186699339712,1418,0.012755102040816313
VG,-1.8770867777973967,1419,0.08893956670467507
BANF,-1.9131909078972449,1420,-0.003081400325258943
UPST,-1.936255672107548,1421,-0.013762902721301096
KMPR,-1.9395520861852429,1422,0.017934446505875057
TFX,-1.994873575940587,1423,0.06281881730587568
SEZL,-2.0720893058975998,1424,0.03280757097791809
IONQ,-2.1169771841258838,1425,0.004822182037371947
WULF,-2.122124239911247,1426,-0.04944375772558707
AVTR,-2.1740868733283047,1427,0.024309392265193353
OCUL,-2.197259893475566,1428,-0.015736766809728242
SMG,-2.298383790344234,1429,-0.0004292459579339214
VVV,-2.3282198942246706,1430,0.007776049766718529
PII,-2.36857408741521,1431,0.005455372026064609
NOG,-2.4005660004841025,1432,0.07210031347962387
HRB,-2.427410274582791,1433,0.03766786767114305
CAG,-2.451983022182405,1434,-0.0052938062466914015
WD,-2.4639314720759997,1435,0.0399935753292644
WLK,-2.553149683319049,1436,0.01748108771212431
ACHR,-2.5984802086305336,1437,0.021994134897360684
MIDD,-2.668677834423518,1438,0.005074590364392284
RARE,-2.685876505140956,1439,0.013379583746283341
RDW,-2.959237142840939,1440,0.050000000000000044
BBUC,-3.1505352475088744,1441,-0.0033651149747615516
BMRN,-3.205076901102728,1442,0.031359466221851484
SRPT,-3.283067500644224,1443,0.027964205816554788
VNOM,-3.296851602236668,1444,0.013863636363636411
DOW,-3.4429283838469704,1445,0.005092297899427001
ARE,-3.522638480802305,1446,-0.004594743613306362
SMR,-3.9404026153760174,1447,-0.004905395935529078
FLR,-4.015972220145607,1448,0.04261890055589879
IP,-4.162033445859059,1449,-0.011620795107033621
LCID,-4.330502073568376,1450,-0.012096774193548265
XRAY,-4.399221968740551,1451,0.004019292604501734
UAA,-4.565846002739302,1452,0.0181347150259068
UA,-4.569395627290849,1453,0.011936339522546469
USAR,-4.747536974377703,1454,-0.04311251314405895
EOSE,-4.75524438525098,1455,0.009606986899563408
LBRDA,-5.047100504602048,1456,0.008360596146855581
CNXC,-5.169281986055847,1457,0.04247954688483335
HLNE,-5.2537101894889,1458,0.02684004334416934
GT,-5.314637323129681,1459,0.003386004514672747
ALMS,-5.332015762472784,1460,0.03498871331828446
CE,-5.392856545434423,1461,-0.015787585217079347
UWMC,-5.482661055589798,1462,-0.006198347107438051
COHR,-5.501278371238705,1463,0.01786688488816135
TAP,-5.540810343885704,1464,-0.001571709233791685
BMNR,-5.643140215272279,1465,-0.01637717121588078
BHF,-5.820572229748763,1466,0.0010952902519167917
SATS,-6.064089707331669,1467,0.012920353982300847
