symbol,score,rank,price_signal,price_trade,ret_1d,matched
CLSK,3.314855709985254,1,,,-0.0010775862068965,True
BLKB,3.169800389177063,2,,,0.0458386142796787,True
F,3.1183383890545335,3,,,-0.0198159943382874,True
CELC,2.9390858867988716,4,,,-0.0150018635855385,True
WDC,2.880450109034402,5,,,0.0438210552250888,True
DOCN,2.79175013097929,6,,,0.0177357375110849,True
PACS,2.755183019897782,7,,,-0.049743964886613,True
SNDK,2.7398389015800366,8,,,0.0166105081359317,True
VFC,2.689196861809971,9,,,0.0293678446988552,True
BE,2.6428885543641454,10,,,0.0822323148912744,True
IDYA,2.539089890657094,11,,,0.0052015604681403,True
JEF,2.5314869217589244,12,,,0.0363601385148133,True
COLM,2.524175041283449,13,,,0.0042180909232931,True
DXC,2.47972833589316,14,,,0.0134529147982063,True
PJT,2.461313213635031,15,,,0.0113068630028925,True
ARWR,2.3876275231184083,16,,,0.0108337258596324,True
SPG,2.3007350705188343,17,,,-0.0117815949705459,True
ONDS,2.261965132005972,18,,,0.1014925373134327,True
APLS,2.2535465960206578,19,,,0.0292072322670375,True
VSAT,2.2360118732963232,20,,,-0.0054089138900909,True
MCY,2.2232471136617007,21,,,-0.0920054059673561,True
SOLV,2.1944170860114336,22,,,0.0160043401600433,True
TERN,2.165159255773368,23,,,-0.0058110156644769,True
VICR,2.159140999508778,24,,,-0.0106180061037639,True
FCFS,2.1589788199957773,25,,,0.001141924959217,True
COMM,2.1541879242574686,26,,,,
MU,2.1225459207147783,27,,,0.0529541247686227,True
PL,2.111467007877349,28,,,0.0688878883385861,True
VISN,2.104699056365174,29,,,-0.0099476439790576,True
CWEN,2.037800649332822,30,,,-0.012051155927201,True
MSGE,1.8998064845048592,31,,,0.0204599524187154,True
HOG,1.8623635302632415,32,,,0.0113022113022112,True
DAN,1.7606099915824511,33,,,0.0578034682080925,True
APLD,1.7345837609754506,34,,,-0.049165673420739,True
AMG,1.7314081065158629,35,,,0.0239621064363333,True
MATX,1.7125799306344562,36,,,0.0146622235686155,True
AA,1.697839568792079,37,,,0.0476770488950757,True
ERAS,1.6915972745242105,38,,,0.0168674698795181,True
AEO,1.6830399015594326,39,,,0.0056157240272765,True
OPEN,1.6656649518955864,40,,,0.0692840646651269,True
FOLD,1.6500894784921591,41,,,0.0027972027972027,True
GSAT,1.635797025604458,42,,,-0.0008465966813411,True
AGNC,1.6334870316742025,43,,,0.0008849557522123,True
TDC,1.626108197044417,44,,,0.0064417177914111,True
RL,1.5806483366799184,45,,,0.0204588394062077,True
LQDA,1.5668327447562236,46,,,0.0330969267139478,True
LITE,1.5424318236880146,47,,,-0.0102594850271475,True
HI,1.529579609213182,48,,,,
AMKR,1.520947244806632,49,,,-0.002134927412468,True
CENX,1.5194125210740088,50,,,0.0272039271834729,True
INCY,1.498568351363765,51,,,0.0180901542111506,True
FG,1.4907402791500648,52,,,0.0084063047285463,True
CIFR,1.4675345166141047,53,,,-0.0140664961636829,True
AD,1.4666748360200947,54,,,-0.0310304449648712,True
CSGS,1.466362031986559,55,,,0.0,True
NLY,1.442440984301632,56,,,0.000870322019147,True
LGND,1.4381789098064195,57,,,0.012959308836862,True
GMED,1.436886218858936,58,,,0.0129213483146068,True
SM,1.4316995631299214,59,,,0.0793357933579335,True
WU,1.416230108279131,60,,,0.0222457627118644,True
ARLP,1.4131339801936622,61,,,0.0109332292073409,True
ALL,1.4114808361551088,62,,,-0.0136115297663902,True
WBD,1.4107836220208136,63,,,0.0013913043478259,True
SCCO,1.4007964767286551,64,,,0.0247872340425532,True
NGVT,1.39977392411378,65,,,-0.0197863078749505,True
LNC,1.3912354440952266,66,,,0.006495068559057,True
KRYS,1.383428756313471,67,,,-0.0158073929961087,True
APA,1.378086068316154,68,,,0.0464520848573517,True
TTMI,1.3676490501665033,69,,,0.0336596634033659,True
BXP,1.3560378719082165,70,,,0.0146719419716452,True
FTAI,1.340117916697237,71,,,0.0049343832020998,True
BTSG,1.3375978192018878,72,,,0.0699427977119084,True
PR,1.3368689416247197,73,,,0.0394349617422014,True
VIRT,1.322126414913916,74,,,0.0071647901740021,True
COMP,1.3205882494395436,75,,,0.0356435643564356,True
STRK,1.3121920497939592,76,,,-0.0019120458891014,True
BBT,1.3098565583567237,77,,,0.0094802222948675,True
TER,1.308810182220612,78,,,0.0304061794259156,True
ENS,1.307693116078706,79,,,-0.0118499382230709,True
CVI,1.303714620155576,80,,,-0.0071047957371225,True
ALHC,1.3031447444751552,81,,,-0.0038853812530353,True
MKSI,1.272452339854611,82,,,-0.0478436145128166,True
INSW,1.264389163740385,83,,,0.0147469729897546,True
KRC,1.254646589964718,84,,,0.0144608613643508,True
EXPE,1.2487288083744637,85,,,0.0168146891527791,True
AB,1.2455088291515537,86,,,-0.0082066135650493,True
UTHR,1.2450226851070922,87,,,-0.0132042618465237,True
REAL,1.2415183235606664,88,,,0.0477064220183485,True
BYD,1.2363277304770734,89,,,0.0183850036049026,True
LEVI,1.225609144877719,90,,,0.0192395785616126,True
JXN,1.2252405154130177,91,,,0.0099326308516152,True
BELFB,1.2227436139103756,92,,,-0.0599660008499788,True
EE,1.220022993332092,93,,,0.0004786979415987,True
FHI,1.2033021534904844,94,,,0.0215014577259475,True
TVTX,1.198602896787443,95,,,-0.0306086956521738,True
RDDT,1.198452026395717,96,,,0.0591108238167064,True
DAL,1.193523917038192,97,,,0.0036697247706423,True
SYF,1.18060018458908,98,,,0.0074678467708475,True
CIEN,1.168277237982678,99,,,0.0285449674197069,True
MLI,1.1658387556962049,100,,,-0.0149869495663887,True
GPCR,1.1605105575421175,101,,,-0.0427111048872707,True
APP,1.156566642175629,102,,,0.0744194696848929,True
EPD,1.1484691713017237,103,,,-0.0174149659863945,True
TSLA,1.1405377215093713,104,,,0.0016803448359836,True
TNL,1.1334677386267134,105,,,0.0347241284655504,True
APAM,1.131131496001999,106,,,0.0009436187780136,True
MDB,1.1273698260252003,107,,,0.0245795236482673,True
NATL,1.1206072277466157,108,,,-0.0110901368570082,True
BWA,1.1190882362177856,109,,,-0.0126379779235322,True
PFSI,1.1165059247041471,110,,,0.0232211333617384,True
HII,1.1164628749492436,111,,,0.0168968240672042,True
GL,1.0953987454034737,112,,,-0.0158316770612021,True
FIX,1.0921935237865263,113,,,-0.013664735563446,True
AMTM,1.0919438050226382,114,,,0.027287853577371,True
LC,1.0904917772197789,115,,,0.0464216634429401,True
SEE,1.0811064474996046,116,,,-0.000715137067938,True
FSLR,1.0776144886794257,117,,,0.0553859765538595,True
MTCH,1.0588536859849973,118,,,0.0033134526176277,True
FTDR,1.0549056412484386,119,,,-0.0088480222068008,True
MAT,1.0526070000373675,120,,,0.0261282660332542,True
DAVE,1.0431216201859663,121,,,0.0224222863937488,True
EIX,1.041561031686789,122,,,-0.0240828899467936,True
BA,1.0387277773114565,123,,,-0.0209391902966725,True
ONTO,1.0387113878939085,124,,,-0.0013164465023377,True
VCYT,1.0377599529068593,125,,,0.016097696364141,True
ALB,1.03612397490146,126,,,0.0136159128581578,True
DBD,1.0344199351837404,127,,,-0.0228868975538871,True
PIPR,1.0334859461893473,128,,,0.0273125,True
SF,1.0235245182789638,129,,,0.0201507069680806,True
WST,1.0161631914436853,130,,,0.020847896706279,True
KTOS,1.0113798671667087,131,,,0.0569751005762748,True
PPC,1.0101637902678655,132,,,0.0064397424103035,True
GM,1.0098233327936972,133,,,0.03016498399409,True
SNX,1.0074700717095326,134,,,0.0080695608657574,True
INDV,1.0058172800279814,135,,,-0.0112230215827338,True
W,1.0013870263234397,136,,,0.0733309867417575,True
EPAM,0.9995150170194904,137,,,0.0338471023427866,True
CDP,0.9898186749141352,138,,,-0.0072463768115941,True
UPWK,0.9868693764453168,139,,,0.0760188087774296,True
STT,0.9864829386184952,140,,,0.013125,True
CC,0.9842136599476522,141,,,0.0227272727272727,True
CI,0.975686128833306,142,,,-0.0020295139486085,True
HOLX,0.9756468680472375,143,,,0.0006653359946773,True
LRCX,0.9730254228765826,144,,,0.0191442397487053,True
RGEN,0.9729819179241248,145,,,0.019939443172587,True
DECK,0.972762549878812,146,,,0.0131231359181935,True
HL,0.9706572522548992,147,,,0.0367231638418079,True
PTEN,0.9702239556730996,148,,,0.0315656565656565,True
GNW,0.9700026671777804,149,,,-0.0155555555555556,True
ENVA,0.968243037997464,150,,,0.0047856565111887,True
BKH,0.967844358408699,151,,,-0.0067962484708441,True
SHOO,0.967542094134034,152,,,-0.0068475779863049,True
TLN,0.9667475439456202,153,,,-0.0205779334500874,True
SEB,0.9661913003712664,154,,,0.0008667309593854,True
OGN,0.9617550506609168,155,,,0.0247252747252746,True
UAL,0.9551490837802212,156,,,0.025521838273987,True
HYMC,0.9551111010118324,157,,,0.2107142857142856,True
MS,0.9498917390575304,158,,,0.0294391978547279,True
UUUU,0.949548898954744,159,,,0.0374331550802138,True
FLNC,0.9476513189659512,160,,,-0.0196850393700788,True
TPR,0.9463792809600132,161,,,0.0074748131296717,True
PHIN,0.9375305797871512,162,,,0.0066216395179445,True
OUT,0.9345691440003076,163,,,0.0063770426464726,True
UEC,0.931821967508186,164,,,0.0526315789473683,True
CMC,0.9272920568865266,165,,,-0.0066902297399646,True
AN,0.924703706112264,166,,,0.0244316762428178,True
HIG,0.9222835018490472,167,,,-0.0158155089528322,True
HURN,0.9199622368451144,168,,,0.0261884647876506,True
HUT,0.9139827638921536,169,,,0.0128447298828862,True
TGTX,0.906439949980255,170,,,0.0058499655884378,True
WEX,0.9038351347171818,171,,,0.0332076943072525,True
FORM,0.9014011648524648,172,,,-0.0073390647934575,True
GOOGL,0.8973157029081152,173,,,0.0043374610952917,True
WHR,0.8963731010667813,174,,,-0.0089429030038982,True
ALSN,0.8958199514853094,175,,,-0.004171632896305,True
KRMN,0.8905099119865857,176,,,0.0784183197976302,True
CMI,0.8904350089672965,177,,,-0.0044656347580833,True
DDS,0.8903938381292008,178,,,0.011003814251983,True
CINF,0.8872423794067243,179,,,-0.0169807912326127,True
GOOG,0.8866298127493794,180,,,0.0036985668053628,True
PAA,0.8844381186723074,181,,,0.0068526676456193,True
MTRN,0.8829034633975271,182,,,-0.0013045463440087,True
GEF,0.8827655551315374,183,,,-0.012483574244415,True
NXT,0.8692850048543703,184,,,0.0154988171955297,True
BDX,0.8663276353671344,185,,,0.02987935505694,True
PATH,0.8610353545640906,186,,,0.0146252285191956,True
PSX,0.8564055972148156,187,,,-0.0048052604957005,True
COKE,0.8562551979363748,188,,,0.0252257676098734,True
ATRO,0.8520766893055454,189,,,0.0171495387813434,True
PRIM,0.8487899647089322,190,,,-0.0121320359650203,True
ZM,0.848278594130847,191,,,0.0278623801466439,True
TRV,0.848112639573054,192,,,-0.0025732713965846,True
ACI,0.8473879753688716,193,,,-0.0189496480779641,True
ADPT,0.842883181770354,194,,,0.0050664977834071,True
ICUI,0.8394083540157652,195,,,0.0225234338121249,True
OMCL,0.8336273126321987,196,,,0.0331816965480331,True
ATI,0.8276137542333105,197,,,0.0124020442930152,True
M,0.8271714506145693,198,,,0.0238309352517986,True
WFRD,0.8225730793456127,199,,,0.0256284847892007,True
MIRM,0.8219561659310453,200,,,0.0220752698628805,True
HALO,0.8211436433405075,201,,,-0.0900844930417494,True
AEIS,0.8177806728468755,202,,,0.0229848465554565,True
POWL,0.8164518749903664,203,,,-0.0332241293355173,True
ARQT,0.8121342785735972,204,,,0.0037579857196543,True
AES,0.8100250278004661,205,,,-0.0061012812690666,True
HHH,0.8080878100999452,206,,,0.0032624456259062,True
HAE,0.8080840864331844,207,,,0.0348182283666154,True
HTGC,0.7992993806041157,208,,,0.0075757575757575,True
AKAM,0.7992249618072895,209,,,0.0082088175613355,True
LCII,0.7984918253510549,210,,,-0.0023359937706833,True
LYFT,0.7932034343899356,211,,,0.0308270676691728,True
GHC,0.7920429680767361,212,,,0.0096504955659886,True
SWX,0.7917039652034081,213,,,-0.0181323662737986,True
WRBY,0.7908896066454115,214,,,0.03551912568306,True
COO,0.7813477667138732,215,,,0.017817915547962,True
ACMR,0.772767961362168,216,,,-0.0087450138079167,True
TOL,0.7724413964696606,217,,,-0.0233778917170238,True
HUM,0.7704351477173444,218,,,0.0115141358992376,True
GVA,0.7701667754174522,219,,,0.0325013607029001,True
WCC,0.7694586372719187,220,,,0.0027249767380035,True
WMS,0.766347707914158,221,,,-0.0048017801721614,True
RVMD,0.7642254569752641,222,,,-0.0081502832720404,True
EAT,0.7632859076460062,223,,,-0.0307353211290026,True
SLGN,0.7598862175070539,224,,,-0.000207296849088,True
EL,0.7590809915393536,225,,,-0.0048154093097914,True
MRCY,0.7548499280038744,226,,,0.0400864138262122,True
BANC,0.7522639651530947,227,,,-0.0059701492537314,True
FIBK,0.7512179795639196,228,,,-0.0186989728733211,True
GLW,0.750870348561368,229,,,0.0114158749616914,True
CALY,0.7463476871967065,230,,,0.0052160953800297,True
LASR,0.7411374736809085,231,,,0.0679897818824917,True
FSK,0.7410105276702714,232,,,0.0135951661631419,True
BLTE,0.7405144044876733,233,,,-0.0109758871701547,True
CACI,0.734124953316045,234,,,0.0043576072130799,True
IDCC,0.7329199407159857,235,,,-0.0131270127176463,True
UNH,0.7246959198674423,236,,,-0.0030786260334151,True
WT,0.7244630472811,237,,,0.0253623188405798,True
ORI,0.7210246656030034,238,,,-0.0202067669172931,True
CMCSA,0.7205543574159243,239,,,0.0015847860538826,True
OI,0.717613856507972,240,,,0.0239071038251366,True
LDOS,0.7175143642108328,241,,,0.0619080047050084,True
HESM,0.7151717999114539,242,,,0.0160413268080477,True
FOXA,0.7148264230862662,243,,,0.0131135920609604,True
TPC,0.7147121395929928,244,,,-0.0138618677042802,True
SGI,0.7138427725008736,245,,,0.0266575529733423,True
MEDP,0.7114900462992022,246,,,0.0420150404035686,True
FE,0.7066893541324353,247,,,-0.0083080040526849,True
ACA,0.7041554439554645,248,,,-0.0167812050503435,True
AGX,0.7010668969307854,249,,,0.0177939441604404,True
RMD,0.6973386086430003,250,,,0.012078805410054,True
PEN,0.6968157875215472,251,,,0.0008503650705216,True
FCX,0.6948216738365321,252,,,0.0238991651661482,True
KWR,0.692721939653685,253,,,-0.0338926732015285,True
PRAX,0.6911920723306858,254,,,0.0027130837702717,True
CON,0.688166299771753,255,,,0.0029585798816567,True
VLY,0.6871745999860034,256,,,-0.011177347242921,True
PLUS,0.6814204601442018,257,,,0.0157747846135176,True
HAL,0.6807738677091623,258,,,0.0314446751705725,True
RKLB,0.6748920749857946,259,,,0.0648161396480182,True
SON,0.6699154263216416,260,,,0.0160437235543018,True
SANM,0.6698103604473299,261,,,0.0077027948193593,True
NXST,0.668989650618944,262,,,0.0200085689802913,True
ZETA,0.6683293885638522,263,,,0.0346178967994774,True
INTC,0.6678941026584092,264,,,-0.0155911650064962,True
RPRX,0.6671877100059143,265,,,-0.0015415106804667,True
RNG,0.6651503564550415,266,,,0.0193103448275862,True
UGI,0.6648293503397376,267,,,-0.0129567245400362,True
CTSH,0.6610269833116871,268,,,0.0250076710647437,True
TPB,0.6591883489812304,269,,,-7.540340823397607e-05,True
CECO,0.6588626438425247,270,,,-0.0065881160521983,True
LEA,0.6588438518206094,271,,,0.0014630577907828,True
TROW,0.6577408861057878,272,,,0.0119390256902249,True
NOC,0.6542880669248406,273,,,0.0338173208580556,True
FRPT,0.6496132340142226,274,,,0.0178546519737758,True
JOE,0.645297641161823,275,,,-0.0057657150892982,True
ISRG,0.6435579573345039,276,,,0.0150197628458497,True
MC,0.6416066121085827,277,,,0.0139660371369623,True
TARS,0.6414687474777092,278,,,0.0078050334501433,True
IEP,0.6385451873530724,279,,,0.0050062578222778,True
CPRX,0.6363538353795711,280,,,-0.0142045454545455,True
MRP,0.6337234177741056,281,,,-0.0047573739295909,True
PRU,0.6334760563722426,282,,,0.0102643555727703,True
DBRG,0.6333685791244812,283,,,0.0,True
LXP,0.6332857964313239,284,,,-0.0088879702356345,True
OMC,0.6330260643789556,285,,,0.0320682553692261,True
KNX,0.6327346644715748,286,,,-0.0088510354041416,True
MGM,0.631696046077499,287,,,0.0852057192880069,True
GBDC,0.6308736878701205,288,,,0.0024489795918367,True
LVS,0.630739347606026,289,,,0.0229485396383866,True
ACAD,0.6304410517064658,290,,,0.0108932461873638,True
DG,0.6299363389041486,291,,,0.0156333511491182,True
DCI,0.6272466735274307,292,,,-0.006900993743099,True
AZZ,0.6204861876018511,293,,,-0.0320284697508896,True
LUMN,0.6196178205450038,294,,,-0.0123609394313967,True
BKV,0.6133727369058201,295,,,0.0006675567423231,True
SCI,0.6120765444376055,296,,,-0.004100907170374,True
REGN,0.6016109306597719,297,,,-0.0017264627676332,True
SSD,0.5995752982401206,298,,,-0.0130078143959617,True
PLD,0.5989871545164221,299,,,-0.0150948719757354,True
CBOE,0.5977618868847793,300,,,0.0052427867698803,True
XMTR,0.5949800343453093,301,,,0.032419845960953,True
DVN,0.5920385038112826,302,,,0.0090826521344231,True
CG,0.5887638501552773,303,,,0.0121681415929202,True
INGR,0.5887215817947056,304,,,-0.0004292950974499,True
COCO,0.5856956173399234,305,,,-0.1142958244869073,True
SAM,0.5855009560385536,306,,,0.0086314790039272,True
EEFT,0.5849066823898473,307,,,0.0086463501063076,True
ROL,0.5825380485743417,308,,,0.0028295605858854,True
SHC,0.5824184378287782,309,,,0.0210649502633117,True
CUBI,0.5761250200531873,310,,,-0.0032449972958354,True
SXI,0.5720601543984659,311,,,-0.0158896252373753,True
PVH,0.5716513417451295,312,,,0.0001442377037357,True
HP,0.5675858345157188,313,,,0.0444311017712397,True
ELV,0.5651280946603646,314,,,0.0042345843726434,True
YETI,0.5648346532485651,315,,,0.0295771714226202,True
SEI,0.5646713687424362,316,,,-0.0331176246669204,True
EVR,0.5611505228349254,317,,,0.0344676728852224,True
FROG,0.559769606391573,318,,,0.0008408660920748,True
TPG,0.5579259320341587,319,,,0.0221748400852879,True
SJM,0.5572079115513938,320,,,0.0138392016569384,True
GNTX,0.5570602821036459,321,,,-0.0028443722064201,True
TEX,0.5550136995218,322,,,-0.0064738886491152,True
SKYW,0.5483878352867583,323,,,-0.0197337801359024,True
AMRX,0.544805787818313,324,,,-0.0223831468071099,True
KTB,0.5439609036339638,325,,,0.0126865671641789,True
ATMU,0.5420314940866339,326,,,0.0023404587299109,True
MPC,0.5413095285553947,327,,,-0.0048369402612945,True
BSM,0.54040225159818,328,,,-0.0268852459016393,True
OGE,0.5397686775993458,329,,,-0.0087420042643922,True
ASO,0.5392560866195185,330,,,-0.0122134850259327,True
CPAY,0.5382976146152287,331,,,0.0195030802020379,True
DBX,0.5382062081449939,332,,,0.0081699346405228,True
KNF,0.5357882846710734,333,,,-0.0345855060125571,True
AMAT,0.5343222612673338,334,,,0.028318436220867,True
GPN,0.5321013344737804,335,,,0.1646839615880753,True
ARW,0.5291832402323299,336,,,0.0015707834282348,True
REYN,0.528437674707457,337,,,0.014388489208633,True
CF,0.5268268392253166,338,,,0.0216440985179655,True
VSEC,0.5263322321666616,339,,,0.0193118965032343,True
SIGI,0.5255524201420114,340,,,-0.0149064016639705,True
GEV,0.523945770479955,341,,,-0.0019532442165659,True
PTCT,0.5214685115955361,342,,,-0.0034697123030215,True
KEX,0.5194115570243194,343,,,0.0088411746131984,True
IBKR,0.51830028113536,344,,,0.0219675262655205,True
HXL,0.5164330084729383,345,,,-0.0124747134187457,True
PAGP,0.515084228636046,346,,,0.0059578368469292,True
EBAY,0.5149038463777972,347,,,0.0278924327704817,True
SAIC,0.5131933964996436,348,,,0.0399154731157547,True
ACT,0.5122962516888135,349,,,-0.0176375029009051,True
TMDX,0.5115297736916018,350,,,0.0125541772530264,True
LAUR,0.5108886763783179,351,,,0.0100719424460431,True
BWXT,0.5034319668345104,352,,,0.0057685613406932,True
APLE,0.5024017553894469,353,,,-0.001627339300244,True
DINO,0.4990972345659794,354,,,-0.1085566119273985,True
NDAQ,0.4977629548630791,355,,,0.0235543369890329,True
HPQ,0.4960831549769148,356,,,-0.0075716603569495,True
MMS,0.4956612138636863,357,,,0.0404975812024879,True
FBIN,0.4953909164766326,358,,,0.0247383444338726,True
IBM,0.4920563007078687,359,,,0.0096008671750997,True
GS,0.4850469658224794,360,,,0.0193113837823677,True
BG,0.483795809546006,361,,,-0.0009025270758122,True
THG,0.4834499094101411,362,,,-0.0027436410402971,True
DY,0.4811133859832444,363,,,-0.0230807471060293,True
MPLX,0.4809651078596965,364,,,-0.0113339145597209,True
INGM,0.4808966394134938,365,,,0.0205511443250818,True
HIW,0.4806402196705061,366,,,0.0069716775599129,True
UHAL,0.4777956751303271,367,,,0.0264676616915422,True
OII,0.4751697588695374,368,,,0.0225587144622991,True
FCN,0.4742024802642014,369,,,0.0149160581663858,True
CRS,0.4717478940029833,370,,,-0.0070155783183951,True
DD,0.4681552719735826,371,,,0.0094358167878907,True
CNX,0.4678039211304324,372,,,0.0092894802912377,True
RH,0.4673368367153143,373,,,0.0176791874281334,True
CRUS,0.4666942520475579,374,,,0.0120632279534107,True
TRNO,0.4596918100132998,375,,,-0.0086115727451275,True
LKQ,0.4590071478708363,376,,,0.0218394340203014,True
APH,0.4580861923722064,377,,,-0.0056539005182741,True
ALAB,0.4551204819996027,378,,,0.0476190476190476,True
T,0.4538607201435694,379,,,-0.0278940027894003,True
NVST,0.4462382650260906,380,,,0.0153188457427859,True
WK,0.4460801487972782,381,,,0.0024137931034482,True
POR,0.445138306850362,382,,,-0.0300608828006089,True
EXAS,0.4430780324744015,383,,,0.0004839802536056,True
AXTA,0.4425114172220868,384,,,0.0177396280400572,True
HASI,0.4399809937208818,385,,,-0.0369709331973482,True
SSNC,0.4397983065378798,386,,,0.0180545836249124,True
MMSI,0.4397086529092407,387,,,0.0170364015197941,True
SLM,0.4356437192159018,388,,,0.0,True
SWK,0.4331125535970641,389,,,-0.0117711771177118,True
RKT,0.4327957312809824,390,,,0.004354926510615,True
IONS,0.4318488687662912,391,,,0.0105703048180925,True
OSK,0.4283567048122135,392,,,0.0184602599869414,True
CHRW,0.4267790442748509,393,,,0.0478069680911039,True
NYT,0.4261377749920559,394,,,0.0198568148048088,True
SNDR,0.4221514283089518,395,,,-0.0010416666666667,True
DAR,0.421678835534083,396,,,0.0137335687659407,True
VZ,0.4183538319891572,397,,,-0.0179848763539751,True
CGON,0.4172402414439691,398,,,0.0248746983478744,True
ULTA,0.4168952758735809,399,,,-0.0246173000198071,True
KLAC,0.4158057207201398,400,,,0.0068766622001237,True
COLB,0.415252041965139,401,,,-0.0019169329073482,True
DRI,0.4076567498488598,402,,,-0.0102899478642641,True
WSBC,0.4059759517428735,403,,,-0.00437039060366,True
MNST,0.4040232224527873,404,,,0.0033775633293124,True
AHR,0.4004091248474967,405,,,-0.0137735849056602,True
POST,0.3995374276718676,406,,,-0.0023963133640553,True
MAS,0.3994513806439911,407,,,0.007220690560588,True
ACIW,0.3991260996467407,408,,,0.0002464268112372,True
BLD,0.3970276272284576,409,,,-0.0219425384361353,True
NDSN,0.3968080883211345,410,,,0.0079480012124069,True
RRR,0.3965572734938264,411,,,0.0379867046533712,True
YUM,0.3933493425811982,412,,,0.0106706371362987,True
AWI,0.3923148202649097,413,,,-0.0078195943900717,True
SPHR,0.3914884507965034,414,,,0.0046203469619039,True
MRK,0.3903191930763871,415,,,0.0007403142222588,True
OMF,0.3866787200818332,416,,,0.0070884281410596,True
PFG,0.3864333766372776,417,,,0.0051098064796695,True
CNA,0.3850731828769484,418,,,-0.0068465565847763,True
ATEC,0.3848859784755865,419,,,0.0029629629629628,True
GH,0.3823130410279734,420,,,0.0028942208944076,True
ED,0.3798304010641309,421,,,-0.0202773876404495,True
KFY,0.3794435020832446,422,,,0.021359856513941,True
EMN,0.3792905400964323,423,,,0.0145367210213627,True
JNJ,0.3792840884979657,424,,,0.0068220112604282,True
LMT,0.377004069070659,425,,,0.0003540749407306,True
SITE,0.3751809937419156,426,,,-0.0074252589070541,True
KMT,0.374002937581688,427,,,-0.0153609831029186,True
WSM,0.3727574721694545,428,,,0.010102917571523,True
AMP,0.3716686433983099,429,,,0.0192201032467256,True
RSI,0.3715059754053963,430,,,0.0731995277449821,True
VSCO,0.3682072798114177,431,,,0.0326375082836314,True
LUV,0.3646765232008119,432,,,0.0099520825654257,True
PFS,0.3644588493192029,433,,,-0.0047660311958405,True
OHI,0.3641706630388555,434,,,-0.0242171189979122,True
PNW,0.3629275693865461,435,,,-0.0135504095459602,True
GIS,0.3616581783466078,436,,,0.0088967971530249,True
RUSHA,0.3568147697281819,437,,,0.0285673475217826,True
OSIS,0.3543657792434124,438,,,0.035490210900295,True
TXT,0.3541366108601056,439,,,0.0055165496489468,True
SIRI,0.3535668263916997,440,,,0.0023786869647954,True
MUR,0.3529810751470446,441,,,0.0394489668127739,True
EXEL,0.3524352244210296,442,,,0.0088475499092559,True
CW,0.3521765188947525,443,,,0.004156976744186,True
TECH,0.3518539370286139,444,,,0.014188034188034,True
IQV,0.35185262522206,445,,,0.0402578448066164,True
WAL,0.3495133168196531,446,,,0.0040156398605093,True
GTM,0.3457986411953512,447,,,0.0169491525423728,True
EWBC,0.344118177060018,448,,,0.016971825098236,True
EBC,0.342413242724993,449,,,-0.0111111111111111,True
AIR,0.3390453638627219,450,,,0.0096001409194996,True
CROX,0.3385675057113353,451,,,-0.0173138510808646,True
UBSI,0.3376258287373235,452,,,-0.0070104025327906,True
LBRT,0.3372930670632053,453,,,0.0164917541229385,True
ELAN,0.3342015783538085,454,,,-0.0032180209171358,True
AIZ,0.333316692907096,455,,,-0.0060622511762576,True
VC,0.3326088493598444,456,,,0.0180318434682524,True
GAP,0.3311589348596452,457,,,0.0152173913043478,True
DKL,0.3311416559175537,458,,,0.003316138540899,True
RMBS,0.3298029189792272,459,,,0.0234428641490926,True
HST,0.3253805777255522,460,,,0.0124937531234383,True
SAIA,0.322713609735655,461,,,0.0051499935625081,True
KHC,0.3215378464223685,462,,,0.007148864592094,True
CASY,0.3211884189051506,463,,,-0.0058198418816984,True
LNT,0.3211739875811232,464,,,-0.022081575246132,True
RYN,0.319899977100465,465,,,-0.0063424947145876,True
LLYVK,0.318986948821358,466,,,0.0046704171531686,True
ANF,0.3155291320769809,467,,,0.0166826054616937,True
XYZ,0.3133336818526203,468,,,0.0549104506986812,True
CTRE,0.3117546221851719,469,,,-0.0235894941634241,True
ILMN,0.3111213546855079,470,,,0.0307269762252166,True
MAIN,0.3106574484567455,471,,,0.0141939844542076,True
ADT,0.310646149996002,472,,,0.0141935483870967,True
CAH,0.3098797824873539,473,,,-0.0026154800957531,True
CEG,0.3096762233608369,474,,,-0.0295699811887395,True
COF,0.3092934273826488,475,,,0.0151881590403404,True
LOW,0.3089443000616713,476,,,0.0034499928866125,True
TXG,0.3085702224436246,477,,,0.0510204081632652,True
COGT,0.3060584247691038,478,,,0.019404572036151,True
EVRG,0.3058405218173385,479,,,-0.013617960986382,True
ALRM,0.3053375546102768,480,,,-0.0044043162299052,True
SITM,0.304638650397143,481,,,-0.0080425069436057,True
BPOP,0.3041856280389006,482,,,0.0067632850241545,True
LHX,0.3041221106159164,483,,,0.0159554516864306,True
MUSA,0.3040409533843153,484,,,0.0166172569823686,True
WES,0.303967034310048,485,,,0.0038874914246513,True
GEO,0.3026596895825966,486,,,0.0041152263374486,True
CAKE,0.3014833190386521,487,,,0.0241368286445011,True
PH,0.3011827243344954,488,,,-0.0123077837077816,True
UFPI,0.3007927057332507,489,,,-0.0042020563254357,True
NE,0.3004208187263162,490,,,0.0181734529560615,True
HAS,0.2981232279485184,491,,,-0.0103687762887606,True
GD,0.298113599329998,492,,,0.0203491766904122,True
CPT,0.2980090819549438,493,,,0.0018455292054995,True
CFR,0.2979919837609889,494,,,0.0010401497815686,True
OZK,0.2941127448592672,495,,,-0.0006059381943042,True
CBT,0.2935274630869138,496,,,0.0070836674685912,True
HSY,0.2935253249991576,497,,,0.0120328167730172,True
ECG,0.2919241540490623,498,,,0.0053186250369348,True
YOU,0.2911938381651979,499,,,0.0258461538461538,True
EA,0.2908712523694776,500,,,0.0035082443742795,True
STLD,0.2905100948050525,501,,,0.0042726135889954,True
RF,0.289550356276297,502,,,0.0094022834116855,True
DUK,0.2872739440550625,503,,,-0.0116012942940573,True
AFL,0.2867151517693491,504,,,-0.0155952174666434,True
JLL,0.2861115540246244,505,,,0.0961893804692677,True
PSMT,0.2830195898940356,506,,,-0.003145890680299,True
RTX,0.282106838309538,507,,,0.0064373464373463,True
NSA,0.2799206256601325,508,,,0.0055767537422952,True
DLTR,0.2795735653725129,509,,,0.0312791783380017,True
MCO,0.2783406763160295,510,,,0.0650725391049571,True
ARMK,0.2776134263133907,511,,,0.0226636108989048,True
PCG,0.2767777187891614,512,,,-0.0077691453940066,True
VNO,0.2766945090425459,513,,,0.0244658855961406,True
ZION,0.2761084704560869,514,,,0.0082886396879571,True
QLYS,0.2732527957203076,515,,,0.0046193821576363,True
CME,0.2728760551295838,516,,,-0.0022425221778847,True
TKO,0.2725438426731891,517,,,0.014942419339488,True
UMBF,0.2719634690833356,518,,,0.0007043907020427,True
TCBI,0.2705117980739838,519,,,0.0053655264922871,True
CFG,0.2692294955169416,520,,,0.0100947352073303,True
WWD,0.2672372945786913,521,,,0.0135875180822484,True
UNF,0.2634478644452311,522,,,0.0125068199941242,True
SFNC,0.2631446904760179,523,,,0.0,True
ABT,0.2592214248357545,524,,,0.0091751291644397,True
USLM,0.2588824116441871,525,,,0.0017040613462084,True
AVNT,0.2573577732975801,526,,,0.0055762081784387,True
FANG,0.2568693517527872,527,,,0.0321490005338394,True
CALX,0.2565926316979969,528,,,0.0051615369910149,True
CATY,0.2550729810160296,529,,,-0.0052044609665425,True
USB,0.2538701131865986,530,,,0.0101426852329378,True
BOKF,0.2532874754039825,531,,,-0.0011230907457322,True
CQP,0.2489347382609678,532,,,0.0090120727767386,True
FIVE,0.2481267516439549,533,,,0.008847891566265,True
UDR,0.2480118773787882,534,,,0.006578947368421,True
AME,0.2460586951106716,535,,,0.0042000600008571,True
ORA,0.2443297819227835,536,,,-0.0255997423925293,True
KBH,0.243981987364045,537,,,0.0007604562737641,True
DOX,0.2436094278065328,538,,,0.0312774042677579,True
ASB,0.2434300554073471,539,,,0.004250797024442,True
ADM,0.2431558252283324,540,,,-0.0153128190170628,True
BEN,0.2428719902532881,541,,,0.0152782830120044,True
UHS,0.2421524887186931,542,,,0.0007230350459339,True
ETSY,0.2403715942535356,543,,,-0.0069882777276826,True
CLH,0.2401812647865134,544,,,0.0266463505277241,True
MRSH,0.2396191941252031,545,,,0.0129670704657909,True
BCO,0.2385134057199981,546,,,0.0,True
DLR,0.2369787978734289,547,,,-0.0215131469231195,True
R,0.2362666523000356,548,,,0.0313988439306358,True
NEOG,0.2349447882753593,549,,,0.0145586897179255,True
BLDR,0.2348594598881569,550,,,-0.0063683154497076,True
CAT,0.2347664844514801,551,,,-0.0167242010565406,True
NMRK,0.2346230496640957,552,,,0.0601915184678523,True
MAR,0.2341738982032609,553,,,-0.0109462688225815,True
LUNR,0.2335874333289092,554,,,0.0673886883273162,True
DORM,0.2307035807492675,555,,,-0.0047965341172829,True
CPB,0.2301854480747352,556,,,-0.0086424198775656,True
GEN,0.2300254325355092,557,,,0.0127137220517317,True
CHH,0.2284837269129726,558,,,-0.0055449504590491,True
NSC,0.2276357165908707,559,,,0.0020245476401365,True
GILD,0.2264013178704883,560,,,-0.0162941972048689,True
CRL,0.2262041734531521,561,,,-0.0033432157951176,True
AXSM,0.2257503787772734,562,,,0.0078559738134205,True
MZTI,0.2252241379650403,563,,,0.0150271498926632,True
AFRM,0.2240181477829675,564,,,0.001937984496124,True
PLTR,0.2238136755032804,565,,,0.0177416929784992,True
MKC,0.2229448787894148,566,,,0.0119959531724236,True
U,0.220554128980255,567,,,0.0103485838779957,True
FAF,0.2200670768935997,568,,,-0.0270588235294118,True
ESI,0.2185736741204525,569,,,0.0427112349117919,True
VTRS,0.21553668437135,570,,,0.0196950444726811,True
ATR,0.2135658431471721,571,,,0.0004941757853864,True
HUBG,0.2096004203419191,572,,,0.0301053687907677,True
BKR,0.2084750925325016,573,,,0.0280654861343134,True
LAMR,0.2082197391090441,574,,,0.0087500942898091,True
LSCC,0.2054230538531994,575,,,-0.0027692307692307,True
MSGS,0.2032138365440663,576,,,0.1633194907754103,True
APO,0.2012623773322835,577,,,0.0016779864163003,True
MRVL,0.200640752697673,578,,,0.001012530059486,True
HE,0.199873892152846,579,,,-0.0237226277372263,True
IESC,0.1979676252500565,580,,,-0.0206848357791754,True
JKHY,0.1977014293829151,581,,,0.0010719465287847,True
CWT,0.1974143050218093,582,,,-0.0157023015702302,True
CDE,0.1972858331470073,583,,,0.0357634112792297,True
FOX,0.1969248664585509,584,,,0.0127906976744185,True
MDU,0.1968093194979412,585,,,0.0044400592007893,True
SR,0.1957316198104665,586,,,-0.0251641137855581,True
FDX,0.1914434516254505,587,,,0.020730082600586,True
JBTM,0.1907298921214662,588,,,-0.0012862918044834,True
PRM,0.1888800958485396,589,,,0.0185185185185183,True
FNB,0.1874956325012338,590,,,-0.0016501650165017,True
MYRG,0.1870294170334306,591,,,-0.0348475880437999,True
WMT,0.1866586398261484,592,,,-0.0173069460613115,True
TGT,0.1850864096572568,593,,,-0.0075510554316114,True
UNP,0.1836264927883787,594,,,0.0083713850837137,True
PPTA,0.1831550404627876,595,,,0.0434472934472935,True
SEIC,0.1830821538464865,596,,,0.0282207036193369,True
MCD,0.1821098931451453,597,,,0.000824125511263,True
XOM,0.180750734980425,598,,,0.0307134550926877,True
STRL,0.1801818886226242,599,,,-0.0250949667616333,True
FBK,0.179186663899254,600,,,-0.0062797012898846,True
GLPI,0.1786500730835242,601,,,-0.0118468373175375,True
MTZ,0.1783627821972024,602,,,-0.0139961930354943,True
L,0.1780010976794818,603,,,-0.0165625848493076,True
BFAM,0.1778900403223905,604,,,0.0431262879010891,True
THC,0.1768205963489142,605,,,-0.0106723585912487,True
VRT,0.1762987381102937,606,,,-0.001314006487907,True
TXRH,0.1751010892256967,607,,,-0.0001605136436597,True
EGP,0.174663818318057,608,,,-0.0079344500337084,True
SPGI,0.1716747157041139,609,,,0.0217566086003166,True
SYM,0.1715557573591789,610,,,-0.0236804049168474,True
TGNA,0.1706636173468451,611,,,0.0033524904214559,True
KEYS,0.1686548615176948,612,,,0.0232091812790649,True
EXPD,0.1677887089914949,613,,,0.0164446860559936,True
CCK,0.1635881186971126,614,,,0.0340826686004351,True
ITT,0.163099565961666,615,,,0.001221359128438,True
AVT,0.1630862136959869,616,,,0.0044581091468103,True
GPC,0.1607013705162845,617,,,-0.0384125974232543,True
GPOR,0.1592675327944438,618,,,-0.0023571611580835,True
MOS,0.1590103320748642,619,,,0.0123796423658872,True
CVCO,0.1586799687172103,620,,,-0.0013497582395051,True
WTS,0.1586238805496035,621,,,0.0013050868034478,True
PEGA,0.1572281365188879,622,,,0.0040449438202248,True
HWC,0.1517150355819692,623,,,-0.0004237886707162,True
PLXS,0.1512159924558112,624,,,0.0064812452156162,True
IRTC,0.1511432701802479,625,,,0.037284250269687,True
ABCB,0.1497375817062482,626,,,-0.0078711985688729,True
SKY,0.147241681275483,627,,,-0.0047398248325605,True
AUB,0.1464842075759135,628,,,-0.0081906180193596,True
URI,0.1462748338827804,629,,,0.019576498934297,True
CBU,0.1453338863435039,630,,,-0.0265001522997258,True
MSCI,0.1450535302361511,631,,,0.04588264630848,True
NHI,0.1444455017659678,632,,,-0.0227422544495714,True
MTSI,0.1434163119697702,633,,,0.0047640376236817,True
EPR,0.1418911703904801,634,,,-0.0227544910179641,True
BC,0.1413260534304049,635,,,0.0180282975810133,True
LMND,0.1411533757435567,636,,,0.0176497909893171,True
CUZ,0.138578673414432,637,,,0.0262140094542329,True
WGS,0.1382737608191407,638,,,0.011095243326376,True
HSIC,0.1382366572715884,639,,,0.0106203859603679,True
TMO,0.1347046260437194,640,,,0.0238641121234473,True
SLB,0.1325301300342489,641,,,0.0351123595505618,True
CVX,0.132304547601768,642,,,0.0183882581002492,True
CWAN,0.132158841070901,643,,,0.0087221979938945,True
BLK,0.132085804989349,644,,,0.0182628394566828,True
EW,0.1318860077201806,645,,,0.0067558954748248,True
BKU,0.1308084694547581,646,,,-0.0024415055951169,True
FFIV,0.1303844365631699,647,,,0.0262768866878557,True
MOD,0.1280033154465628,648,,,0.0031820697288322,True
MTG,0.1278732815506559,649,,,-0.0026070763500931,True
LLY,0.1251640814052423,650,,,-0.014951015877612,True
RDN,0.1242449846129404,651,,,-0.0125267338832874,True
NUE,0.1224286364273141,652,,,0.0049008930516227,True
HGV,0.1222269111210683,653,,,0.0156969443281707,True
SPXC,0.1209928653484431,654,,,-8.278145695361783e-05,True
ERIE,0.1202411229049546,655,,,-0.0227232693323939,True
FITB,0.1191449607175244,656,,,0.0114964191481341,True
PHM,0.1190645369727508,657,,,0.0036728351462069,True
OPLN,0.1189892594579224,658,,,0.0027567195037905,True
GE,0.1186564215194879,659,,,0.007643389996331,True
NBTB,0.1175721959091583,660,,,-0.015970247210676,True
BRC,0.1162974908004231,661,,,-0.0026175269605276,True
MO,0.1158205950034524,662,,,0.0034565674782085,True
EXLS,0.1147416745172305,663,,,0.0228401191658389,True
AGCO,0.1134520380405405,664,,,-0.0046209386281587,True
WSFS,0.1123020805006771,665,,,-0.0098522167487684,True
NFG,0.1116647935277805,666,,,-0.010439371343352,True
PBF,0.1098139227572981,667,,,-0.0220848056537102,True
EWTX,0.1086017736442344,668,,,0.0023271276595744,True
ALLY,0.1085731470324716,669,,,0.0196173407604747,True
ASH,0.1078888528893936,670,,,0.0524655487298688,True
ZBH,0.1074557279311527,671,,,0.0113226968605248,True
FULT,0.106341413892131,672,,,-0.0054249547920434,True
SMTC,0.1058113623005347,673,,,-0.0042208532968285,True
AL,0.1054126721109431,674,,,0.0007723200494287,True
MTB,0.1050213662501525,675,,,0.0148449816079874,True
KEY,0.1027272889180738,676,,,0.0115260488704471,True
ACLS,0.1019779255251756,677,,,-0.1674111675126902,True
STAG,0.1019635835432722,678,,,-0.0046899426784783,True
WMG,0.1006978289422177,679,,,-0.0088105726872247,True
JBHT,0.1003035337681169,680,,,-0.0002684443649053,True
MCK,0.1002938285435594,681,,,0.0005282787621372,True
APPN,0.0996599968294373,682,,,0.0442708333333332,True
KAR,0.0986952491172665,683,,,,
FLS,0.097951864374087,684,,,-0.0124777183600713,True
NJR,0.0976986668339377,685,,,-0.0267725258493352,True
FICO,0.0972755320570265,686,,,0.0113421130511985,True
LEU,0.0961818339911595,687,,,0.0367193378480059,True
APGE,0.0943243120871221,688,,,0.0090465249856404,True
FFBC,0.0942898291382473,689,,,-0.0082101806239737,True
ABM,0.0936708633989908,690,,,0.0178369835177241,True
NMIH,0.0931538741648932,691,,,-0.0092430676992256,True
IBP,0.0912125227149241,692,,,-0.0253567181926277,True
NTRS,0.0890868215913256,693,,,0.0019697072607485,True
KMX,0.0886867502600709,694,,,0.0804733727810651,True
BILL,0.0885620084275754,695,,,-0.0046542553191489,True
INDB,0.087183319238371,696,,,-0.0083182640144665,True
RNA,0.0858415956063431,697,,,-0.00041174855888,True
BNL,0.0847923086345634,698,,,-0.0171284634760705,True
BOH,0.0844531652903239,699,,,0.0003796026825255,True
CTRI,0.0833042042352349,700,,,-0.0127836369447107,True
GEHC,0.0820402822759002,701,,,0.0164195564269085,True
OTTR,0.0812321039552221,702,,,0.0006922011998151,True
PEP,0.0809361696973783,703,,,0.0152544466403161,True
WBS,0.0808470068733487,704,,,0.0055501595670877,True
BMY,0.0804001825716567,705,,,-0.0102734051367026,True
SYY,0.0793963143837991,706,,,-0.0046822742474916,True
AIT,0.079069054442969,707,,,0.0034493909669073,True
PPG,0.077885861821197,708,,,-0.0071992568509057,True
BAH,0.07713218754897,709,,,0.0244700340225072,True
DOV,0.0763167300575349,710,,,-0.0050160771704179,True
VRSN,0.0746863142486475,711,,,0.0106358381502891,True
FRT,0.0727688991453189,712,,,-0.0071556350626117,True
ET,0.0725996803466497,713,,,0.0134336378291242,True
UNFI,0.0703457661555273,714,,,-0.0045754956786987,True
ELS,0.0697758798410855,715,,,-0.0114891736632788,True
HCA,0.0694521330005695,716,,,0.0004487826769887,True
CHTR,0.068445326736559,717,,,0.0089869625754186,True
LFST,0.0665611948513126,718,,,0.0127840909090908,True
AVAV,0.0653158340428162,719,,,0.0093919920909539,True
MPWR,0.0635495542885936,720,,,0.0129050955522596,True
NPO,0.063252134205494,721,,,0.0069789887890712,True
TWLO,0.0630896514146592,722,,,0.0196331459120657,True
CHRD,0.0623073353098574,723,,,0.0270542089912499,True
TRMK,0.0592553729510588,724,,,-0.0055778670236501,True
PSA,0.0579484470654279,725,,,-0.0099337748344371,True
PTGX,0.0569270197716203,726,,,0.006427358719379,True
KMI,0.0566806260053947,727,,,0.0049797696856519,True
ROK,0.0560780093363619,728,,,0.0205678688186987,True
WAT,0.0551448252360977,729,,,0.0189776934324734,True
WAB,0.0548677131597859,730,,,-0.0013862682429051,True
TXNM,0.0539826444941828,731,,,-0.0013483903590089,True
SSB,0.0526160236287268,732,,,-0.0040341946018633,True
EME,0.0522199275088434,733,,,-0.0181065830721003,True
AAON,0.0518335089117441,734,,,-0.0048647596808717,True
LNG,0.0516863805386799,735,,,0.0215058673119949,True
PSTG,0.0509572903448993,736,,,-0.0012381345439538,True
CRGY,0.0506588944125289,737,,,0.0331325301204816,True
LH,0.0488123640454272,738,,,0.0075541258539053,True
USFD,0.0472200629051164,739,,,-0.0053547523427041,True
UPS,0.0469679653024833,740,,,0.0052809280581767,True
WYNN,0.0462601010437176,741,,,0.016695804195804,True
WTFC,0.0429405841889076,742,,,0.0076013513513515,True
AVB,0.0427544472006624,743,,,0.0023079088094568,True
ICE,0.0421365461028897,744,,,0.011405109489051,True
VRDN,0.0418212484771428,745,,,-0.0063626723223754,True
BAC,0.0386261073191237,746,,,0.0117557830868411,True
RPM,0.0382124752733177,747,,,-0.0055272108843537,True
HTH,0.0370725199457454,748,,,-0.0089881869542884,True
RIOT,0.0329630220367839,749,,,0.0573378839590443,True
SBUX,0.0318905512355261,750,,,0.003878813292798,True
AVY,0.0315601934873656,751,,,0.0052471834970935,True
ESAB,0.0307733203845916,752,,,-0.0041969572060256,True
TNET,0.0307424949093696,753,,,0.0184386973180077,True
EXP,0.0306028900949952,754,,,0.0077050322131291,True
ANET,0.0300223705410289,755,,,-0.0213213634450836,True
OKTA,0.0290168531487585,756,,,0.0056997332039778,True
ADBE,0.027585726247484,757,,,0.0104434632367058,True
WPC,0.0257390117854812,758,,,-0.0373516720604099,True
FNF,0.0240283513364498,759,,,-0.0243647754959971,True
ROKU,0.0210471350067595,760,,,0.0184014450214495,True
NTAP,0.0207435907626935,761,,,0.0024735331948155,True
VMI,0.0192921261552105,762,,,0.0247995314893234,True
MSTR,0.0184274434017881,763,,,-0.0269682132587237,True
CSX,0.0180884541503704,764,,,0.0080428954423592,True
BRX,0.0178421616240011,765,,,-0.0121580547112462,True
AEE,0.0175446079891245,766,,,-0.0201736927808938,True
UCB,0.0172283269590517,767,,,-0.0088901634642958,True
CLX,0.0169355561538912,768,,,0.0019518542615486,True
INSM,0.0166021900987774,769,,,0.0039197448844008,True
BRO,0.0163756548414803,770,,,0.0124945517942758,True
FUL,0.0148001386323741,771,,,-0.0002988643156006,True
MDGL,0.0129808329617287,772,,,0.0085570056636297,True
CR,0.0121070517231941,773,,,0.0016493402638944,True
DTM,0.0116662693831646,774,,,0.0062570674707875,True
STZ,0.0112429555007618,775,,,0.0235101506221349,True
TTC,0.0111924327866771,776,,,-0.0094829307246955,True
CNM,0.0104772663864983,777,,,-0.0076788830715531,True
ETR,0.0104117554013902,778,,,-0.0196284948295671,True
TMHC,0.006517772363898,779,,,-0.0096930533117931,True
CDNS,0.0058686064953747,780,,,0.0760248359556905,True
SCHW,0.0056432105051527,781,,,0.0247099269445638,True
ITW,0.0047267225370902,782,,,-0.0042364333266088,True
CNS,0.0013294305649947,783,,,-0.0015114873035065,True
GOLF,0.0012945930349518,784,,,0.0063316582914572,True
FHN,-6.141728878413635e-05,785,,,0.012913640032284,True
NNN,-0.0012938236892202,786,,,-0.0270149586961375,True
CFLT,-0.0017799009680256,787,,,-0.0013029315960911,True
AMD,-0.0018788862875835,788,,,-0.0145755367342919,True
FHB,-0.0025111746099366,789,,,0.0018939393939394,True
MTDR,-0.0026982435107513,790,,,0.0472673559822747,True
AOS,-0.0028342734911788,791,,,-0.0064175160437901,True
HRI,-0.0038478676887105,792,,,-0.0198507860378365,True
MIR,-0.0054725769531224,793,,,-0.024556616643929,True
GFF,-0.006353703443111,794,,,-0.0276963180188986,True
PNC,-0.0107869007695458,795,,,0.0064867669953294,True
ULS,-0.0117008638561371,796,,,0.0090638719728084,True
WOR,-0.0118325337654857,797,,,-0.0263969832019198,True
KO,-0.0137879739243068,798,,,-0.0008798391151333,True
BBIO,-0.0138915888786193,799,,,-0.0253131179960446,True
MWA,-0.014826402481571,800,,,-0.0086235489220563,True
PFGC,-0.0159925065637899,801,,,0.0014213197969543,True
EQR,-0.0161933263262302,802,,,0.0017328292375551,True
VRRM,-0.0174865765945471,803,,,0.010393873085339,True
WY,-0.01939564175632,804,,,-0.0226934523809523,True
LAD,-0.0198726706539045,805,,,0.013619452564443,True
CHDN,-0.020269794458816,806,,,0.0309196316926225,True
SKT,-0.0207096044849232,807,,,-0.0108851331996561,True
EQIX,-0.0213355721249857,808,,,-0.029129069193357,True
IEX,-0.0242680622786185,809,,,-0.0010993738349027,True
ATGE,-0.0261768895505133,810,,,0.0211319175645987,True
VNT,-0.0280389195424838,811,,,0.0081240768094537,True
VST,-0.0300122587303072,812,,,-0.0179064947029019,True
KYMR,-0.0311629980467712,813,,,0.0031824611032531,True
DELL,-0.0312499222441232,814,,,0.0059436643983117,True
HWM,-0.0316705917465773,815,,,-0.0126707582656899,True
AWR,-0.0317504816856473,816,,,-0.019764957264957,True
PCAR,-0.0321870148882277,817,,,-0.0106702497628833,True
CRM,-0.032909175520733,818,,,0.0189918063920995,True
TRGP,-0.0336731370456046,819,,,0.0148468500601899,True
PRI,-0.0337609016061164,820,,,0.0020060180541623,True
WFC,-0.033972061027388,821,,,0.0132723112128145,True
C,-0.034417079261281,822,,,0.0218843381965194,True
TFC,-0.0364176669589651,823,,,0.0093869731800764,True
AM,-0.0376041484170676,824,,,-0.0223776223776224,True
BALL,-0.0382725391739055,825,,,-0.0036063110443275,True
FBP,-0.0382826775295508,826,,,-0.00354609929078,True
SFD,-0.038512005085772,827,,,-0.0124298315958301,True
VTR,-0.040118495724535,828,,,-0.013235124870526,True
ALNY,-0.0436036427005952,829,,,0.0002104566910194,True
RRX,-0.0447074455966353,830,,,-0.0026934489842501,True
META,-0.0450978497188536,831,,,0.006147444821599,True
PRVA,-0.0461079007893379,832,,,-0.013586956521739,True
NTRA,-0.0472763280464153,833,,,0.0202603550295858,True
CELH,-0.0475011905957787,834,,,-0.0109314506946025,True
LW,-0.0496417682486994,835,,,0.0141137401411373,True
XEL,-0.0509603000977027,836,,,-0.0132507739938079,True
BFH,-0.0523237068546483,837,,,0.0173592126845272,True
JBL,-0.052398377820764,838,,,0.0121989121989123,True
GBTG,-0.0529510524527238,839,,,-0.0091074681238615,True
AEP,-0.0531269677536617,840,,,-0.0228040540540541,True
PAY,-0.0534531371685451,841,,,0.0400511291009799,True
HAYW,-0.0549787388306815,842,,,0.0078883495145629,True
ADMA,-0.0564381638094084,843,,,0.0025078369905957,True
HLT,-0.0573406440324172,844,,,-0.0061040840727455,True
WELL,-0.0578913856892999,845,,,-0.031975125301652,True
FCPT,-0.0596530250337658,846,,,-0.0135674381484437,True
CACC,-0.0603357810547415,847,,,0.0287772712471507,True
SBRA,-0.0607630725264489,848,,,-0.027197668771248,True
CNO,-0.062395764788646,849,,,-0.0018552875695732,True
ODFL,-0.0624719685437929,850,,,0.0025346575625906,True
PG,-0.0636009935089939,851,,,-0.0168599185208399,True
WH,-0.064238502105277,852,,,-0.0011203784389394,True
BL,-0.0655312571211282,853,,,-0.0056239957150509,True
TKR,-0.0661330807491958,854,,,0.0160128861095318,True
CSL,-0.0662357203863193,855,,,-0.005955006616674,True
ONB,-0.0663548007140668,856,,,0.0012057877813504,True
DOC,-0.0673372345992473,857,,,-0.0058072009291519,True
NRG,-0.0673966814481709,858,,,-0.0137791870856153,True
FR,-0.0682523569184916,859,,,0.0058284762697751,True
EXPO,-0.0689055918595898,860,,,0.0224097788125727,True
AGYS,-0.0697627983243197,861,,,-0.0049881531363011,True
EXR,-0.0699399897352346,862,,,-0.0179924242424242,True
J,-0.0710503275727089,863,,,0.0368606184962625,True
GNRC,-0.0723386749701449,864,,,-0.0218881178788657,True
ENTG,-0.0737354524593678,865,,,0.0179839456622412,True
UBER,-0.0737406591623834,866,,,0.0317595349496666,True
AKR,-0.0749364130167499,867,,,-0.0126582278481012,True
RJF,-0.075527514878082,868,,,0.0198063658798961,True
AX,-0.0770124957558218,869,,,0.0013325133251331,True
MTH,-0.0778448919386466,870,,,-0.0143480973175297,True
TMUS,-0.0791412447983224,871,,,-0.0289604298529211,True
WAFD,-0.0799395659609486,872,,,0.0015133171912833,True
TDS,-0.0801281348145976,873,,,-0.0292221744735711,True
CVNA,-0.0804582312648947,874,,,0.0301760984783723,True
NNI,-0.0804718333801304,875,,,0.0042793825462323,True
BCPC,-0.0805272091420858,876,,,-0.0111420612813371,True
HCC,-0.0805732857994549,877,,,0.0254357041921808,True
APG,-0.0820991475261594,878,,,-0.0060769750168805,True
OKE,-0.0834344154500861,879,,,0.013783436514426,True
O,-0.0861969874071969,880,,,-0.0213565949766882,True
VLO,-0.0883649354265157,881,,,0.0107428803080977,True
CRDO,-0.0904234844891156,882,,,0.0249198717948717,True
GKOS,-0.0904521855352639,883,,,0.1346586646661665,True
MET,-0.090548432825427,884,,,0.0081445660473402,True
KBR,-0.0926390557094037,885,,,0.0215705283567619,True
CTRA,-0.0937184427206253,886,,,0.0128741551335693,True
GWW,-0.0939576017562994,887,,,0.0016074614474217,True
OPCH,-0.0962705132452582,888,,,0.0073779795686719,True
FELE,-0.0965515453186848,889,,,-0.0225855022585502,True
PATK,-0.0979454080255989,890,,,-0.0154650247010811,True
FTV,-0.1019082169908313,891,,,0.0267558528428093,True
CUBE,-0.1054895007424249,892,,,-0.0043758043758044,True
PANW,-0.1061847017142382,893,,,-0.0681957186544343,True
BROS,-0.1084024726127272,894,,,-0.0035441149039358,True
IVT,-0.1090495489428213,895,,,-0.0167310167310167,True
XYL,-0.1130432555604645,896,,,0.0082696208456858,True
CGNX,-0.1136236785510408,897,,,-0.0064809949203014,True
AYI,-0.114250626829,898,,,0.0071667309422802,True
ABG,-0.1148515010533291,899,,,0.0104661389621811,True
PCOR,-0.1159408020366855,900,,,0.0162804060524803,True
HUBB,-0.1162524379740378,901,,,-0.003719599427754,True
DLB,-0.1165287685733826,902,,,0.0183817753338568,True
ADI,-0.116680640322767,903,,,0.0262510740422505,True
WHD,-0.1180113114749083,904,,,0.0133356729250746,True
ATO,-0.1204845044353389,905,,,-0.0117620949844652,True
ONC,-0.1221094988714251,906,,,0.0118074733697797,True
OKLO,-0.1236580832467465,907,,,-0.0036960378474275,True
GXO,-0.1237691152832538,908,,,0.0007649938800489,True
PTC,-0.1328860509866341,909,,,0.0158750898281831,True
NWE,-0.1349273956330381,910,,,-0.011836027713626,True
BX,-0.1350115935313797,911,,,0.0114925032346451,True
HD,-0.1367248362883905,912,,,0.0012531328320801,True
ORLY,-0.1381748016781635,913,,,0.0016198704103671,True
SHW,-0.1385421647098816,914,,,-0.0059248790563679,True
MSM,-0.1398175518233865,915,,,0.0011768481865839,True
CRC,-0.1405225477125874,916,,,0.0233133168491699,True
PODD,-0.142265959960554,917,,,0.047617114557116,True
SARO,-0.1446911802300534,918,,,0.0070876288659793,True
A,-0.1454133176098765,919,,,0.02478404779204,True
KIM,-0.14629203834728,920,,,-0.0211663066954642,True
PAG,-0.1491993950526825,921,,,0.0155183865708592,True
AIG,-0.1496010433391947,922,,,0.0049118387909319,True
KDP,-0.1503197360419435,923,,,0.0003432887058016,True
ADSK,-0.1511032445830092,924,,,0.0196165453577135,True
MHO,-0.1521685291139784,925,,,-0.0179910044977512,True
EMR,-0.1529430458225418,926,,,0.0153846153846153,True
SNPS,-0.1541711559615883,927,,,0.0482521625785046,True
SUI,-0.1548269647664504,928,,,-0.011257321061839,True
CUK,-0.1551092393355228,929,,,-0.0043076923076923,True
AJG,-0.1555529047899369,930,,,0.0022897196261681,True
GTES,-0.157204961887967,931,,,-0.0073179656055616,True
VRTX,-0.1573414260272198,932,,,-0.0146861644180005,True
GATX,-0.1574979933075872,933,,,-0.0166416869088841,True
VIAV,-0.1578801439729861,934,,,0.0011406844106462,True
EXC,-0.160935075524897,935,,,-0.0166527893422148,True
ROST,-0.1617362870775219,936,,,0.0109479844609252,True
DPZ,-0.1626409242136446,937,,,0.0254082998661311,True
MANH,-0.1629008655496998,938,,,0.0100967309185906,True
NEM,-0.1647687496764835,939,,,0.0194587523505844,True
IRT,-0.1647789576931348,940,,,0.0079219987812308,True
BTU,-0.1669747073327136,941,,,0.0274691358024692,True
MGRC,-0.1672988078756017,942,,,-0.0127372200376133,True
OXY,-0.1682397888483148,943,,,0.0254680017414019,True
IPAR,-0.1696207863185067,944,,,0.0037717121588087,True
NET,-0.1718361191815032,945,,,-0.0115654688145394,True
CSW,-0.1724184183744359,946,,,0.0335271515522459,True
IDA,-0.1737494889692712,947,,,-0.0096422582448294,True
LYV,-0.1738380086829554,948,,,-0.0111089951120421,True
GGG,-0.1738476554974758,949,,,-0.0093319194061505,True
REG,-0.1744048492316421,950,,,-0.0190439176059075,True
TRU,-0.1746817346130689,951,,,0.0054441641216305,True
CXT,-0.1750738084599966,952,,,-0.0065727699530516,True
IRDM,-0.1769340342398375,953,,,-0.0195495112622184,True
CHD,-0.1781225872934179,954,,,0.0278306136750425,True
QRVO,-0.1787058636400274,955,,,-0.002728674813145,True
LEN,-0.1787339327813342,956,,,-0.0014822134387351,True
HEI,-0.1792814104745902,957,,,0.014857210640254,True
IDXX,-0.1808624018854603,958,,,0.013941900761774,True
CHEF,-0.1809696368806562,959,,,0.0119760479041917,True
PAYO,-0.1824312833917612,960,,,0.0336448598130842,True
BKE,-0.1825454588376306,961,,,-0.0113235567105995,True
TSN,-0.1835888564754348,962,,,0.016852146263911,True
GRBK,-0.1836486822704487,963,,,-0.0017612278273996,True
ENSG,-0.1843877495176369,964,,,-0.0118134324845859,True
ALGN,-0.1845050010185177,965,,,0.0192287148808887,True
CURB,-0.185079448655267,966,,,-0.0151459179903953,True
OVV,-0.1852997368874282,967,,,0.0651041666666667,True
BIIB,-0.1856561844475187,968,,,-0.0076168080973315,True
DASH,-0.187289248292325,969,,,0.0680054207219416,True
FRME,-0.1886153110478716,970,,,-0.0058768218147625,True
KMB,-0.1895595175056083,971,,,0.0221354166666667,True
NBIX,-0.1896440441824001,972,,,0.0048528490920474,True
CRWD,-0.1899302482142265,973,,,0.0035482391561465,True
SYK,-0.1911043557021899,974,,,0.0220488650522778,True
MTD,-0.1913013866770274,975,,,0.0165011380095179,True
LECO,-0.1938051679545256,976,,,0.0061614508998504,True
MASI,-0.1948816266595553,977,,,0.0052664720361783,True
ECL,-0.1987459679017865,978,,,-0.0039828834759711,True
KAI,-0.198807641083312,979,,,-0.0390992773829869,True
FCNCA,-0.1990133824025532,980,,,0.0348271202447392,True
MLM,-0.2005581985894673,981,,,-0.007201476302642,True
ON,-0.2019122324441828,982,,,-0.018065591995553,True
KKR,-0.203663951702019,983,,,0.0102389078498292,True
NOV,-0.2058775613742058,984,,,0.0482433141059255,True
VICI,-0.2063303013835366,985,,,-0.0046885465505693,True
ESE,-0.2072543107832859,986,,,0.0150751879699246,True
AZO,-0.2077395667356867,987,,,0.0007055050774986,True
VMC,-0.2104662792492371,988,,,-0.0094633048772417,True
RBA,-0.2113185806942294,989,,,0.0325710991544965,True
IT,-0.2114889903410511,990,,,0.0316698656429941,True
EPRT,-0.2125932711777515,991,,,-0.0110125420617925,True
SNEX,-0.2129244312932955,992,,,0.0125701636493005,True
ZWS,-0.2148590618820045,993,,,0.0017605633802817,True
RNST,-0.2150962868214216,994,,,-0.0113161131611316,True
KD,-0.2153874692361906,995,,,-0.0345842531272995,True
AMH,-0.2179029985367943,996,,,-0.0044444444444444,True
PKG,-0.2179779758451352,997,,,-0.0055747389441278,True
CNP,-0.217988565345641,998,,,-0.0168815943728019,True
ADC,-0.2197238993683569,999,,,-0.0313249968422382,True
CRVL,-0.2206830670817098,1000,,,-0.0218181818181817,True
ESS,-0.2224017785504182,1001,,,0.0111703177422537,True
ZG,-0.2227764043448212,1002,,,0.0211411684473743,True
EOG,-0.2234685184766266,1003,,,0.0210438413361169,True
RHP,-0.2240436412380153,1004,,,0.0004898119122256,True
POOL,-0.2247789069854613,1005,,,-0.0005088859312611,True
NWS,-0.2257636822291009,1006,,,-0.0015197568389057,True
DXCM,-0.2273387981130786,1007,,,0.033650433054096,True
CMS,-0.2291504247809625,1008,,,-0.0122304050499737,True
HOMB,-0.2316112383266197,1009,,,-0.0095108695652174,True
SNOW,-0.2318745604210677,1010,,,-0.0057594579333708,True
DHI,-0.2330961994850485,1011,,,0.0057730470864152,True
TDY,-0.2335079467645303,1012,,,0.0204974204974204,True
CDW,-0.2362224376629956,1013,,,-0.0068717538953255,True
ES,-0.2367447043928615,1014,,,-0.0179378337669451,True
INVH,-0.2378941182594127,1015,,,-0.0110537951363302,True
NWSA,-0.2389975150772621,1016,,,0.0068995256576109,True
PM,-0.2408961674601244,1017,,,-0.0053362374081133,True
IR,-0.240903408105585,1018,,,-0.0157958687727824,True
ARCC,-0.2425819955883673,1019,,,0.0056994818652849,True
SNA,-0.2452305927623016,1020,,,0.0069952055332862,True
APPF,-0.2453521811244185,1021,,,0.047336927543101,True
SOFI,-0.2461748803010794,1022,,,0.001537672988211,True
NCLH,-0.2474649668402529,1023,,,0.0103734439834024,True
CART,-0.2487513195136529,1024,,,-0.0111655773420478,True
BBY,-0.2494682370893242,1025,,,0.0122541603630863,True
RVTY,-0.2510024750559445,1026,,,0.0283008942661757,True
D,-0.2511735305545251,1027,,,-0.0141660319878142,True
GFS,-0.2530620850025322,1028,,,-0.0346329323931978,True
NEU,-0.2533108255132463,1029,,,0.0144548182727577,True
TBBK,-0.2567088106517414,1030,,,-0.032398858485815,True
IBOC,-0.258043788626916,1031,,,-0.0066152149944873,True
AMR,-0.2611713666107714,1032,,,-0.0034176726751558,True
COR,-0.2625469066160937,1033,,,0.0007222824124233,True
DIS,-0.2634441712651003,1034,,,0.0157435508345977,True
OS,-0.2652608130064551,1035,,,0.0068405301410858,True
MHK,-0.2680251321139596,1036,,,-0.0068986430141763,True
PI,-0.2710261915728404,1037,,,-0.0248949496551177,True
RS,-0.2715034203408849,1038,,,-0.0113429327064354,True
HBAN,-0.2719023180919653,1039,,,0.0240412135088725,True
NI,-0.2763778003531015,1040,,,-0.0301862556197817,True
WTRG,-0.2775840330012301,1041,,,-0.0161616161616161,True
MGY,-0.2776667803772361,1042,,,0.0149942329873125,True
ELF,-0.278239392676789,1043,,,0.0087076076993584,True
MAA,-0.2782765600171089,1044,,,0.0052823450636114,True
REXR,-0.2799042216078823,1045,,,-0.0093159435719989,True
DGX,-0.2819218298133168,1046,,,-0.0053530585429949,True
BAX,-0.2819564439552333,1047,,,0.0544840887174542,True
DHR,-0.2827271192933312,1048,,,0.0106609808102344,True
WMB,-0.2829342556302367,1049,,,0.0025013896609227,True
FIS,-0.2834311464071404,1050,,,0.0223063973063972,True
MSA,-0.2837886986832015,1051,,,-0.0116256060156326,True
RGTI,-0.285557813953444,1052,,,0.0378447722899293,True
PB,-0.2856992176348512,1053,,,0.0064587055105125,True
LPLA,-0.285814012624236,1054,,,0.0310065489307551,True
PBH,-0.2858633616864106,1055,,,0.0037724460540213,True
COP,-0.2888580139008747,1056,,,0.0159955874241588,True
EXE,-0.2903703377779806,1057,,,-0.0314355231143552,True
LII,-0.2921542132978101,1058,,,-0.0205305039787798,True
Z,-0.2924672556868996,1059,,,0.0229702069592903,True
CL,-0.2927249989548372,1060,,,-0.0007318348144276,True
WRB,-0.2928784667622718,1061,,,-0.0033783783783785,True
GRAL,-0.3029862431766776,1062,,,0.0328183378774109,True
AAPL,-0.3084616350035621,1063,,,0.0017811126269517,True
NVR,-0.3094106894639423,1064,,,0.0137609486592102,True
WM,-0.3103891996086366,1065,,,-0.0049315534393333,True
RBC,-0.3131390824994275,1066,,,-0.0023149404083698,True
AWK,-0.3131588713888497,1067,,,-0.0176016777769455,True
VOYA,-0.3132210848746125,1068,,,0.014921360397903,True
JPM,-0.314355144090473,1069,,,0.0053723179109821,True
SAIL,-0.3152975547541927,1070,,,0.0281150159744407,True
IOT,-0.3166934220870881,1071,,,0.0294342507645259,True
DOCU,-0.3176600451736728,1072,,,-0.008626410086264,True
KVUE,-0.3179910439359829,1073,,,0.0255296034763714,True
ASTS,-0.3182362318544696,1074,,,0.0168613754064796,True
SNAP,-0.3186085224291674,1075,,,0.0317124735729386,True
WDAY,-0.3203533345675486,1076,,,-0.0034237003912801,True
TEM,-0.3245495635673049,1077,,,0.0684931506849313,True
UE,-0.3249763269832416,1078,,,-0.0166666666666667,True
KRG,-0.3287210781753547,1079,,,-0.0154978690430065,True
BSX,-0.3294685869995933,1080,,,-0.0001310787783458,True
PWR,-0.3297246860678339,1081,,,-0.0110829699312552,True
INTA,-0.3297506129796428,1082,,,-0.0491666666666666,True
TPL,-0.3318335078027855,1083,,,0.0335115613714178,True
BKD,-0.3320279965216028,1084,,,-0.0048076923076924,True
BRKR,-0.332437206784279,1085,,,0.04302203567681,True
CTVA,-0.3337376408574348,1086,,,0.013765718067505,True
FLO,-0.3341328478457601,1087,,,0.0238095238095239,True
LPX,-0.3370259547892502,1088,,,-0.029146972766149,True
APD,-0.3371452477711854,1089,,,0.0169253484100975,True
CCL,-0.3386823864598849,1090,,,-0.0042839657282741,True
CARG,-0.3400631184835161,1091,,,0.0205553552109629,True
H,-0.3410784789785372,1092,,,-0.0097293472492482,True
OTIS,-0.3420670843277561,1093,,,0.0035698831674599,True
OLN,-0.3436252234519499,1094,,,0.0439882697947213,True
ADP,-0.3488458557251407,1095,,,0.019382391590013,True
PSN,-0.3503504988295597,1096,,,0.0376160234489497,True
PEG,-0.3506479553278038,1097,,,-0.0297872340425532,True
SYNA,-0.3535453957624969,1098,,,-0.0074941451990632,True
CORZ,-0.3551278900001432,1099,,,0.0023215322112593,True
RRC,-0.3564977674523187,1100,,,0.0226158038147139,True
DIOD,-0.3568303996090826,1101,,,0.0044418122594018,True
CNK,-0.3590655210732816,1102,,,0.041403785488959,True
ABBV,-0.3604416605227961,1103,,,-0.0177789229580005,True
CPRT,-0.3655773391208618,1104,,,0.0061300639658847,True
SPY,-0.3676777180685114,1105,,,0.0050377095994726,True
ENPH,-0.3685102697715101,1106,,,0.0087642418930762,True
SFBS,-0.370211927126332,1107,,,-0.0161569532602424,True
AROC,-0.3712738026537045,1108,,,0.0061162079510701,True
LIF,-0.3713189949740008,1109,,,0.0312815338042382,True
FAST,-0.3728783328733899,1110,,,0.0063471219085138,True
AMGN,-0.3753910758240408,1111,,,0.0170612813370474,True
CVBF,-0.3775133963071206,1112,,,-0.0052884615384615,True
OGS,-0.3794943622760329,1113,,,-0.0204105435036155,True
MORN,-0.3811620796314748,1114,,,0.0280462383930262,True
RYTM,-0.382168938061933,1115,,,-0.0119964888325369,True
CCI,-0.3824271491230813,1116,,,-0.04822556063575,True
FND,-0.3848276790123111,1117,,,0.0101083032490976,True
GPK,-0.3850293354942711,1118,,,0.0582053354890865,True
AXP,-0.3875799052408785,1119,,,0.0049632833134996,True
ABNB,-0.3887030624975216,1120,,,0.0003219834178538,True
ARES,-0.3903812055789447,1121,,,0.0272985200521431,True
AMZN,-0.3939917893688804,1122,,,0.0180959482972904,True
DRVN,-0.3941539134159288,1123,,,0.0106445890005912,True
VSH,-0.3979458753742812,1124,,,0.0379882289994648,True
BOOT,-0.399963596747411,1125,,,-0.0039993924973421,True
WSO,-0.4027535584047642,1126,,,-0.0083012085235201,True
DDOG,-0.4031052759483047,1127,,,-0.006364229765013,True
TPH,-0.4042369408245924,1128,,,0.0008639308855293,True
BK,-0.4060063076988539,1129,,,0.0058080808080807,True
FSS,-0.4066431593669569,1130,,,-0.0060042283298096,True
WING,-0.4077122576115404,1131,,,0.1084279926920326,True
CBRE,-0.4097630182938672,1132,,,0.07625318606627,True
TDG,-0.4103103897658728,1133,,,0.0101527520716375,True
BOX,-0.4106719628625805,1134,,,0.0044091710758378,True
IRM,-0.4112560439095784,1135,,,-0.0272083831234488,True
CPK,-0.4128776411254609,1136,,,-0.0292480142528394,True
NOVT,-0.413193657021588,1137,,,0.0017885395886358,True
SO,-0.4141637690316158,1138,,,-0.0104347826086955,True
BCC,-0.4142491085715709,1139,,,-0.0054606715464157,True
EFX,-0.4142534647776543,1140,,,-0.0005708354955888,True
SXT,-0.4161304766365035,1141,,,-0.0083342353068514,True
UI,-0.4162945741216486,1142,,,0.0166774495003954,True
TREX,-0.4196487431600463,1143,,,-0.0108618654073199,True
FWONA,-0.4234210505784621,1144,,,0.0259952279291724,True
GME,-0.4235901117037595,1145,,,0.0262252794496991,True
SBAC,-0.4250055096982279,1146,,,-0.0278653012997243,True
WAY,-0.4263369818578901,1147,,,0.0452488687782806,True
SBCF,-0.4276762817787084,1148,,,-0.0002973535533751,True
RUN,-0.4284473284525986,1149,,,0.0413650465356774,True
OWL,-0.4286975539146628,1150,,,0.0190397350993378,True
PCTY,-0.4294553655549073,1151,,,0.0158862876254179,True
CRBG,-0.4321684496362219,1152,,,0.0038822387576835,True
PINS,-0.4324975806817541,1153,,,0.0560928433268859,True
HWKN,-0.4333759048343545,1154,,,-0.0009657836644592,True
THO,-0.4336073216294865,1155,,,0.0055753985538808,True
HPE,-0.4349609335892098,1156,,,-0.0191169776968592,True
TYL,-0.4360234931967913,1157,,,0.0152329749103943,True
MAC,-0.4465551253842357,1158,,,0.0191591271953166,True
HQY,-0.448830686853777,1159,,,0.03698224852071,True
CAVA,-0.4495999191224872,1160,,,0.0698151950718686,True
DKS,-0.4498807140649087,1161,,,-0.0162017948096047,True
IFF,-0.4617051525175198,1162,,,0.0026589315929417,True
AVA,-0.4632999929684047,1163,,,-0.0137979420018707,True
FTNT,-0.463335651282439,1164,,,-0.0122414004162075,True
ACM,-0.467631448044999,1165,,,0.0452701962073878,True
GTLS,-0.46822649044787,1166,,,-0.0002411149153687,True
TTEK,-0.4703927904336141,1167,,,0.0402476780185758,True
RDNT,-0.4711054661689814,1168,,,0.007737760270118,True
BJ,-0.4730818430652209,1169,,,-0.0047264682220434,True
KNTK,-0.4736096383070224,1170,,,0.0866064893876554,True
MPW,-0.4763458009022961,1171,,,,
MSFT,-0.4779935204112557,1172,,,0.0069041979539383,True
WDFC,-0.4797772409874812,1173,,,0.0046841319847454,True
IAC,-0.4809144447392987,1174,,,0.0598190837467171,True
XPO,-0.4835634921262374,1175,,,0.0040565944394974,True
RHI,-0.4836882229640812,1176,,,0.0439338976219265,True
PPL,-0.4839571018853688,1177,,,-0.0202289060420547,True
TRN,-0.48421837668941,1178,,,-0.0129533678756477,True
TSCO,-0.4869565612600715,1179,,,-0.0028468400075915,True
COST,-0.4887885140864569,1180,,,-0.0157798527740723,True
GPI,-0.4892909047514713,1181,,,0.0167110680552191,True
ITGR,-0.4897497613862002,1182,,,-0.0134610997033993,True
FRSH,-0.489818769634837,1183,,,0.0178326474622769,True
PNFP,-0.4906810948385215,1184,,,0.0239527167150559,True
HLI,-0.491867567672719,1185,,,0.0033830725548238,True
ORCL,-0.4921303573090552,1186,,,0.0142884977593036,True
USAC,-0.4921909516284593,1187,,,0.0242961820285383,True
RELY,-0.4955008277023804,1188,,,0.0405198776758408,True
DTE,-0.500895721549826,1189,,,-0.0143064482687124,True
CALM,-0.5048507732131448,1190,,,0.012433829865813,True
FBNC,-0.5055163412517618,1191,,,-0.0004913200131019,True
MP,-0.5064640086922507,1192,,,0.0173836698858647,True
PRK,-0.5091814079052578,1193,,,-0.0135857207821736,True
NKE,-0.5092526053284573,1194,,,0.0112619561863622,True
FDS,-0.5127462869796341,1195,,,0.0413553614648005,True
GBCI,-0.516129496436414,1196,,,-0.0110127826941986,True
HR,-0.5183239223956773,1197,,,-0.0269832703723691,True
CRNX,-0.5197469012780853,1198,,,-0.0052655677655677,True
CCC,-0.5209544718531566,1199,,,0.0158730158730158,True
TTWO,-0.5211229233515374,1200,,,0.0271315830195491,True
BR,-0.5223931014183462,1201,,,0.0229139148911732,True
AMT,-0.5238101870716048,1202,,,-0.0335076907141747,True
FOUR,-0.5261845235117053,1203,,,0.0511908993956631,True
LTH,-0.5289055523436089,1204,,,0.0044735030970406,True
SN,-0.5304025609272196,1205,,,-0.0282997337390641,True
CWST,-0.5322641024503395,1206,,,-0.0148247978436656,True
CTAS,-0.5349631849486394,1207,,,0.0076441617073672,True
LSTR,-0.5355505168948312,1208,,,0.0220603537981269,True
TRMB,-0.5365277582260481,1209,,,0.0195032759408806,True
NCNO,-0.5375031305504577,1210,,,0.0105067985166873,True
PECO,-0.5387302895513446,1211,,,-0.0078165711307973,True
BBWI,-0.5388591220991895,1212,,,-0.030806647750304,True
FA,-0.5389347338752084,1213,,,0.0030769230769229,True
PAYC,-0.5406992525283436,1214,,,0.0155330281229562,True
LOAR,-0.5413294037577747,1215,,,0.0254037948878782,True
KVYO,-0.5423565488342227,1216,,,0.0253235790658412,True
NSIT,-0.542852129810257,1217,,,-0.0008433734939757,True
MDLZ,-0.5438717274257246,1218,,,0.0036752422318744,True
TDW,-0.5446455435634476,1219,,,0.0220314735336193,True
VCTR,-0.5448933691087653,1220,,,0.0043813064259161,True
RSG,-0.5456847887561224,1221,,,-0.0196663501966635,True
VERA,-0.5478922249475773,1222,,,0.0284714119019835,True
PLMR,-0.5483940666472482,1223,,,-0.0165397338256789,True
CMG,-0.5554981606983197,1224,,,0.0221752903907073,True
SSRM,-0.5572021853115322,1225,,,0.0262446931686606,True
AVGO,-0.5578597839531787,1226,,,0.0029169423227279,True
ESTC,-0.5590323184344826,1227,,,0.0097617471872932,True
DE,-0.5605155146735051,1228,,,-0.0125990280274284,True
PYPL,-0.5609111192619847,1229,,,0.0156824307767704,True
RGA,-0.5633350094086684,1230,,,0.0031097890751756,True
PAYX,-0.56452129474871,1231,,,0.0109359922804761,True
INSP,-0.5661986920228986,1232,,,0.0250041397582381,True
RZB,-0.5685448037539437,1233,,,0.0003969829297338,True
SHAK,-0.5710231184623885,1234,,,0.0298523783488244,True
LNTH,-0.5713424131254357,1235,,,0.0251157569804967,True
IMVT,-0.5789392213311164,1236,,,0.0140791476407913,True
VLTO,-0.5793919166802021,1237,,,0.0225596529284164,True
TOWN,-0.5828318364853315,1238,,,-0.0172602739726027,True
TOST,-0.5850238658639345,1239,,,0.0003615328994939,True
BURL,-0.5851543984128837,1240,,,-0.0056567593480344,True
GTLB,-0.5856600566800784,1241,,,0.0197044334975369,True
DT,-0.5887907763672597,1242,,,-0.0057330057330057,True
QTWO,-0.5892173516707896,1243,,,-0.0049439056854916,True
DRS,-0.5908515888553649,1244,,,0.0196779964221822,True
HOOD,-0.591332017917349,1245,,,-0.0030487804878048,True
GDDY,-0.5978532909326352,1246,,,-0.0070175438596491,True
HRL,-0.5993781228074979,1247,,,0.0443686006825938,True
TJX,-0.6005563237266157,1248,,,0.0016563674587499,True
CSCO,-0.6051164388550432,1249,,,0.0173064411190633,True
IPGP,-0.6088382265790453,1250,,,0.0253596322111819,True
LB,-0.6117684430033387,1251,,,-0.0184605757196495,True
WEC,-0.6157414278091575,1252,,,-0.0149848419229103,True
RLI,-0.6172360337734989,1253,,,-0.0055948658877735,True
BATRK,-0.6192630399256454,1254,,,0.0032332563510393,True
BATRA,-0.620067556897662,1255,,,0.0016715419974926,True
EHC,-0.6218933264228256,1256,,,-0.004199379222202,True
CVLT,-0.6250042738608842,1257,,,0.030628390596745,True
FFIN,-0.6253399787837153,1258,,,-0.0143497757847534,True
SUPN,-0.6257685097587921,1259,,,-0.0275087175513365,True
LOPE,-0.6303947987930985,1260,,,0.0335078534031414,True
CHWY,-0.6342359379663414,1261,,,0.0155462184873949,True
ROAD,-0.6342967603819816,1262,,,-0.0346970481615742,True
FWONK,-0.6348982549027605,1263,,,0.031012220428868,True
MMM,-0.6390923889496442,1264,,,-0.0205822694189238,True
BIPC,-0.6440334982328598,1265,,,-0.0176613885505481,True
BRZE,-0.6440560145517091,1266,,,0.0147666863555817,True
LRN,-0.6463599561114437,1267,,,0.005609930771067,True
BKNG,-0.648131358916312,1268,,,0.031361182565849,True
NUVL,-0.6519828473270279,1269,,,0.0011737089201877,True
SRE,-0.6554881466830428,1270,,,-0.0130191521411662,True
RBRK,-0.6587239358342022,1271,,,0.0166355140186915,True
WSC,-0.6602460457533069,1272,,,0.0236329935125116,True
AAL,-0.661527211049707,1273,,,-0.0208333333333333,True
OLLI,-0.6638722983202118,1274,,,-0.0087703597637371,True
IBRX,-0.6685159455906369,1275,,,0.4186046511627905,True
CVS,-0.6802345494468174,1276,,,-0.0057544757033248,True
REZI,-0.6843280374158598,1277,,,0.0104338275672706,True
INTU,-0.6860849407425038,1278,,,0.0274283303003928,True
FIZZ,-0.6863154927450564,1279,,,0.0054540496318515,True
OBDC,-0.6898957207301836,1280,,,0.010498687664042,True
TTAN,-0.6900549050047295,1281,,,0.0503278688524588,True
SWKS,-0.7028140323888993,1282,,,-0.0025740025740025,True
MKTX,-0.7034491636043121,1283,,,-0.0091701828410688,True
BBAI,-0.7092279931313549,1284,,,0.0380710659898477,True
GWRE,-0.7120506672397321,1285,,,0.0535612069670454,True
ZTS,-0.7136063635048319,1286,,,0.0284326218540935,True
CBSH,-0.7149626535448006,1287,,,0.0028296547821164,True
ATKR,-0.7203867675056753,1288,,,-0.0013537906137184,True
AVPT,-0.7246156976373888,1289,,,0.0182516810758885,True
ZS,-0.7316060542049811,1290,,,-0.0026652760878382,True
BGC,-0.7343636828803558,1291,,,0.007329842931937,True
ALG,-0.7388863972643134,1292,,,-0.0281953087601724,True
NOW,-0.7425171220977325,1293,,,0.0179397601737325,True
ALK,-0.7446808813587665,1294,,,-0.0217238962859144,True
MCHP,-0.7533495483819443,1295,,,0.0021535343298708,True
CHE,-0.7533575803983719,1296,,,-0.0114361814568977,True
CZR,-0.7574207070022715,1297,,,0.1303430079155674,True
SPSC,-0.7575664281204053,1298,,,-0.0276390276390277,True
DVA,-0.7614663328251958,1299,,,-0.01768499434878,True
ROP,-0.7675517861350828,1300,,,0.0382530979621591,True
URBN,-0.7679791835054324,1301,,,-0.0208042446244066,True
CRK,-0.7703952563642161,1302,,,0.0032345013477088,True
EQH,-0.7715807635950733,1303,,,0.0066298342541435,True
BSY,-0.7819800040011569,1304,,,0.0288461538461539,True
FLG,-0.7823125176502923,1305,,,-0.0425531914893616,True
PGR,-0.7848876507186897,1306,,,-0.0222222222222222,True
TENB,-0.7956129512882718,1307,,,-0.0049773755656109,True
TFSL,-0.8006320958885843,1308,,,-0.0163078930202218,True
SLAB,-0.8017616190898286,1309,,,-0.00116680441441,True
MGEE,-0.805259847032774,1310,,,-0.0296008734683975,True
ALKT,-0.8064880556778603,1311,,,0.0319410319410318,True
AR,-0.8074576642685275,1312,,,0.0065417781742491,True
BDC,-0.8076131105667594,1313,,,0.0020487604998975,True
VRSK,-0.8134561134079848,1314,,,0.038183869148336,True
ITRI,-0.8150125347835797,1315,,,0.0326661827232188,True
PLNT,-0.8163401861270391,1316,,,0.0141499243897169,True
PTON,-0.8241697972000446,1317,,,0.0310262529832934,True
SOUN,-0.8250760277724767,1318,,,0.030054644808743,True
STWD,-0.827385852402919,1319,,,0.0016592920353983,True
VEEV,-0.8389048406554244,1320,,,0.0250537269539645,True
AAOI,-0.8402967637010786,1321,,,-0.0107037121384649,True
IMNM,-0.8466568727186158,1322,,,-0.0308505949757603,True
LINE,-0.8619193643927425,1323,,,-0.0137392241379309,True
KNSL,-0.8641997874233254,1324,,,0.0077525554228063,True
AXON,-0.8707434260159375,1325,,,-0.0042135481779876,True
STEP,-0.8709466436081422,1326,,,0.0237666546633057,True
CARR,-0.8719043950827965,1327,,,-0.0316122233930454,True
NTNX,-0.874357177208688,1328,,,0.0065934065934065,True
KGS,-0.8777187505986207,1329,,,-0.0096153846153846,True
CNC,-0.8841767744730106,1330,,,0.0446276982779529,True
TXN,-0.893302404450903,1331,,,-0.0105011298684035,True
SUN,-0.8937560735978568,1332,,,0.0150438088940321,True
BXMT,-0.897797679823073,1333,,,-0.0076297049847404,True
S,-0.8983898741240387,1334,,,-0.0037313432835821,True
LYB,-0.9038819660933798,1335,,,-0.0001786352268666,True
CNR,-0.9044146204507252,1336,,,0.0271331255051379,True
EQT,-0.9047635693488058,1337,,,0.0152380952380952,True
LION,-0.910523481473226,1338,,,0.0338983050847456,True
TW,-0.9121699078311636,1339,,,0.0230055983205039,True
CYTK,-0.9197187178849916,1340,,,0.0054037826478534,True
COLD,-0.9209558021511428,1341,,,-0.0259740259740259,True
IRON,-0.9282464605904944,1342,,,-0.0166234558487111,True
ACLX,-0.9372218733225188,1343,,,-0.0165242165242164,True
RIVN,-0.9381973697892316,1344,,,-0.0194292653309047,True
MA,-0.9389342131355022,1345,,,0.0115915927423217,True
ALGM,-0.9429923027734004,1346,,,-0.0743583593187813,True
AFG,-0.9813988159781136,1347,,,-0.0112890922959572,True
QCOM,-0.983992067899628,1348,,,0.0042768001121784,True
NFLX,-1.0038459741762729,1349,,,0.0128571428571429,True
HUBS,-1.01231003109614,1350,,,0.011443128057903,True
MOH,-1.01278458752916,1351,,,0.0510760613207548,True
ST,-1.021487374218176,1352,,,-0.0062381339842689,True
POWI,-1.0237176891123554,1353,,,0.0043734966105402,True
PRMB,-1.0289858141193895,1354,,,0.0142231947483586,True
V,-1.0297608038297816,1355,,,0.0025039123630672,True
BEAM,-1.038112938583733,1356,,,0.0025463805020007,True
DOCS,-1.0417164055069037,1357,,,0.0353946297803091,True
SMCI,-1.0444715953364638,1358,,,-0.0132846230488209,True
MSI,-1.0473338699684294,1359,,,-0.0134568332750786,True
MKL,-1.0547660471603977,1360,,,-0.0063805493988852,True
DJT,-1.065835887574763,1361,,,0.0575176589303734,True
SRRK,-1.067296957147817,1362,,,0.0109795479009686,True
CLF,-1.0687273677780096,1363,,,0.0028517110266161,True
OLED,-1.0699914885329518,1364,,,0.0072232487821266,True
PSKY,-1.0797476595834898,1365,,,0.0267774699907663,True
UNM,-1.0855315304121995,1366,,,0.0048004388972706,True
MRNA,-1.0929647824826458,1367,,,0.0607785112679262,True
RCL,-1.0978971587470752,1368,,,-0.0151669601210886,True
AAP,-1.0997637278984225,1369,,,-0.0142756432851604,True
AMBA,-1.1015251078691204,1370,,,0.0010639914880679,True
NEE,-1.1040159699226306,1371,,,-0.0160716211843382,True
LFUS,-1.107954013901165,1372,,,-0.0031166009035283,True
GSHD,-1.108559737155046,1373,,,-0.0641911909934821,True
COIN,-1.1116979986255258,1374,,,-0.0118660402361161,True
BIO,-1.1263036416924443,1375,,,0.0216661004793718,True
ASAN,-1.1314253642662784,1376,,,0.0339673913043478,True
VRNS,-1.159279314905421,1377,,,0.0150078988941548,True
NVDA,-1.159706241477706,1378,,,0.0162729091203979,True
HON,-1.1753918409847053,1379,,,-0.0062229548732742,True
BMI,-1.1826432797759214,1380,,,-0.0062189836044977,True
SLG,-1.2107568559856727,1381,,,-0.0068285280728375,True
IVZ,-1.2122754615227906,1382,,,0.0128787878787879,True
PFE,-1.2418349932883297,1383,,,0.0,True
DKNG,-1.2468523907911246,1384,,,0.0274457724656929,True
ZBRA,-1.2545983612734914,1385,,,-0.0315999386408957,True
TWST,-1.278675382819213,1386,,,0.0385779122541602,True
OC,-1.289830020412733,1387,,,0.0059898173105721,True
DUOL,-1.3113024318068491,1388,,,0.0033904354032834,True
RUM,-1.3148325808980592,1389,,,0.0190641247833622,True
RXO,-1.3151277339723808,1390,,,0.0694538098449089,True
CAR,-1.3169770354961183,1391,,,0.0098280098280099,True
BEPC,-1.3430241220184136,1392,,,-0.0320180383314543,True
RITM,-1.3507444837498497,1393,,,0.00188679245283,True
HIMS,-1.351356642544751,1394,,,-0.0264290104486785,True
VERX,-1.3529905285319417,1395,,,-0.0202593192868719,True
RGLD,-1.4010832514256846,1396,,,-0.0046583294513922,True
MTN,-1.410770492972424,1397,,,0.0307803992740471,True
QS,-1.418724094879919,1398,,,-0.0069444444444444,True
RYAN,-1.4349805131544573,1399,,,0.016628873771731,True
RBLX,-1.4570852701333878,1400,,,0.000952380952381,True
PCVX,-1.4603067000880403,1401,,,0.0532533283330209,True
CMPO,-1.546101597984148,1402,,,,
TTD,-1.5501779223215484,1403,,,0.009501187648456,True
BRBR,-1.5533375093479422,1404,,,0.0243362831858406,True
VKTX,-1.5556059492770422,1405,,,-0.0098522167487684,True
GPGI,-1.5585257801693,1406,,,-0.0248859394442139,True
DYN,-1.5635560201687226,1407,,,0.006544502617801,True
SLNO,-1.6543575170602458,1408,,,0.0028571428571428,True
JOBY,-1.6555292668974837,1409,,,0.01001001001001,True
MARA,-1.6570436137628382,1410,,,-0.0013315579227696,True
SFM,-1.6578984753716968,1411,,,0.0016281823564239,True
FISV,-1.6862373682188525,1412,,,-0.0069345941686368,True
DNLI,-1.7071196620335436,1413,,,-0.0025933609958506,True
OSCR,-1.7618941241046455,1414,,,0.0231516056758773,True
CORT,-1.7765431659081106,1415,,,0.0047943477163763,True
CSGP,-1.7766365372904422,1416,,,0.0699606471359859,True
KR,-1.810610759602478,1417,,,-0.0114843525696238,True
SMMT,-1.8537186699339712,1418,,,0.0127551020408163,True
VG,-1.8770867777973967,1419,,,0.088939566704675,True
BANF,-1.9131909078972449,1420,,,-0.0030814003252589,True
UPST,-1.936255672107548,1421,,,-0.013762902721301,True
KMPR,-1.9395520861852429,1422,,,0.017934446505875,True
TFX,-1.994873575940587,1423,,,0.0628188173058756,True
SEZL,-2.0720893058975993,1424,,,0.032807570977918,True
IONQ,-2.1169771841258833,1425,,,0.0048221820373719,True
WULF,-2.122124239911247,1426,,,-0.049443757725587,True
AVTR,-2.1740868733283047,1427,,,0.0243093922651933,True
OCUL,-2.197259893475566,1428,,,-0.0157367668097282,True
SMG,-2.298383790344234,1429,,,-0.0004292459579339,True
VVV,-2.3282198942246706,1430,,,0.0077760497667185,True
PII,-2.36857408741521,1431,,,0.0054553720260646,True
NOG,-2.4005660004841025,1432,,,0.0721003134796238,True
HRB,-2.427410274582791,1433,,,0.037667867671143,True
CAG,-2.451983022182405,1434,,,-0.0052938062466914,True
WD,-2.4639314720759993,1435,,,0.0399935753292644,True
WLK,-2.553149683319049,1436,,,0.0174810877121243,True
ACHR,-2.5984802086305336,1437,,,0.0219941348973606,True
MIDD,-2.668677834423518,1438,,,0.0050745903643922,True
RARE,-2.685876505140956,1439,,,0.0133795837462833,True
RDW,-2.959237142840939,1440,,,0.05,True
BBUC,-3.1505352475088744,1441,,,-0.0033651149747615,True
BMRN,-3.2050769011027276,1442,,,0.0313594662218514,True
SRPT,-3.2830675006442234,1443,,,0.0279642058165547,True
VNOM,-3.296851602236668,1444,,,0.0138636363636364,True
DOW,-3.4429283838469704,1445,,,0.005092297899427,True
ARE,-3.522638480802305,1446,,,-0.0045947436133063,True
SMR,-3.9404026153760174,1447,,,-0.004905395935529,True
FLR,-4.015972220145607,1448,,,0.0426189005558987,True
IP,-4.162033445859059,1449,,,-0.0116207951070336,True
LCID,-4.3305020735683755,1450,,,-0.0120967741935482,True
XRAY,-4.399221968740551,1451,,,0.0040192926045017,True
UAA,-4.565846002739302,1452,,,0.0181347150259068,True
UA,-4.569395627290849,1453,,,0.0119363395225464,True
USAR,-4.747536974377703,1454,,,-0.0431125131440589,True
EOSE,-4.75524438525098,1455,,,0.0096069868995634,True
LBRDA,-5.047100504602048,1456,,,0.0083605961468555,True
CNXC,-5.1692819860558465,1457,,,0.0424795468848333,True
HLNE,-5.2537101894889,1458,,,0.0268400433441693,True
GT,-5.314637323129681,1459,,,0.0033860045146727,True
ALMS,-5.332015762472784,1460,,,0.0349887133182844,True
CE,-5.392856545434423,1461,,,-0.0157875852170793,True
UWMC,-5.482661055589798,1462,,,-0.006198347107438,True
COHR,-5.501278371238705,1463,,,0.0178668848881613,True
TAP,-5.5408103438857035,1464,,,-0.0015717092337916,True
BMNR,-5.643140215272279,1465,,,-0.0163771712158807,True
BHF,-5.820572229748763,1466,,,0.0010952902519167,True
SATS,-6.064089707331669,1467,,,0.0129203539823008,True
