symbol,signal_date,trade_date,price_signal,price_trade,ret_1d,matched
CLSK,2026-02-17,2026-02-18,,,-0.0010775862068965,True
BLKB,2026-02-17,2026-02-18,,,0.0458386142796787,True
F,2026-02-17,2026-02-18,,,-0.0198159943382874,True
CELC,2026-02-17,2026-02-18,,,-0.0150018635855385,True
WDC,2026-02-17,2026-02-18,,,0.0438210552250888,True
DOCN,2026-02-17,2026-02-18,,,0.0177357375110849,True
PACS,2026-02-17,2026-02-18,,,-0.049743964886613,True
SNDK,2026-02-17,2026-02-18,,,0.0166105081359317,True
VFC,2026-02-17,2026-02-18,,,0.0293678446988552,True
BE,2026-02-17,2026-02-18,,,0.0822323148912744,True
IDYA,2026-02-17,2026-02-18,,,0.0052015604681403,True
JEF,2026-02-17,2026-02-18,,,0.0363601385148133,True
COLM,2026-02-17,2026-02-18,,,0.0042180909232931,True
DXC,2026-02-17,2026-02-18,,,0.0134529147982063,True
PJT,2026-02-17,2026-02-18,,,0.0113068630028925,True
ARWR,2026-02-17,2026-02-18,,,0.0108337258596324,True
SPG,2026-02-17,2026-02-18,,,-0.0117815949705459,True
ONDS,2026-02-17,2026-02-18,,,0.1014925373134327,True
APLS,2026-02-17,2026-02-18,,,0.0292072322670375,True
VSAT,2026-02-17,2026-02-18,,,-0.0054089138900909,True
MCY,2026-02-17,2026-02-18,,,-0.0920054059673561,True
SOLV,2026-02-17,2026-02-18,,,0.0160043401600433,True
TERN,2026-02-17,2026-02-18,,,-0.0058110156644769,True
VICR,2026-02-17,2026-02-18,,,-0.0106180061037639,True
FCFS,2026-02-17,2026-02-18,,,0.001141924959217,True
MU,2026-02-17,2026-02-18,,,0.0529541247686227,True
PL,2026-02-17,2026-02-18,,,0.0688878883385861,True
VISN,2026-02-17,2026-02-18,,,-0.0099476439790576,True
CWEN,2026-02-17,2026-02-18,,,-0.012051155927201,True
MSGE,2026-02-17,2026-02-18,,,0.0204599524187154,True
HOG,2026-02-17,2026-02-18,,,0.0113022113022112,True
DAN,2026-02-17,2026-02-18,,,0.0578034682080925,True
APLD,2026-02-17,2026-02-18,,,-0.049165673420739,True
AMG,2026-02-17,2026-02-18,,,0.0239621064363333,True
MATX,2026-02-17,2026-02-18,,,0.0146622235686155,True
AA,2026-02-17,2026-02-18,,,0.0476770488950757,True
ERAS,2026-02-17,2026-02-18,,,0.0168674698795181,True
AEO,2026-02-17,2026-02-18,,,0.0056157240272765,True
OPEN,2026-02-17,2026-02-18,,,0.0692840646651269,True
FOLD,2026-02-17,2026-02-18,,,0.0027972027972027,True
GSAT,2026-02-17,2026-02-18,,,-0.0008465966813411,True
AGNC,2026-02-17,2026-02-18,,,0.0008849557522123,True
TDC,2026-02-17,2026-02-18,,,0.0064417177914111,True
RL,2026-02-17,2026-02-18,,,0.0204588394062077,True
LQDA,2026-02-17,2026-02-18,,,0.0330969267139478,True
LITE,2026-02-17,2026-02-18,,,-0.0102594850271475,True
AMKR,2026-02-17,2026-02-18,,,-0.002134927412468,True
CENX,2026-02-17,2026-02-18,,,0.0272039271834729,True
INCY,2026-02-17,2026-02-18,,,0.0180901542111506,True
FG,2026-02-17,2026-02-18,,,0.0084063047285463,True
CIFR,2026-02-17,2026-02-18,,,-0.0140664961636829,True
AD,2026-02-17,2026-02-18,,,-0.0310304449648712,True
CSGS,2026-02-17,2026-02-18,,,0.0,True
NLY,2026-02-17,2026-02-18,,,0.000870322019147,True
LGND,2026-02-17,2026-02-18,,,0.012959308836862,True
GMED,2026-02-17,2026-02-18,,,0.0129213483146068,True
SM,2026-02-17,2026-02-18,,,0.0793357933579335,True
WU,2026-02-17,2026-02-18,,,0.0222457627118644,True
ARLP,2026-02-17,2026-02-18,,,0.0109332292073409,True
ALL,2026-02-17,2026-02-18,,,-0.0136115297663902,True
WBD,2026-02-17,2026-02-18,,,0.0013913043478259,True
SCCO,2026-02-17,2026-02-18,,,0.0247872340425532,True
NGVT,2026-02-17,2026-02-18,,,-0.0197863078749505,True
LNC,2026-02-17,2026-02-18,,,0.006495068559057,True
KRYS,2026-02-17,2026-02-18,,,-0.0158073929961087,True
APA,2026-02-17,2026-02-18,,,0.0464520848573517,True
TTMI,2026-02-17,2026-02-18,,,0.0336596634033659,True
BXP,2026-02-17,2026-02-18,,,0.0146719419716452,True
FTAI,2026-02-17,2026-02-18,,,0.0049343832020998,True
BTSG,2026-02-17,2026-02-18,,,0.0699427977119084,True
PR,2026-02-17,2026-02-18,,,0.0394349617422014,True
VIRT,2026-02-17,2026-02-18,,,0.0071647901740021,True
COMP,2026-02-17,2026-02-18,,,0.0356435643564356,True
STRK,2026-02-17,2026-02-18,,,-0.0019120458891014,True
BBT,2026-02-17,2026-02-18,,,0.0094802222948675,True
TER,2026-02-17,2026-02-18,,,0.0304061794259156,True
ENS,2026-02-17,2026-02-18,,,-0.0118499382230709,True
CVI,2026-02-17,2026-02-18,,,-0.0071047957371225,True
ALHC,2026-02-17,2026-02-18,,,-0.0038853812530353,True
MKSI,2026-02-17,2026-02-18,,,-0.0478436145128166,True
INSW,2026-02-17,2026-02-18,,,0.0147469729897546,True
KRC,2026-02-17,2026-02-18,,,0.0144608613643508,True
EXPE,2026-02-17,2026-02-18,,,0.0168146891527791,True
AB,2026-02-17,2026-02-18,,,-0.0082066135650493,True
UTHR,2026-02-17,2026-02-18,,,-0.0132042618465237,True
REAL,2026-02-17,2026-02-18,,,0.0477064220183485,True
BYD,2026-02-17,2026-02-18,,,0.0183850036049026,True
LEVI,2026-02-17,2026-02-18,,,0.0192395785616126,True
JXN,2026-02-17,2026-02-18,,,0.0099326308516152,True
BELFB,2026-02-17,2026-02-18,,,-0.0599660008499788,True
EE,2026-02-17,2026-02-18,,,0.0004786979415987,True
FHI,2026-02-17,2026-02-18,,,0.0215014577259475,True
TVTX,2026-02-17,2026-02-18,,,-0.0306086956521738,True
RDDT,2026-02-17,2026-02-18,,,0.0591108238167064,True
DAL,2026-02-17,2026-02-18,,,0.0036697247706423,True
SYF,2026-02-17,2026-02-18,,,0.0074678467708475,True
CIEN,2026-02-17,2026-02-18,,,0.0285449674197069,True
MLI,2026-02-17,2026-02-18,,,-0.0149869495663887,True
GPCR,2026-02-17,2026-02-18,,,-0.0427111048872707,True
APP,2026-02-17,2026-02-18,,,0.0744194696848929,True
EPD,2026-02-17,2026-02-18,,,-0.0174149659863945,True
TSLA,2026-02-17,2026-02-18,,,0.0016803448359836,True
TNL,2026-02-17,2026-02-18,,,0.0347241284655504,True
APAM,2026-02-17,2026-02-18,,,0.0009436187780136,True
MDB,2026-02-17,2026-02-18,,,0.0245795236482673,True
NATL,2026-02-17,2026-02-18,,,-0.0110901368570082,True
BWA,2026-02-17,2026-02-18,,,-0.0126379779235322,True
PFSI,2026-02-17,2026-02-18,,,0.0232211333617384,True
HII,2026-02-17,2026-02-18,,,0.0168968240672042,True
GL,2026-02-17,2026-02-18,,,-0.0158316770612021,True
FIX,2026-02-17,2026-02-18,,,-0.013664735563446,True
AMTM,2026-02-17,2026-02-18,,,0.027287853577371,True
LC,2026-02-17,2026-02-18,,,0.0464216634429401,True
SEE,2026-02-17,2026-02-18,,,-0.000715137067938,True
FSLR,2026-02-17,2026-02-18,,,0.0553859765538595,True
MTCH,2026-02-17,2026-02-18,,,0.0033134526176277,True
FTDR,2026-02-17,2026-02-18,,,-0.0088480222068008,True
MAT,2026-02-17,2026-02-18,,,0.0261282660332542,True
DAVE,2026-02-17,2026-02-18,,,0.0224222863937488,True
EIX,2026-02-17,2026-02-18,,,-0.0240828899467936,True
BA,2026-02-17,2026-02-18,,,-0.0209391902966725,True
ONTO,2026-02-17,2026-02-18,,,-0.0013164465023377,True
VCYT,2026-02-17,2026-02-18,,,0.016097696364141,True
ALB,2026-02-17,2026-02-18,,,0.0136159128581578,True
DBD,2026-02-17,2026-02-18,,,-0.0228868975538871,True
PIPR,2026-02-17,2026-02-18,,,0.0273125,True
SF,2026-02-17,2026-02-18,,,0.0201507069680806,True
WST,2026-02-17,2026-02-18,,,0.020847896706279,True
KTOS,2026-02-17,2026-02-18,,,0.0569751005762748,True
PPC,2026-02-17,2026-02-18,,,0.0064397424103035,True
GM,2026-02-17,2026-02-18,,,0.03016498399409,True
SNX,2026-02-17,2026-02-18,,,0.0080695608657574,True
INDV,2026-02-17,2026-02-18,,,-0.0112230215827338,True
W,2026-02-17,2026-02-18,,,0.0733309867417575,True
EPAM,2026-02-17,2026-02-18,,,0.0338471023427866,True
CDP,2026-02-17,2026-02-18,,,-0.0072463768115941,True
UPWK,2026-02-17,2026-02-18,,,0.0760188087774296,True
STT,2026-02-17,2026-02-18,,,0.013125,True
CC,2026-02-17,2026-02-18,,,0.0227272727272727,True
CI,2026-02-17,2026-02-18,,,-0.0020295139486085,True
HOLX,2026-02-17,2026-02-18,,,0.0006653359946773,True
LRCX,2026-02-17,2026-02-18,,,0.0191442397487053,True
RGEN,2026-02-17,2026-02-18,,,0.019939443172587,True
DECK,2026-02-17,2026-02-18,,,0.0131231359181935,True
HL,2026-02-17,2026-02-18,,,0.0367231638418079,True
PTEN,2026-02-17,2026-02-18,,,0.0315656565656565,True
GNW,2026-02-17,2026-02-18,,,-0.0155555555555556,True
ENVA,2026-02-17,2026-02-18,,,0.0047856565111887,True
BKH,2026-02-17,2026-02-18,,,-0.0067962484708441,True
SHOO,2026-02-17,2026-02-18,,,-0.0068475779863049,True
TLN,2026-02-17,2026-02-18,,,-0.0205779334500874,True
SEB,2026-02-17,2026-02-18,,,0.0008667309593854,True
OGN,2026-02-17,2026-02-18,,,0.0247252747252746,True
UAL,2026-02-17,2026-02-18,,,0.025521838273987,True
HYMC,2026-02-17,2026-02-18,,,0.2107142857142856,True
MS,2026-02-17,2026-02-18,,,0.0294391978547279,True
UUUU,2026-02-17,2026-02-18,,,0.0374331550802138,True
FLNC,2026-02-17,2026-02-18,,,-0.0196850393700788,True
TPR,2026-02-17,2026-02-18,,,0.0074748131296717,True
PHIN,2026-02-17,2026-02-18,,,0.0066216395179445,True
OUT,2026-02-17,2026-02-18,,,0.0063770426464726,True
UEC,2026-02-17,2026-02-18,,,0.0526315789473683,True
CMC,2026-02-17,2026-02-18,,,-0.0066902297399646,True
AN,2026-02-17,2026-02-18,,,0.0244316762428178,True
HIG,2026-02-17,2026-02-18,,,-0.0158155089528322,True
HURN,2026-02-17,2026-02-18,,,0.0261884647876506,True
HUT,2026-02-17,2026-02-18,,,0.0128447298828862,True
TGTX,2026-02-17,2026-02-18,,,0.0058499655884378,True
WEX,2026-02-17,2026-02-18,,,0.0332076943072525,True
FORM,2026-02-17,2026-02-18,,,-0.0073390647934575,True
GOOGL,2026-02-17,2026-02-18,,,0.0043374610952917,True
WHR,2026-02-17,2026-02-18,,,-0.0089429030038982,True
ALSN,2026-02-17,2026-02-18,,,-0.004171632896305,True
KRMN,2026-02-17,2026-02-18,,,0.0784183197976302,True
CMI,2026-02-17,2026-02-18,,,-0.0044656347580833,True
DDS,2026-02-17,2026-02-18,,,0.011003814251983,True
CINF,2026-02-17,2026-02-18,,,-0.0169807912326127,True
GOOG,2026-02-17,2026-02-18,,,0.0036985668053628,True
PAA,2026-02-17,2026-02-18,,,0.0068526676456193,True
MTRN,2026-02-17,2026-02-18,,,-0.0013045463440087,True
GEF,2026-02-17,2026-02-18,,,-0.012483574244415,True
NXT,2026-02-17,2026-02-18,,,0.0154988171955297,True
BDX,2026-02-17,2026-02-18,,,0.02987935505694,True
PATH,2026-02-17,2026-02-18,,,0.0146252285191956,True
PSX,2026-02-17,2026-02-18,,,-0.0048052604957005,True
COKE,2026-02-17,2026-02-18,,,0.0252257676098734,True
ATRO,2026-02-17,2026-02-18,,,0.0171495387813434,True
PRIM,2026-02-17,2026-02-18,,,-0.0121320359650203,True
ZM,2026-02-17,2026-02-18,,,0.0278623801466439,True
TRV,2026-02-17,2026-02-18,,,-0.0025732713965846,True
ACI,2026-02-17,2026-02-18,,,-0.0189496480779641,True
ADPT,2026-02-17,2026-02-18,,,0.0050664977834071,True
ICUI,2026-02-17,2026-02-18,,,0.0225234338121249,True
OMCL,2026-02-17,2026-02-18,,,0.0331816965480331,True
ATI,2026-02-17,2026-02-18,,,0.0124020442930152,True
M,2026-02-17,2026-02-18,,,0.0238309352517986,True
WFRD,2026-02-17,2026-02-18,,,0.0256284847892007,True
MIRM,2026-02-17,2026-02-18,,,0.0220752698628805,True
HALO,2026-02-17,2026-02-18,,,-0.0900844930417494,True
AEIS,2026-02-17,2026-02-18,,,0.0229848465554565,True
POWL,2026-02-17,2026-02-18,,,-0.0332241293355173,True
ARQT,2026-02-17,2026-02-18,,,0.0037579857196543,True
AES,2026-02-17,2026-02-18,,,-0.0061012812690666,True
HHH,2026-02-17,2026-02-18,,,0.0032624456259062,True
HAE,2026-02-17,2026-02-18,,,0.0348182283666154,True
HTGC,2026-02-17,2026-02-18,,,0.0075757575757575,True
AKAM,2026-02-17,2026-02-18,,,0.0082088175613355,True
LCII,2026-02-17,2026-02-18,,,-0.0023359937706833,True
LYFT,2026-02-17,2026-02-18,,,0.0308270676691728,True
GHC,2026-02-17,2026-02-18,,,0.0096504955659886,True
SWX,2026-02-17,2026-02-18,,,-0.0181323662737986,True
WRBY,2026-02-17,2026-02-18,,,0.03551912568306,True
COO,2026-02-17,2026-02-18,,,0.017817915547962,True
ACMR,2026-02-17,2026-02-18,,,-0.0087450138079167,True
TOL,2026-02-17,2026-02-18,,,-0.0233778917170238,True
HUM,2026-02-17,2026-02-18,,,0.0115141358992376,True
GVA,2026-02-17,2026-02-18,,,0.0325013607029001,True
WCC,2026-02-17,2026-02-18,,,0.0027249767380035,True
WMS,2026-02-17,2026-02-18,,,-0.0048017801721614,True
RVMD,2026-02-17,2026-02-18,,,-0.0081502832720404,True
EAT,2026-02-17,2026-02-18,,,-0.0307353211290026,True
SLGN,2026-02-17,2026-02-18,,,-0.000207296849088,True
EL,2026-02-17,2026-02-18,,,-0.0048154093097914,True
MRCY,2026-02-17,2026-02-18,,,0.0400864138262122,True
BANC,2026-02-17,2026-02-18,,,-0.0059701492537314,True
FIBK,2026-02-17,2026-02-18,,,-0.0186989728733211,True
GLW,2026-02-17,2026-02-18,,,0.0114158749616914,True
CALY,2026-02-17,2026-02-18,,,0.0052160953800297,True
LASR,2026-02-17,2026-02-18,,,0.0679897818824917,True
FSK,2026-02-17,2026-02-18,,,0.0135951661631419,True
BLTE,2026-02-17,2026-02-18,,,-0.0109758871701547,True
CACI,2026-02-17,2026-02-18,,,0.0043576072130799,True
IDCC,2026-02-17,2026-02-18,,,-0.0131270127176463,True
UNH,2026-02-17,2026-02-18,,,-0.0030786260334151,True
WT,2026-02-17,2026-02-18,,,0.0253623188405798,True
ORI,2026-02-17,2026-02-18,,,-0.0202067669172931,True
CMCSA,2026-02-17,2026-02-18,,,0.0015847860538826,True
OI,2026-02-17,2026-02-18,,,0.0239071038251366,True
LDOS,2026-02-17,2026-02-18,,,0.0619080047050084,True
HESM,2026-02-17,2026-02-18,,,0.0160413268080477,True
FOXA,2026-02-17,2026-02-18,,,0.0131135920609604,True
TPC,2026-02-17,2026-02-18,,,-0.0138618677042802,True
SGI,2026-02-17,2026-02-18,,,0.0266575529733423,True
MEDP,2026-02-17,2026-02-18,,,0.0420150404035686,True
FE,2026-02-17,2026-02-18,,,-0.0083080040526849,True
ACA,2026-02-17,2026-02-18,,,-0.0167812050503435,True
AGX,2026-02-17,2026-02-18,,,0.0177939441604404,True
RMD,2026-02-17,2026-02-18,,,0.012078805410054,True
PEN,2026-02-17,2026-02-18,,,0.0008503650705216,True
FCX,2026-02-17,2026-02-18,,,0.0238991651661482,True
KWR,2026-02-17,2026-02-18,,,-0.0338926732015285,True
PRAX,2026-02-17,2026-02-18,,,0.0027130837702717,True
CON,2026-02-17,2026-02-18,,,0.0029585798816567,True
VLY,2026-02-17,2026-02-18,,,-0.011177347242921,True
PLUS,2026-02-17,2026-02-18,,,0.0157747846135176,True
HAL,2026-02-17,2026-02-18,,,0.0314446751705725,True
RKLB,2026-02-17,2026-02-18,,,0.0648161396480182,True
SON,2026-02-17,2026-02-18,,,0.0160437235543018,True
SANM,2026-02-17,2026-02-18,,,0.0077027948193593,True
NXST,2026-02-17,2026-02-18,,,0.0200085689802913,True
ZETA,2026-02-17,2026-02-18,,,0.0346178967994774,True
INTC,2026-02-17,2026-02-18,,,-0.0155911650064962,True
RPRX,2026-02-17,2026-02-18,,,-0.0015415106804667,True
RNG,2026-02-17,2026-02-18,,,0.0193103448275862,True
UGI,2026-02-17,2026-02-18,,,-0.0129567245400362,True
CTSH,2026-02-17,2026-02-18,,,0.0250076710647437,True
TPB,2026-02-17,2026-02-18,,,-7.540340823397607e-05,True
CECO,2026-02-17,2026-02-18,,,-0.0065881160521983,True
LEA,2026-02-17,2026-02-18,,,0.0014630577907828,True
TROW,2026-02-17,2026-02-18,,,0.0119390256902249,True
NOC,2026-02-17,2026-02-18,,,0.0338173208580556,True
FRPT,2026-02-17,2026-02-18,,,0.0178546519737758,True
JOE,2026-02-17,2026-02-18,,,-0.0057657150892982,True
ISRG,2026-02-17,2026-02-18,,,0.0150197628458497,True
MC,2026-02-17,2026-02-18,,,0.0139660371369623,True
TARS,2026-02-17,2026-02-18,,,0.0078050334501433,True
IEP,2026-02-17,2026-02-18,,,0.0050062578222778,True
CPRX,2026-02-17,2026-02-18,,,-0.0142045454545455,True
MRP,2026-02-17,2026-02-18,,,-0.0047573739295909,True
PRU,2026-02-17,2026-02-18,,,0.0102643555727703,True
DBRG,2026-02-17,2026-02-18,,,0.0,True
LXP,2026-02-17,2026-02-18,,,-0.0088879702356345,True
OMC,2026-02-17,2026-02-18,,,0.0320682553692261,True
KNX,2026-02-17,2026-02-18,,,-0.0088510354041416,True
MGM,2026-02-17,2026-02-18,,,0.0852057192880069,True
GBDC,2026-02-17,2026-02-18,,,0.0024489795918367,True
LVS,2026-02-17,2026-02-18,,,0.0229485396383866,True
ACAD,2026-02-17,2026-02-18,,,0.0108932461873638,True
DG,2026-02-17,2026-02-18,,,0.0156333511491182,True
DCI,2026-02-17,2026-02-18,,,-0.006900993743099,True
AZZ,2026-02-17,2026-02-18,,,-0.0320284697508896,True
LUMN,2026-02-17,2026-02-18,,,-0.0123609394313967,True
BKV,2026-02-17,2026-02-18,,,0.0006675567423231,True
SCI,2026-02-17,2026-02-18,,,-0.004100907170374,True
REGN,2026-02-17,2026-02-18,,,-0.0017264627676332,True
SSD,2026-02-17,2026-02-18,,,-0.0130078143959617,True
PLD,2026-02-17,2026-02-18,,,-0.0150948719757354,True
CBOE,2026-02-17,2026-02-18,,,0.0052427867698803,True
XMTR,2026-02-17,2026-02-18,,,0.032419845960953,True
DVN,2026-02-17,2026-02-18,,,0.0090826521344231,True
CG,2026-02-17,2026-02-18,,,0.0121681415929202,True
INGR,2026-02-17,2026-02-18,,,-0.0004292950974499,True
COCO,2026-02-17,2026-02-18,,,-0.1142958244869073,True
SAM,2026-02-17,2026-02-18,,,0.0086314790039272,True
EEFT,2026-02-17,2026-02-18,,,0.0086463501063076,True
ROL,2026-02-17,2026-02-18,,,0.0028295605858854,True
SHC,2026-02-17,2026-02-18,,,0.0210649502633117,True
CUBI,2026-02-17,2026-02-18,,,-0.0032449972958354,True
SXI,2026-02-17,2026-02-18,,,-0.0158896252373753,True
PVH,2026-02-17,2026-02-18,,,0.0001442377037357,True
HP,2026-02-17,2026-02-18,,,0.0444311017712397,True
ELV,2026-02-17,2026-02-18,,,0.0042345843726434,True
YETI,2026-02-17,2026-02-18,,,0.0295771714226202,True
SEI,2026-02-17,2026-02-18,,,-0.0331176246669204,True
EVR,2026-02-17,2026-02-18,,,0.0344676728852224,True
FROG,2026-02-17,2026-02-18,,,0.0008408660920748,True
TPG,2026-02-17,2026-02-18,,,0.0221748400852879,True
SJM,2026-02-17,2026-02-18,,,0.0138392016569384,True
GNTX,2026-02-17,2026-02-18,,,-0.0028443722064201,True
TEX,2026-02-17,2026-02-18,,,-0.0064738886491152,True
SKYW,2026-02-17,2026-02-18,,,-0.0197337801359024,True
AMRX,2026-02-17,2026-02-18,,,-0.0223831468071099,True
KTB,2026-02-17,2026-02-18,,,0.0126865671641789,True
ATMU,2026-02-17,2026-02-18,,,0.0023404587299109,True
MPC,2026-02-17,2026-02-18,,,-0.0048369402612945,True
BSM,2026-02-17,2026-02-18,,,-0.0268852459016393,True
OGE,2026-02-17,2026-02-18,,,-0.0087420042643922,True
ASO,2026-02-17,2026-02-18,,,-0.0122134850259327,True
CPAY,2026-02-17,2026-02-18,,,0.0195030802020379,True
DBX,2026-02-17,2026-02-18,,,0.0081699346405228,True
KNF,2026-02-17,2026-02-18,,,-0.0345855060125571,True
AMAT,2026-02-17,2026-02-18,,,0.028318436220867,True
GPN,2026-02-17,2026-02-18,,,0.1646839615880753,True
ARW,2026-02-17,2026-02-18,,,0.0015707834282348,True
REYN,2026-02-17,2026-02-18,,,0.014388489208633,True
CF,2026-02-17,2026-02-18,,,0.0216440985179655,True
VSEC,2026-02-17,2026-02-18,,,0.0193118965032343,True
SIGI,2026-02-17,2026-02-18,,,-0.0149064016639705,True
GEV,2026-02-17,2026-02-18,,,-0.0019532442165659,True
PTCT,2026-02-17,2026-02-18,,,-0.0034697123030215,True
KEX,2026-02-17,2026-02-18,,,0.0088411746131984,True
IBKR,2026-02-17,2026-02-18,,,0.0219675262655205,True
HXL,2026-02-17,2026-02-18,,,-0.0124747134187457,True
PAGP,2026-02-17,2026-02-18,,,0.0059578368469292,True
EBAY,2026-02-17,2026-02-18,,,0.0278924327704817,True
SAIC,2026-02-17,2026-02-18,,,0.0399154731157547,True
ACT,2026-02-17,2026-02-18,,,-0.0176375029009051,True
TMDX,2026-02-17,2026-02-18,,,0.0125541772530264,True
LAUR,2026-02-17,2026-02-18,,,0.0100719424460431,True
BWXT,2026-02-17,2026-02-18,,,0.0057685613406932,True
APLE,2026-02-17,2026-02-18,,,-0.001627339300244,True
DINO,2026-02-17,2026-02-18,,,-0.1085566119273985,True
NDAQ,2026-02-17,2026-02-18,,,0.0235543369890329,True
HPQ,2026-02-17,2026-02-18,,,-0.0075716603569495,True
MMS,2026-02-17,2026-02-18,,,0.0404975812024879,True
FBIN,2026-02-17,2026-02-18,,,0.0247383444338726,True
IBM,2026-02-17,2026-02-18,,,0.0096008671750997,True
GS,2026-02-17,2026-02-18,,,0.0193113837823677,True
BG,2026-02-17,2026-02-18,,,-0.0009025270758122,True
THG,2026-02-17,2026-02-18,,,-0.0027436410402971,True
DY,2026-02-17,2026-02-18,,,-0.0230807471060293,True
MPLX,2026-02-17,2026-02-18,,,-0.0113339145597209,True
INGM,2026-02-17,2026-02-18,,,0.0205511443250818,True
HIW,2026-02-17,2026-02-18,,,0.0069716775599129,True
UHAL,2026-02-17,2026-02-18,,,0.0264676616915422,True
OII,2026-02-17,2026-02-18,,,0.0225587144622991,True
FCN,2026-02-17,2026-02-18,,,0.0149160581663858,True
CRS,2026-02-17,2026-02-18,,,-0.0070155783183951,True
DD,2026-02-17,2026-02-18,,,0.0094358167878907,True
CNX,2026-02-17,2026-02-18,,,0.0092894802912377,True
RH,2026-02-17,2026-02-18,,,0.0176791874281334,True
CRUS,2026-02-17,2026-02-18,,,0.0120632279534107,True
TRNO,2026-02-17,2026-02-18,,,-0.0086115727451275,True
LKQ,2026-02-17,2026-02-18,,,0.0218394340203014,True
APH,2026-02-17,2026-02-18,,,-0.0056539005182741,True
ALAB,2026-02-17,2026-02-18,,,0.0476190476190476,True
T,2026-02-17,2026-02-18,,,-0.0278940027894003,True
NVST,2026-02-17,2026-02-18,,,0.0153188457427859,True
WK,2026-02-17,2026-02-18,,,0.0024137931034482,True
POR,2026-02-17,2026-02-18,,,-0.0300608828006089,True
EXAS,2026-02-17,2026-02-18,,,0.0004839802536056,True
AXTA,2026-02-17,2026-02-18,,,0.0177396280400572,True
HASI,2026-02-17,2026-02-18,,,-0.0369709331973482,True
SSNC,2026-02-17,2026-02-18,,,0.0180545836249124,True
MMSI,2026-02-17,2026-02-18,,,0.0170364015197941,True
SLM,2026-02-17,2026-02-18,,,0.0,True
SWK,2026-02-17,2026-02-18,,,-0.0117711771177118,True
RKT,2026-02-17,2026-02-18,,,0.004354926510615,True
IONS,2026-02-17,2026-02-18,,,0.0105703048180925,True
OSK,2026-02-17,2026-02-18,,,0.0184602599869414,True
CHRW,2026-02-17,2026-02-18,,,0.0478069680911039,True
NYT,2026-02-17,2026-02-18,,,0.0198568148048088,True
SNDR,2026-02-17,2026-02-18,,,-0.0010416666666667,True
DAR,2026-02-17,2026-02-18,,,0.0137335687659407,True
VZ,2026-02-17,2026-02-18,,,-0.0179848763539751,True
CGON,2026-02-17,2026-02-18,,,0.0248746983478744,True
ULTA,2026-02-17,2026-02-18,,,-0.0246173000198071,True
KLAC,2026-02-17,2026-02-18,,,0.0068766622001237,True
COLB,2026-02-17,2026-02-18,,,-0.0019169329073482,True
DRI,2026-02-17,2026-02-18,,,-0.0102899478642641,True
WSBC,2026-02-17,2026-02-18,,,-0.00437039060366,True
MNST,2026-02-17,2026-02-18,,,0.0033775633293124,True
AHR,2026-02-17,2026-02-18,,,-0.0137735849056602,True
POST,2026-02-17,2026-02-18,,,-0.0023963133640553,True
MAS,2026-02-17,2026-02-18,,,0.007220690560588,True
ACIW,2026-02-17,2026-02-18,,,0.0002464268112372,True
BLD,2026-02-17,2026-02-18,,,-0.0219425384361353,True
NDSN,2026-02-17,2026-02-18,,,0.0079480012124069,True
RRR,2026-02-17,2026-02-18,,,0.0379867046533712,True
YUM,2026-02-17,2026-02-18,,,0.0106706371362987,True
AWI,2026-02-17,2026-02-18,,,-0.0078195943900717,True
SPHR,2026-02-17,2026-02-18,,,0.0046203469619039,True
MRK,2026-02-17,2026-02-18,,,0.0007403142222588,True
OMF,2026-02-17,2026-02-18,,,0.0070884281410596,True
PFG,2026-02-17,2026-02-18,,,0.0051098064796695,True
CNA,2026-02-17,2026-02-18,,,-0.0068465565847763,True
ATEC,2026-02-17,2026-02-18,,,0.0029629629629628,True
GH,2026-02-17,2026-02-18,,,0.0028942208944076,True
ED,2026-02-17,2026-02-18,,,-0.0202773876404495,True
KFY,2026-02-17,2026-02-18,,,0.021359856513941,True
EMN,2026-02-17,2026-02-18,,,0.0145367210213627,True
JNJ,2026-02-17,2026-02-18,,,0.0068220112604282,True
LMT,2026-02-17,2026-02-18,,,0.0003540749407306,True
SITE,2026-02-17,2026-02-18,,,-0.0074252589070541,True
KMT,2026-02-17,2026-02-18,,,-0.0153609831029186,True
WSM,2026-02-17,2026-02-18,,,0.010102917571523,True
AMP,2026-02-17,2026-02-18,,,0.0192201032467256,True
RSI,2026-02-17,2026-02-18,,,0.0731995277449821,True
VSCO,2026-02-17,2026-02-18,,,0.0326375082836314,True
LUV,2026-02-17,2026-02-18,,,0.0099520825654257,True
PFS,2026-02-17,2026-02-18,,,-0.0047660311958405,True
OHI,2026-02-17,2026-02-18,,,-0.0242171189979122,True
PNW,2026-02-17,2026-02-18,,,-0.0135504095459602,True
GIS,2026-02-17,2026-02-18,,,0.0088967971530249,True
RUSHA,2026-02-17,2026-02-18,,,0.0285673475217826,True
OSIS,2026-02-17,2026-02-18,,,0.035490210900295,True
TXT,2026-02-17,2026-02-18,,,0.0055165496489468,True
SIRI,2026-02-17,2026-02-18,,,0.0023786869647954,True
MUR,2026-02-17,2026-02-18,,,0.0394489668127739,True
EXEL,2026-02-17,2026-02-18,,,0.0088475499092559,True
CW,2026-02-17,2026-02-18,,,0.004156976744186,True
TECH,2026-02-17,2026-02-18,,,0.014188034188034,True
IQV,2026-02-17,2026-02-18,,,0.0402578448066164,True
WAL,2026-02-17,2026-02-18,,,0.0040156398605093,True
GTM,2026-02-17,2026-02-18,,,0.0169491525423728,True
EWBC,2026-02-17,2026-02-18,,,0.016971825098236,True
EBC,2026-02-17,2026-02-18,,,-0.0111111111111111,True
AIR,2026-02-17,2026-02-18,,,0.0096001409194996,True
CROX,2026-02-17,2026-02-18,,,-0.0173138510808646,True
UBSI,2026-02-17,2026-02-18,,,-0.0070104025327906,True
LBRT,2026-02-17,2026-02-18,,,0.0164917541229385,True
ELAN,2026-02-17,2026-02-18,,,-0.0032180209171358,True
AIZ,2026-02-17,2026-02-18,,,-0.0060622511762576,True
VC,2026-02-17,2026-02-18,,,0.0180318434682524,True
GAP,2026-02-17,2026-02-18,,,0.0152173913043478,True
DKL,2026-02-17,2026-02-18,,,0.003316138540899,True
RMBS,2026-02-17,2026-02-18,,,0.0234428641490926,True
HST,2026-02-17,2026-02-18,,,0.0124937531234383,True
SAIA,2026-02-17,2026-02-18,,,0.0051499935625081,True
KHC,2026-02-17,2026-02-18,,,0.007148864592094,True
CASY,2026-02-17,2026-02-18,,,-0.0058198418816984,True
LNT,2026-02-17,2026-02-18,,,-0.022081575246132,True
RYN,2026-02-17,2026-02-18,,,-0.0063424947145876,True
LLYVK,2026-02-17,2026-02-18,,,0.0046704171531686,True
ANF,2026-02-17,2026-02-18,,,0.0166826054616937,True
XYZ,2026-02-17,2026-02-18,,,0.0549104506986812,True
CTRE,2026-02-17,2026-02-18,,,-0.0235894941634241,True
ILMN,2026-02-17,2026-02-18,,,0.0307269762252166,True
MAIN,2026-02-17,2026-02-18,,,0.0141939844542076,True
ADT,2026-02-17,2026-02-18,,,0.0141935483870967,True
CAH,2026-02-17,2026-02-18,,,-0.0026154800957531,True
CEG,2026-02-17,2026-02-18,,,-0.0295699811887395,True
COF,2026-02-17,2026-02-18,,,0.0151881590403404,True
LOW,2026-02-17,2026-02-18,,,0.0034499928866125,True
TXG,2026-02-17,2026-02-18,,,0.0510204081632652,True
COGT,2026-02-17,2026-02-18,,,0.019404572036151,True
EVRG,2026-02-17,2026-02-18,,,-0.013617960986382,True
ALRM,2026-02-17,2026-02-18,,,-0.0044043162299052,True
SITM,2026-02-17,2026-02-18,,,-0.0080425069436057,True
BPOP,2026-02-17,2026-02-18,,,0.0067632850241545,True
LHX,2026-02-17,2026-02-18,,,0.0159554516864306,True
MUSA,2026-02-17,2026-02-18,,,0.0166172569823686,True
WES,2026-02-17,2026-02-18,,,0.0038874914246513,True
GEO,2026-02-17,2026-02-18,,,0.0041152263374486,True
CAKE,2026-02-17,2026-02-18,,,0.0241368286445011,True
PH,2026-02-17,2026-02-18,,,-0.0123077837077816,True
UFPI,2026-02-17,2026-02-18,,,-0.0042020563254357,True
NE,2026-02-17,2026-02-18,,,0.0181734529560615,True
HAS,2026-02-17,2026-02-18,,,-0.0103687762887606,True
GD,2026-02-17,2026-02-18,,,0.0203491766904122,True
CPT,2026-02-17,2026-02-18,,,0.0018455292054995,True
CFR,2026-02-17,2026-02-18,,,0.0010401497815686,True
OZK,2026-02-17,2026-02-18,,,-0.0006059381943042,True
CBT,2026-02-17,2026-02-18,,,0.0070836674685912,True
HSY,2026-02-17,2026-02-18,,,0.0120328167730172,True
ECG,2026-02-17,2026-02-18,,,0.0053186250369348,True
YOU,2026-02-17,2026-02-18,,,0.0258461538461538,True
EA,2026-02-17,2026-02-18,,,0.0035082443742795,True
STLD,2026-02-17,2026-02-18,,,0.0042726135889954,True
RF,2026-02-17,2026-02-18,,,0.0094022834116855,True
DUK,2026-02-17,2026-02-18,,,-0.0116012942940573,True
AFL,2026-02-17,2026-02-18,,,-0.0155952174666434,True
JLL,2026-02-17,2026-02-18,,,0.0961893804692677,True
PSMT,2026-02-17,2026-02-18,,,-0.003145890680299,True
RTX,2026-02-17,2026-02-18,,,0.0064373464373463,True
NSA,2026-02-17,2026-02-18,,,0.0055767537422952,True
DLTR,2026-02-17,2026-02-18,,,0.0312791783380017,True
MCO,2026-02-17,2026-02-18,,,0.0650725391049571,True
ARMK,2026-02-17,2026-02-18,,,0.0226636108989048,True
PCG,2026-02-17,2026-02-18,,,-0.0077691453940066,True
VNO,2026-02-17,2026-02-18,,,0.0244658855961406,True
ZION,2026-02-17,2026-02-18,,,0.0082886396879571,True
QLYS,2026-02-17,2026-02-18,,,0.0046193821576363,True
CME,2026-02-17,2026-02-18,,,-0.0022425221778847,True
TKO,2026-02-17,2026-02-18,,,0.014942419339488,True
UMBF,2026-02-17,2026-02-18,,,0.0007043907020427,True
TCBI,2026-02-17,2026-02-18,,,0.0053655264922871,True
CFG,2026-02-17,2026-02-18,,,0.0100947352073303,True
WWD,2026-02-17,2026-02-18,,,0.0135875180822484,True
UNF,2026-02-17,2026-02-18,,,0.0125068199941242,True
SFNC,2026-02-17,2026-02-18,,,0.0,True
ABT,2026-02-17,2026-02-18,,,0.0091751291644397,True
USLM,2026-02-17,2026-02-18,,,0.0017040613462084,True
AVNT,2026-02-17,2026-02-18,,,0.0055762081784387,True
FANG,2026-02-17,2026-02-18,,,0.0321490005338394,True
CALX,2026-02-17,2026-02-18,,,0.0051615369910149,True
CATY,2026-02-17,2026-02-18,,,-0.0052044609665425,True
USB,2026-02-17,2026-02-18,,,0.0101426852329378,True
BOKF,2026-02-17,2026-02-18,,,-0.0011230907457322,True
CQP,2026-02-17,2026-02-18,,,0.0090120727767386,True
FIVE,2026-02-17,2026-02-18,,,0.008847891566265,True
UDR,2026-02-17,2026-02-18,,,0.006578947368421,True
AME,2026-02-17,2026-02-18,,,0.0042000600008571,True
ORA,2026-02-17,2026-02-18,,,-0.0255997423925293,True
KBH,2026-02-17,2026-02-18,,,0.0007604562737641,True
DOX,2026-02-17,2026-02-18,,,0.0312774042677579,True
ASB,2026-02-17,2026-02-18,,,0.004250797024442,True
ADM,2026-02-17,2026-02-18,,,-0.0153128190170628,True
BEN,2026-02-17,2026-02-18,,,0.0152782830120044,True
UHS,2026-02-17,2026-02-18,,,0.0007230350459339,True
ETSY,2026-02-17,2026-02-18,,,-0.0069882777276826,True
CLH,2026-02-17,2026-02-18,,,0.0266463505277241,True
MRSH,2026-02-17,2026-02-18,,,0.0129670704657909,True
BCO,2026-02-17,2026-02-18,,,0.0,True
DLR,2026-02-17,2026-02-18,,,-0.0215131469231195,True
R,2026-02-17,2026-02-18,,,0.0313988439306358,True
NEOG,2026-02-17,2026-02-18,,,0.0145586897179255,True
BLDR,2026-02-17,2026-02-18,,,-0.0063683154497076,True
CAT,2026-02-17,2026-02-18,,,-0.0167242010565406,True
NMRK,2026-02-17,2026-02-18,,,0.0601915184678523,True
MAR,2026-02-17,2026-02-18,,,-0.0109462688225815,True
LUNR,2026-02-17,2026-02-18,,,0.0673886883273162,True
DORM,2026-02-17,2026-02-18,,,-0.0047965341172829,True
CPB,2026-02-17,2026-02-18,,,-0.0086424198775656,True
GEN,2026-02-17,2026-02-18,,,0.0127137220517317,True
CHH,2026-02-17,2026-02-18,,,-0.0055449504590491,True
NSC,2026-02-17,2026-02-18,,,0.0020245476401365,True
GILD,2026-02-17,2026-02-18,,,-0.0162941972048689,True
CRL,2026-02-17,2026-02-18,,,-0.0033432157951176,True
AXSM,2026-02-17,2026-02-18,,,0.0078559738134205,True
MZTI,2026-02-17,2026-02-18,,,0.0150271498926632,True
AFRM,2026-02-17,2026-02-18,,,0.001937984496124,True
PLTR,2026-02-17,2026-02-18,,,0.0177416929784992,True
MKC,2026-02-17,2026-02-18,,,0.0119959531724236,True
U,2026-02-17,2026-02-18,,,0.0103485838779957,True
FAF,2026-02-17,2026-02-18,,,-0.0270588235294118,True
ESI,2026-02-17,2026-02-18,,,0.0427112349117919,True
VTRS,2026-02-17,2026-02-18,,,0.0196950444726811,True
ATR,2026-02-17,2026-02-18,,,0.0004941757853864,True
HUBG,2026-02-17,2026-02-18,,,0.0301053687907677,True
BKR,2026-02-17,2026-02-18,,,0.0280654861343134,True
LAMR,2026-02-17,2026-02-18,,,0.0087500942898091,True
LSCC,2026-02-17,2026-02-18,,,-0.0027692307692307,True
MSGS,2026-02-17,2026-02-18,,,0.1633194907754103,True
APO,2026-02-17,2026-02-18,,,0.0016779864163003,True
MRVL,2026-02-17,2026-02-18,,,0.001012530059486,True
HE,2026-02-17,2026-02-18,,,-0.0237226277372263,True
IESC,2026-02-17,2026-02-18,,,-0.0206848357791754,True
JKHY,2026-02-17,2026-02-18,,,0.0010719465287847,True
CWT,2026-02-17,2026-02-18,,,-0.0157023015702302,True
CDE,2026-02-17,2026-02-18,,,0.0357634112792297,True
FOX,2026-02-17,2026-02-18,,,0.0127906976744185,True
MDU,2026-02-17,2026-02-18,,,0.0044400592007893,True
SR,2026-02-17,2026-02-18,,,-0.0251641137855581,True
FDX,2026-02-17,2026-02-18,,,0.020730082600586,True
JBTM,2026-02-17,2026-02-18,,,-0.0012862918044834,True
PRM,2026-02-17,2026-02-18,,,0.0185185185185183,True
FNB,2026-02-17,2026-02-18,,,-0.0016501650165017,True
MYRG,2026-02-17,2026-02-18,,,-0.0348475880437999,True
WMT,2026-02-17,2026-02-18,,,-0.0173069460613115,True
TGT,2026-02-17,2026-02-18,,,-0.0075510554316114,True
UNP,2026-02-17,2026-02-18,,,0.0083713850837137,True
PPTA,2026-02-17,2026-02-18,,,0.0434472934472935,True
SEIC,2026-02-17,2026-02-18,,,0.0282207036193369,True
MCD,2026-02-17,2026-02-18,,,0.000824125511263,True
XOM,2026-02-17,2026-02-18,,,0.0307134550926877,True
STRL,2026-02-17,2026-02-18,,,-0.0250949667616333,True
FBK,2026-02-17,2026-02-18,,,-0.0062797012898846,True
GLPI,2026-02-17,2026-02-18,,,-0.0118468373175375,True
MTZ,2026-02-17,2026-02-18,,,-0.0139961930354943,True
L,2026-02-17,2026-02-18,,,-0.0165625848493076,True
BFAM,2026-02-17,2026-02-18,,,0.0431262879010891,True
THC,2026-02-17,2026-02-18,,,-0.0106723585912487,True
VRT,2026-02-17,2026-02-18,,,-0.001314006487907,True
TXRH,2026-02-17,2026-02-18,,,-0.0001605136436597,True
EGP,2026-02-17,2026-02-18,,,-0.0079344500337084,True
SPGI,2026-02-17,2026-02-18,,,0.0217566086003166,True
SYM,2026-02-17,2026-02-18,,,-0.0236804049168474,True
TGNA,2026-02-17,2026-02-18,,,0.0033524904214559,True
KEYS,2026-02-17,2026-02-18,,,0.0232091812790649,True
EXPD,2026-02-17,2026-02-18,,,0.0164446860559936,True
CCK,2026-02-17,2026-02-18,,,0.0340826686004351,True
ITT,2026-02-17,2026-02-18,,,0.001221359128438,True
AVT,2026-02-17,2026-02-18,,,0.0044581091468103,True
GPC,2026-02-17,2026-02-18,,,-0.0384125974232543,True
GPOR,2026-02-17,2026-02-18,,,-0.0023571611580835,True
MOS,2026-02-17,2026-02-18,,,0.0123796423658872,True
CVCO,2026-02-17,2026-02-18,,,-0.0013497582395051,True
WTS,2026-02-17,2026-02-18,,,0.0013050868034478,True
PEGA,2026-02-17,2026-02-18,,,0.0040449438202248,True
HWC,2026-02-17,2026-02-18,,,-0.0004237886707162,True
PLXS,2026-02-17,2026-02-18,,,0.0064812452156162,True
IRTC,2026-02-17,2026-02-18,,,0.037284250269687,True
ABCB,2026-02-17,2026-02-18,,,-0.0078711985688729,True
SKY,2026-02-17,2026-02-18,,,-0.0047398248325605,True
AUB,2026-02-17,2026-02-18,,,-0.0081906180193596,True
URI,2026-02-17,2026-02-18,,,0.019576498934297,True
CBU,2026-02-17,2026-02-18,,,-0.0265001522997258,True
MSCI,2026-02-17,2026-02-18,,,0.04588264630848,True
NHI,2026-02-17,2026-02-18,,,-0.0227422544495714,True
MTSI,2026-02-17,2026-02-18,,,0.0047640376236817,True
EPR,2026-02-17,2026-02-18,,,-0.0227544910179641,True
BC,2026-02-17,2026-02-18,,,0.0180282975810133,True
LMND,2026-02-17,2026-02-18,,,0.0176497909893171,True
CUZ,2026-02-17,2026-02-18,,,0.0262140094542329,True
WGS,2026-02-17,2026-02-18,,,0.011095243326376,True
HSIC,2026-02-17,2026-02-18,,,0.0106203859603679,True
TMO,2026-02-17,2026-02-18,,,0.0238641121234473,True
SLB,2026-02-17,2026-02-18,,,0.0351123595505618,True
CVX,2026-02-17,2026-02-18,,,0.0183882581002492,True
CWAN,2026-02-17,2026-02-18,,,0.0087221979938945,True
BLK,2026-02-17,2026-02-18,,,0.0182628394566828,True
EW,2026-02-17,2026-02-18,,,0.0067558954748248,True
BKU,2026-02-17,2026-02-18,,,-0.0024415055951169,True
FFIV,2026-02-17,2026-02-18,,,0.0262768866878557,True
MOD,2026-02-17,2026-02-18,,,0.0031820697288322,True
MTG,2026-02-17,2026-02-18,,,-0.0026070763500931,True
LLY,2026-02-17,2026-02-18,,,-0.014951015877612,True
RDN,2026-02-17,2026-02-18,,,-0.0125267338832874,True
NUE,2026-02-17,2026-02-18,,,0.0049008930516227,True
HGV,2026-02-17,2026-02-18,,,0.0156969443281707,True
SPXC,2026-02-17,2026-02-18,,,-8.278145695361783e-05,True
ERIE,2026-02-17,2026-02-18,,,-0.0227232693323939,True
FITB,2026-02-17,2026-02-18,,,0.0114964191481341,True
PHM,2026-02-17,2026-02-18,,,0.0036728351462069,True
OPLN,2026-02-17,2026-02-18,,,0.0027567195037905,True
GE,2026-02-17,2026-02-18,,,0.007643389996331,True
NBTB,2026-02-17,2026-02-18,,,-0.015970247210676,True
BRC,2026-02-17,2026-02-18,,,-0.0026175269605276,True
MO,2026-02-17,2026-02-18,,,0.0034565674782085,True
EXLS,2026-02-17,2026-02-18,,,0.0228401191658389,True
AGCO,2026-02-17,2026-02-18,,,-0.0046209386281587,True
WSFS,2026-02-17,2026-02-18,,,-0.0098522167487684,True
NFG,2026-02-17,2026-02-18,,,-0.010439371343352,True
PBF,2026-02-17,2026-02-18,,,-0.0220848056537102,True
EWTX,2026-02-17,2026-02-18,,,0.0023271276595744,True
ALLY,2026-02-17,2026-02-18,,,0.0196173407604747,True
ASH,2026-02-17,2026-02-18,,,0.0524655487298688,True
ZBH,2026-02-17,2026-02-18,,,0.0113226968605248,True
FULT,2026-02-17,2026-02-18,,,-0.0054249547920434,True
SMTC,2026-02-17,2026-02-18,,,-0.0042208532968285,True
AL,2026-02-17,2026-02-18,,,0.0007723200494287,True
MTB,2026-02-17,2026-02-18,,,0.0148449816079874,True
KEY,2026-02-17,2026-02-18,,,0.0115260488704471,True
ACLS,2026-02-17,2026-02-18,,,-0.1674111675126902,True
STAG,2026-02-17,2026-02-18,,,-0.0046899426784783,True
WMG,2026-02-17,2026-02-18,,,-0.0088105726872247,True
JBHT,2026-02-17,2026-02-18,,,-0.0002684443649053,True
MCK,2026-02-17,2026-02-18,,,0.0005282787621372,True
APPN,2026-02-17,2026-02-18,,,0.0442708333333332,True
FLS,2026-02-17,2026-02-18,,,-0.0124777183600713,True
NJR,2026-02-17,2026-02-18,,,-0.0267725258493352,True
FICO,2026-02-17,2026-02-18,,,0.0113421130511985,True
LEU,2026-02-17,2026-02-18,,,0.0367193378480059,True
APGE,2026-02-17,2026-02-18,,,0.0090465249856404,True
FFBC,2026-02-17,2026-02-18,,,-0.0082101806239737,True
ABM,2026-02-17,2026-02-18,,,0.0178369835177241,True
NMIH,2026-02-17,2026-02-18,,,-0.0092430676992256,True
IBP,2026-02-17,2026-02-18,,,-0.0253567181926277,True
NTRS,2026-02-17,2026-02-18,,,0.0019697072607485,True
KMX,2026-02-17,2026-02-18,,,0.0804733727810651,True
BILL,2026-02-17,2026-02-18,,,-0.0046542553191489,True
INDB,2026-02-17,2026-02-18,,,-0.0083182640144665,True
RNA,2026-02-17,2026-02-18,,,-0.00041174855888,True
BNL,2026-02-17,2026-02-18,,,-0.0171284634760705,True
BOH,2026-02-17,2026-02-18,,,0.0003796026825255,True
CTRI,2026-02-17,2026-02-18,,,-0.0127836369447107,True
GEHC,2026-02-17,2026-02-18,,,0.0164195564269085,True
OTTR,2026-02-17,2026-02-18,,,0.0006922011998151,True
PEP,2026-02-17,2026-02-18,,,0.0152544466403161,True
WBS,2026-02-17,2026-02-18,,,0.0055501595670877,True
BMY,2026-02-17,2026-02-18,,,-0.0102734051367026,True
SYY,2026-02-17,2026-02-18,,,-0.0046822742474916,True
AIT,2026-02-17,2026-02-18,,,0.0034493909669073,True
PPG,2026-02-17,2026-02-18,,,-0.0071992568509057,True
BAH,2026-02-17,2026-02-18,,,0.0244700340225072,True
DOV,2026-02-17,2026-02-18,,,-0.0050160771704179,True
VRSN,2026-02-17,2026-02-18,,,0.0106358381502891,True
FRT,2026-02-17,2026-02-18,,,-0.0071556350626117,True
ET,2026-02-17,2026-02-18,,,0.0134336378291242,True
UNFI,2026-02-17,2026-02-18,,,-0.0045754956786987,True
ELS,2026-02-17,2026-02-18,,,-0.0114891736632788,True
HCA,2026-02-17,2026-02-18,,,0.0004487826769887,True
CHTR,2026-02-17,2026-02-18,,,0.0089869625754186,True
LFST,2026-02-17,2026-02-18,,,0.0127840909090908,True
AVAV,2026-02-17,2026-02-18,,,0.0093919920909539,True
MPWR,2026-02-17,2026-02-18,,,0.0129050955522596,True
NPO,2026-02-17,2026-02-18,,,0.0069789887890712,True
TWLO,2026-02-17,2026-02-18,,,0.0196331459120657,True
CHRD,2026-02-17,2026-02-18,,,0.0270542089912499,True
TRMK,2026-02-17,2026-02-18,,,-0.0055778670236501,True
PSA,2026-02-17,2026-02-18,,,-0.0099337748344371,True
PTGX,2026-02-17,2026-02-18,,,0.006427358719379,True
KMI,2026-02-17,2026-02-18,,,0.0049797696856519,True
ROK,2026-02-17,2026-02-18,,,0.0205678688186987,True
WAT,2026-02-17,2026-02-18,,,0.0189776934324734,True
WAB,2026-02-17,2026-02-18,,,-0.0013862682429051,True
TXNM,2026-02-17,2026-02-18,,,-0.0013483903590089,True
SSB,2026-02-17,2026-02-18,,,-0.0040341946018633,True
EME,2026-02-17,2026-02-18,,,-0.0181065830721003,True
AAON,2026-02-17,2026-02-18,,,-0.0048647596808717,True
LNG,2026-02-17,2026-02-18,,,0.0215058673119949,True
PSTG,2026-02-17,2026-02-18,,,-0.0012381345439538,True
CRGY,2026-02-17,2026-02-18,,,0.0331325301204816,True
LH,2026-02-17,2026-02-18,,,0.0075541258539053,True
USFD,2026-02-17,2026-02-18,,,-0.0053547523427041,True
UPS,2026-02-17,2026-02-18,,,0.0052809280581767,True
WYNN,2026-02-17,2026-02-18,,,0.016695804195804,True
WTFC,2026-02-17,2026-02-18,,,0.0076013513513515,True
AVB,2026-02-17,2026-02-18,,,0.0023079088094568,True
ICE,2026-02-17,2026-02-18,,,0.011405109489051,True
VRDN,2026-02-17,2026-02-18,,,-0.0063626723223754,True
BAC,2026-02-17,2026-02-18,,,0.0117557830868411,True
RPM,2026-02-17,2026-02-18,,,-0.0055272108843537,True
HTH,2026-02-17,2026-02-18,,,-0.0089881869542884,True
RIOT,2026-02-17,2026-02-18,,,0.0573378839590443,True
SBUX,2026-02-17,2026-02-18,,,0.003878813292798,True
AVY,2026-02-17,2026-02-18,,,0.0052471834970935,True
ESAB,2026-02-17,2026-02-18,,,-0.0041969572060256,True
TNET,2026-02-17,2026-02-18,,,0.0184386973180077,True
EXP,2026-02-17,2026-02-18,,,0.0077050322131291,True
ANET,2026-02-17,2026-02-18,,,-0.0213213634450836,True
OKTA,2026-02-17,2026-02-18,,,0.0056997332039778,True
ADBE,2026-02-17,2026-02-18,,,0.0104434632367058,True
WPC,2026-02-17,2026-02-18,,,-0.0373516720604099,True
FNF,2026-02-17,2026-02-18,,,-0.0243647754959971,True
ROKU,2026-02-17,2026-02-18,,,0.0184014450214495,True
NTAP,2026-02-17,2026-02-18,,,0.0024735331948155,True
VMI,2026-02-17,2026-02-18,,,0.0247995314893234,True
MSTR,2026-02-17,2026-02-18,,,-0.0269682132587237,True
CSX,2026-02-17,2026-02-18,,,0.0080428954423592,True
BRX,2026-02-17,2026-02-18,,,-0.0121580547112462,True
AEE,2026-02-17,2026-02-18,,,-0.0201736927808938,True
UCB,2026-02-17,2026-02-18,,,-0.0088901634642958,True
CLX,2026-02-17,2026-02-18,,,0.0019518542615486,True
INSM,2026-02-17,2026-02-18,,,0.0039197448844008,True
BRO,2026-02-17,2026-02-18,,,0.0124945517942758,True
FUL,2026-02-17,2026-02-18,,,-0.0002988643156006,True
MDGL,2026-02-17,2026-02-18,,,0.0085570056636297,True
CR,2026-02-17,2026-02-18,,,0.0016493402638944,True
DTM,2026-02-17,2026-02-18,,,0.0062570674707875,True
STZ,2026-02-17,2026-02-18,,,0.0235101506221349,True
TTC,2026-02-17,2026-02-18,,,-0.0094829307246955,True
CNM,2026-02-17,2026-02-18,,,-0.0076788830715531,True
ETR,2026-02-17,2026-02-18,,,-0.0196284948295671,True
TMHC,2026-02-17,2026-02-18,,,-0.0096930533117931,True
CDNS,2026-02-17,2026-02-18,,,0.0760248359556905,True
SCHW,2026-02-17,2026-02-18,,,0.0247099269445638,True
ITW,2026-02-17,2026-02-18,,,-0.0042364333266088,True
CNS,2026-02-17,2026-02-18,,,-0.0015114873035065,True
GOLF,2026-02-17,2026-02-18,,,0.0063316582914572,True
FHN,2026-02-17,2026-02-18,,,0.012913640032284,True
NNN,2026-02-17,2026-02-18,,,-0.0270149586961375,True
CFLT,2026-02-17,2026-02-18,,,-0.0013029315960911,True
AMD,2026-02-17,2026-02-18,,,-0.0145755367342919,True
FHB,2026-02-17,2026-02-18,,,0.0018939393939394,True
MTDR,2026-02-17,2026-02-18,,,0.0472673559822747,True
AOS,2026-02-17,2026-02-18,,,-0.0064175160437901,True
HRI,2026-02-17,2026-02-18,,,-0.0198507860378365,True
MIR,2026-02-17,2026-02-18,,,-0.024556616643929,True
GFF,2026-02-17,2026-02-18,,,-0.0276963180188986,True
PNC,2026-02-17,2026-02-18,,,0.0064867669953294,True
ULS,2026-02-17,2026-02-18,,,0.0090638719728084,True
WOR,2026-02-17,2026-02-18,,,-0.0263969832019198,True
KO,2026-02-17,2026-02-18,,,-0.0008798391151333,True
BBIO,2026-02-17,2026-02-18,,,-0.0253131179960446,True
MWA,2026-02-17,2026-02-18,,,-0.0086235489220563,True
PFGC,2026-02-17,2026-02-18,,,0.0014213197969543,True
EQR,2026-02-17,2026-02-18,,,0.0017328292375551,True
VRRM,2026-02-17,2026-02-18,,,0.010393873085339,True
WY,2026-02-17,2026-02-18,,,-0.0226934523809523,True
LAD,2026-02-17,2026-02-18,,,0.013619452564443,True
CHDN,2026-02-17,2026-02-18,,,0.0309196316926225,True
SKT,2026-02-17,2026-02-18,,,-0.0108851331996561,True
EQIX,2026-02-17,2026-02-18,,,-0.029129069193357,True
IEX,2026-02-17,2026-02-18,,,-0.0010993738349027,True
ATGE,2026-02-17,2026-02-18,,,0.0211319175645987,True
VNT,2026-02-17,2026-02-18,,,0.0081240768094537,True
VST,2026-02-17,2026-02-18,,,-0.0179064947029019,True
KYMR,2026-02-17,2026-02-18,,,0.0031824611032531,True
DELL,2026-02-17,2026-02-18,,,0.0059436643983117,True
HWM,2026-02-17,2026-02-18,,,-0.0126707582656899,True
AWR,2026-02-17,2026-02-18,,,-0.019764957264957,True
PCAR,2026-02-17,2026-02-18,,,-0.0106702497628833,True
CRM,2026-02-17,2026-02-18,,,0.0189918063920995,True
TRGP,2026-02-17,2026-02-18,,,0.0148468500601899,True
PRI,2026-02-17,2026-02-18,,,0.0020060180541623,True
WFC,2026-02-17,2026-02-18,,,0.0132723112128145,True
C,2026-02-17,2026-02-18,,,0.0218843381965194,True
TFC,2026-02-17,2026-02-18,,,0.0093869731800764,True
AM,2026-02-17,2026-02-18,,,-0.0223776223776224,True
BALL,2026-02-17,2026-02-18,,,-0.0036063110443275,True
FBP,2026-02-17,2026-02-18,,,-0.00354609929078,True
SFD,2026-02-17,2026-02-18,,,-0.0124298315958301,True
VTR,2026-02-17,2026-02-18,,,-0.013235124870526,True
ALNY,2026-02-17,2026-02-18,,,0.0002104566910194,True
RRX,2026-02-17,2026-02-18,,,-0.0026934489842501,True
META,2026-02-17,2026-02-18,,,0.006147444821599,True
PRVA,2026-02-17,2026-02-18,,,-0.013586956521739,True
NTRA,2026-02-17,2026-02-18,,,0.0202603550295858,True
CELH,2026-02-17,2026-02-18,,,-0.0109314506946025,True
LW,2026-02-17,2026-02-18,,,0.0141137401411373,True
XEL,2026-02-17,2026-02-18,,,-0.0132507739938079,True
BFH,2026-02-17,2026-02-18,,,0.0173592126845272,True
JBL,2026-02-17,2026-02-18,,,0.0121989121989123,True
GBTG,2026-02-17,2026-02-18,,,-0.0091074681238615,True
AEP,2026-02-17,2026-02-18,,,-0.0228040540540541,True
PAY,2026-02-17,2026-02-18,,,0.0400511291009799,True
HAYW,2026-02-17,2026-02-18,,,0.0078883495145629,True
ADMA,2026-02-17,2026-02-18,,,0.0025078369905957,True
HLT,2026-02-17,2026-02-18,,,-0.0061040840727455,True
WELL,2026-02-17,2026-02-18,,,-0.031975125301652,True
FCPT,2026-02-17,2026-02-18,,,-0.0135674381484437,True
CACC,2026-02-17,2026-02-18,,,0.0287772712471507,True
SBRA,2026-02-17,2026-02-18,,,-0.027197668771248,True
CNO,2026-02-17,2026-02-18,,,-0.0018552875695732,True
ODFL,2026-02-17,2026-02-18,,,0.0025346575625906,True
PG,2026-02-17,2026-02-18,,,-0.0168599185208399,True
WH,2026-02-17,2026-02-18,,,-0.0011203784389394,True
BL,2026-02-17,2026-02-18,,,-0.0056239957150509,True
TKR,2026-02-17,2026-02-18,,,0.0160128861095318,True
CSL,2026-02-17,2026-02-18,,,-0.005955006616674,True
ONB,2026-02-17,2026-02-18,,,0.0012057877813504,True
DOC,2026-02-17,2026-02-18,,,-0.0058072009291519,True
NRG,2026-02-17,2026-02-18,,,-0.0137791870856153,True
FR,2026-02-17,2026-02-18,,,0.0058284762697751,True
EXPO,2026-02-17,2026-02-18,,,0.0224097788125727,True
AGYS,2026-02-17,2026-02-18,,,-0.0049881531363011,True
EXR,2026-02-17,2026-02-18,,,-0.0179924242424242,True
J,2026-02-17,2026-02-18,,,0.0368606184962625,True
GNRC,2026-02-17,2026-02-18,,,-0.0218881178788657,True
ENTG,2026-02-17,2026-02-18,,,0.0179839456622412,True
UBER,2026-02-17,2026-02-18,,,0.0317595349496666,True
AKR,2026-02-17,2026-02-18,,,-0.0126582278481012,True
RJF,2026-02-17,2026-02-18,,,0.0198063658798961,True
AX,2026-02-17,2026-02-18,,,0.0013325133251331,True
MTH,2026-02-17,2026-02-18,,,-0.0143480973175297,True
TMUS,2026-02-17,2026-02-18,,,-0.0289604298529211,True
WAFD,2026-02-17,2026-02-18,,,0.0015133171912833,True
TDS,2026-02-17,2026-02-18,,,-0.0292221744735711,True
CVNA,2026-02-17,2026-02-18,,,0.0301760984783723,True
NNI,2026-02-17,2026-02-18,,,0.0042793825462323,True
BCPC,2026-02-17,2026-02-18,,,-0.0111420612813371,True
HCC,2026-02-17,2026-02-18,,,0.0254357041921808,True
APG,2026-02-17,2026-02-18,,,-0.0060769750168805,True
OKE,2026-02-17,2026-02-18,,,0.013783436514426,True
O,2026-02-17,2026-02-18,,,-0.0213565949766882,True
VLO,2026-02-17,2026-02-18,,,0.0107428803080977,True
CRDO,2026-02-17,2026-02-18,,,0.0249198717948717,True
GKOS,2026-02-17,2026-02-18,,,0.1346586646661665,True
MET,2026-02-17,2026-02-18,,,0.0081445660473402,True
KBR,2026-02-17,2026-02-18,,,0.0215705283567619,True
CTRA,2026-02-17,2026-02-18,,,0.0128741551335693,True
GWW,2026-02-17,2026-02-18,,,0.0016074614474217,True
OPCH,2026-02-17,2026-02-18,,,0.0073779795686719,True
FELE,2026-02-17,2026-02-18,,,-0.0225855022585502,True
PATK,2026-02-17,2026-02-18,,,-0.0154650247010811,True
FTV,2026-02-17,2026-02-18,,,0.0267558528428093,True
CUBE,2026-02-17,2026-02-18,,,-0.0043758043758044,True
PANW,2026-02-17,2026-02-18,,,-0.0681957186544343,True
BROS,2026-02-17,2026-02-18,,,-0.0035441149039358,True
IVT,2026-02-17,2026-02-18,,,-0.0167310167310167,True
XYL,2026-02-17,2026-02-18,,,0.0082696208456858,True
CGNX,2026-02-17,2026-02-18,,,-0.0064809949203014,True
AYI,2026-02-17,2026-02-18,,,0.0071667309422802,True
ABG,2026-02-17,2026-02-18,,,0.0104661389621811,True
PCOR,2026-02-17,2026-02-18,,,0.0162804060524803,True
HUBB,2026-02-17,2026-02-18,,,-0.003719599427754,True
DLB,2026-02-17,2026-02-18,,,0.0183817753338568,True
ADI,2026-02-17,2026-02-18,,,0.0262510740422505,True
WHD,2026-02-17,2026-02-18,,,0.0133356729250746,True
ATO,2026-02-17,2026-02-18,,,-0.0117620949844652,True
ONC,2026-02-17,2026-02-18,,,0.0118074733697797,True
OKLO,2026-02-17,2026-02-18,,,-0.0036960378474275,True
GXO,2026-02-17,2026-02-18,,,0.0007649938800489,True
PTC,2026-02-17,2026-02-18,,,0.0158750898281831,True
NWE,2026-02-17,2026-02-18,,,-0.011836027713626,True
BX,2026-02-17,2026-02-18,,,0.0114925032346451,True
HD,2026-02-17,2026-02-18,,,0.0012531328320801,True
ORLY,2026-02-17,2026-02-18,,,0.0016198704103671,True
SHW,2026-02-17,2026-02-18,,,-0.0059248790563679,True
MSM,2026-02-17,2026-02-18,,,0.0011768481865839,True
CRC,2026-02-17,2026-02-18,,,0.0233133168491699,True
PODD,2026-02-17,2026-02-18,,,0.047617114557116,True
SARO,2026-02-17,2026-02-18,,,0.0070876288659793,True
A,2026-02-17,2026-02-18,,,0.02478404779204,True
KIM,2026-02-17,2026-02-18,,,-0.0211663066954642,True
PAG,2026-02-17,2026-02-18,,,0.0155183865708592,True
AIG,2026-02-17,2026-02-18,,,0.0049118387909319,True
KDP,2026-02-17,2026-02-18,,,0.0003432887058016,True
ADSK,2026-02-17,2026-02-18,,,0.0196165453577135,True
MHO,2026-02-17,2026-02-18,,,-0.0179910044977512,True
EMR,2026-02-17,2026-02-18,,,0.0153846153846153,True
SNPS,2026-02-17,2026-02-18,,,0.0482521625785046,True
SUI,2026-02-17,2026-02-18,,,-0.011257321061839,True
CUK,2026-02-17,2026-02-18,,,-0.0043076923076923,True
AJG,2026-02-17,2026-02-18,,,0.0022897196261681,True
GTES,2026-02-17,2026-02-18,,,-0.0073179656055616,True
VRTX,2026-02-17,2026-02-18,,,-0.0146861644180005,True
GATX,2026-02-17,2026-02-18,,,-0.0166416869088841,True
VIAV,2026-02-17,2026-02-18,,,0.0011406844106462,True
EXC,2026-02-17,2026-02-18,,,-0.0166527893422148,True
ROST,2026-02-17,2026-02-18,,,0.0109479844609252,True
DPZ,2026-02-17,2026-02-18,,,0.0254082998661311,True
MANH,2026-02-17,2026-02-18,,,0.0100967309185906,True
NEM,2026-02-17,2026-02-18,,,0.0194587523505844,True
IRT,2026-02-17,2026-02-18,,,0.0079219987812308,True
BTU,2026-02-17,2026-02-18,,,0.0274691358024692,True
MGRC,2026-02-17,2026-02-18,,,-0.0127372200376133,True
OXY,2026-02-17,2026-02-18,,,0.0254680017414019,True
IPAR,2026-02-17,2026-02-18,,,0.0037717121588087,True
NET,2026-02-17,2026-02-18,,,-0.0115654688145394,True
CSW,2026-02-17,2026-02-18,,,0.0335271515522459,True
IDA,2026-02-17,2026-02-18,,,-0.0096422582448294,True
LYV,2026-02-17,2026-02-18,,,-0.0111089951120421,True
GGG,2026-02-17,2026-02-18,,,-0.0093319194061505,True
REG,2026-02-17,2026-02-18,,,-0.0190439176059075,True
TRU,2026-02-17,2026-02-18,,,0.0054441641216305,True
CXT,2026-02-17,2026-02-18,,,-0.0065727699530516,True
IRDM,2026-02-17,2026-02-18,,,-0.0195495112622184,True
CHD,2026-02-17,2026-02-18,,,0.0278306136750425,True
QRVO,2026-02-17,2026-02-18,,,-0.002728674813145,True
LEN,2026-02-17,2026-02-18,,,-0.0014822134387351,True
HEI,2026-02-17,2026-02-18,,,0.014857210640254,True
IDXX,2026-02-17,2026-02-18,,,0.013941900761774,True
CHEF,2026-02-17,2026-02-18,,,0.0119760479041917,True
PAYO,2026-02-17,2026-02-18,,,0.0336448598130842,True
BKE,2026-02-17,2026-02-18,,,-0.0113235567105995,True
TSN,2026-02-17,2026-02-18,,,0.016852146263911,True
GRBK,2026-02-17,2026-02-18,,,-0.0017612278273996,True
ENSG,2026-02-17,2026-02-18,,,-0.0118134324845859,True
ALGN,2026-02-17,2026-02-18,,,0.0192287148808887,True
CURB,2026-02-17,2026-02-18,,,-0.0151459179903953,True
OVV,2026-02-17,2026-02-18,,,0.0651041666666667,True
BIIB,2026-02-17,2026-02-18,,,-0.0076168080973315,True
DASH,2026-02-17,2026-02-18,,,0.0680054207219416,True
FRME,2026-02-17,2026-02-18,,,-0.0058768218147625,True
KMB,2026-02-17,2026-02-18,,,0.0221354166666667,True
NBIX,2026-02-17,2026-02-18,,,0.0048528490920474,True
CRWD,2026-02-17,2026-02-18,,,0.0035482391561465,True
SYK,2026-02-17,2026-02-18,,,0.0220488650522778,True
MTD,2026-02-17,2026-02-18,,,0.0165011380095179,True
LECO,2026-02-17,2026-02-18,,,0.0061614508998504,True
MASI,2026-02-17,2026-02-18,,,0.0052664720361783,True
ECL,2026-02-17,2026-02-18,,,-0.0039828834759711,True
KAI,2026-02-17,2026-02-18,,,-0.0390992773829869,True
FCNCA,2026-02-17,2026-02-18,,,0.0348271202447392,True
MLM,2026-02-17,2026-02-18,,,-0.007201476302642,True
ON,2026-02-17,2026-02-18,,,-0.018065591995553,True
KKR,2026-02-17,2026-02-18,,,0.0102389078498292,True
NOV,2026-02-17,2026-02-18,,,0.0482433141059255,True
VICI,2026-02-17,2026-02-18,,,-0.0046885465505693,True
ESE,2026-02-17,2026-02-18,,,0.0150751879699246,True
AZO,2026-02-17,2026-02-18,,,0.0007055050774986,True
VMC,2026-02-17,2026-02-18,,,-0.0094633048772417,True
RBA,2026-02-17,2026-02-18,,,0.0325710991544965,True
IT,2026-02-17,2026-02-18,,,0.0316698656429941,True
EPRT,2026-02-17,2026-02-18,,,-0.0110125420617925,True
SNEX,2026-02-17,2026-02-18,,,0.0125701636493005,True
ZWS,2026-02-17,2026-02-18,,,0.0017605633802817,True
RNST,2026-02-17,2026-02-18,,,-0.0113161131611316,True
KD,2026-02-17,2026-02-18,,,-0.0345842531272995,True
AMH,2026-02-17,2026-02-18,,,-0.0044444444444444,True
PKG,2026-02-17,2026-02-18,,,-0.0055747389441278,True
CNP,2026-02-17,2026-02-18,,,-0.0168815943728019,True
ADC,2026-02-17,2026-02-18,,,-0.0313249968422382,True
CRVL,2026-02-17,2026-02-18,,,-0.0218181818181817,True
ESS,2026-02-17,2026-02-18,,,0.0111703177422537,True
ZG,2026-02-17,2026-02-18,,,0.0211411684473743,True
EOG,2026-02-17,2026-02-18,,,0.0210438413361169,True
RHP,2026-02-17,2026-02-18,,,0.0004898119122256,True
POOL,2026-02-17,2026-02-18,,,-0.0005088859312611,True
NWS,2026-02-17,2026-02-18,,,-0.0015197568389057,True
DXCM,2026-02-17,2026-02-18,,,0.033650433054096,True
CMS,2026-02-17,2026-02-18,,,-0.0122304050499737,True
HOMB,2026-02-17,2026-02-18,,,-0.0095108695652174,True
SNOW,2026-02-17,2026-02-18,,,-0.0057594579333708,True
DHI,2026-02-17,2026-02-18,,,0.0057730470864152,True
TDY,2026-02-17,2026-02-18,,,0.0204974204974204,True
CDW,2026-02-17,2026-02-18,,,-0.0068717538953255,True
ES,2026-02-17,2026-02-18,,,-0.0179378337669451,True
INVH,2026-02-17,2026-02-18,,,-0.0110537951363302,True
NWSA,2026-02-17,2026-02-18,,,0.0068995256576109,True
PM,2026-02-17,2026-02-18,,,-0.0053362374081133,True
IR,2026-02-17,2026-02-18,,,-0.0157958687727824,True
ARCC,2026-02-17,2026-02-18,,,0.0056994818652849,True
SNA,2026-02-17,2026-02-18,,,0.0069952055332862,True
APPF,2026-02-17,2026-02-18,,,0.047336927543101,True
SOFI,2026-02-17,2026-02-18,,,0.001537672988211,True
NCLH,2026-02-17,2026-02-18,,,0.0103734439834024,True
CART,2026-02-17,2026-02-18,,,-0.0111655773420478,True
BBY,2026-02-17,2026-02-18,,,0.0122541603630863,True
RVTY,2026-02-17,2026-02-18,,,0.0283008942661757,True
D,2026-02-17,2026-02-18,,,-0.0141660319878142,True
GFS,2026-02-17,2026-02-18,,,-0.0346329323931978,True
NEU,2026-02-17,2026-02-18,,,0.0144548182727577,True
TBBK,2026-02-17,2026-02-18,,,-0.032398858485815,True
IBOC,2026-02-17,2026-02-18,,,-0.0066152149944873,True
AMR,2026-02-17,2026-02-18,,,-0.0034176726751558,True
COR,2026-02-17,2026-02-18,,,0.0007222824124233,True
DIS,2026-02-17,2026-02-18,,,0.0157435508345977,True
OS,2026-02-17,2026-02-18,,,0.0068405301410858,True
MHK,2026-02-17,2026-02-18,,,-0.0068986430141763,True
PI,2026-02-17,2026-02-18,,,-0.0248949496551177,True
RS,2026-02-17,2026-02-18,,,-0.0113429327064354,True
HBAN,2026-02-17,2026-02-18,,,0.0240412135088725,True
NI,2026-02-17,2026-02-18,,,-0.0301862556197817,True
WTRG,2026-02-17,2026-02-18,,,-0.0161616161616161,True
MGY,2026-02-17,2026-02-18,,,0.0149942329873125,True
ELF,2026-02-17,2026-02-18,,,0.0087076076993584,True
MAA,2026-02-17,2026-02-18,,,0.0052823450636114,True
REXR,2026-02-17,2026-02-18,,,-0.0093159435719989,True
DGX,2026-02-17,2026-02-18,,,-0.0053530585429949,True
BAX,2026-02-17,2026-02-18,,,0.0544840887174542,True
DHR,2026-02-17,2026-02-18,,,0.0106609808102344,True
WMB,2026-02-17,2026-02-18,,,0.0025013896609227,True
FIS,2026-02-17,2026-02-18,,,0.0223063973063972,True
MSA,2026-02-17,2026-02-18,,,-0.0116256060156326,True
RGTI,2026-02-17,2026-02-18,,,0.0378447722899293,True
PB,2026-02-17,2026-02-18,,,0.0064587055105125,True
LPLA,2026-02-17,2026-02-18,,,0.0310065489307551,True
PBH,2026-02-17,2026-02-18,,,0.0037724460540213,True
COP,2026-02-17,2026-02-18,,,0.0159955874241588,True
EXE,2026-02-17,2026-02-18,,,-0.0314355231143552,True
LII,2026-02-17,2026-02-18,,,-0.0205305039787798,True
Z,2026-02-17,2026-02-18,,,0.0229702069592903,True
CL,2026-02-17,2026-02-18,,,-0.0007318348144276,True
WRB,2026-02-17,2026-02-18,,,-0.0033783783783785,True
GRAL,2026-02-17,2026-02-18,,,0.0328183378774109,True
AAPL,2026-02-17,2026-02-18,,,0.0017811126269517,True
NVR,2026-02-17,2026-02-18,,,0.0137609486592102,True
WM,2026-02-17,2026-02-18,,,-0.0049315534393333,True
RBC,2026-02-17,2026-02-18,,,-0.0023149404083698,True
AWK,2026-02-17,2026-02-18,,,-0.0176016777769455,True
VOYA,2026-02-17,2026-02-18,,,0.014921360397903,True
JPM,2026-02-17,2026-02-18,,,0.0053723179109821,True
SAIL,2026-02-17,2026-02-18,,,0.0281150159744407,True
IOT,2026-02-17,2026-02-18,,,0.0294342507645259,True
DOCU,2026-02-17,2026-02-18,,,-0.008626410086264,True
KVUE,2026-02-17,2026-02-18,,,0.0255296034763714,True
ASTS,2026-02-17,2026-02-18,,,0.0168613754064796,True
SNAP,2026-02-17,2026-02-18,,,0.0317124735729386,True
WDAY,2026-02-17,2026-02-18,,,-0.0034237003912801,True
TEM,2026-02-17,2026-02-18,,,0.0684931506849313,True
UE,2026-02-17,2026-02-18,,,-0.0166666666666667,True
KRG,2026-02-17,2026-02-18,,,-0.0154978690430065,True
BSX,2026-02-17,2026-02-18,,,-0.0001310787783458,True
PWR,2026-02-17,2026-02-18,,,-0.0110829699312552,True
INTA,2026-02-17,2026-02-18,,,-0.0491666666666666,True
TPL,2026-02-17,2026-02-18,,,0.0335115613714178,True
BKD,2026-02-17,2026-02-18,,,-0.0048076923076924,True
BRKR,2026-02-17,2026-02-18,,,0.04302203567681,True
CTVA,2026-02-17,2026-02-18,,,0.013765718067505,True
FLO,2026-02-17,2026-02-18,,,0.0238095238095239,True
LPX,2026-02-17,2026-02-18,,,-0.029146972766149,True
APD,2026-02-17,2026-02-18,,,0.0169253484100975,True
CCL,2026-02-17,2026-02-18,,,-0.0042839657282741,True
CARG,2026-02-17,2026-02-18,,,0.0205553552109629,True
H,2026-02-17,2026-02-18,,,-0.0097293472492482,True
OTIS,2026-02-17,2026-02-18,,,0.0035698831674599,True
OLN,2026-02-17,2026-02-18,,,0.0439882697947213,True
ADP,2026-02-17,2026-02-18,,,0.019382391590013,True
PSN,2026-02-17,2026-02-18,,,0.0376160234489497,True
PEG,2026-02-17,2026-02-18,,,-0.0297872340425532,True
SYNA,2026-02-17,2026-02-18,,,-0.0074941451990632,True
CORZ,2026-02-17,2026-02-18,,,0.0023215322112593,True
RRC,2026-02-17,2026-02-18,,,0.0226158038147139,True
DIOD,2026-02-17,2026-02-18,,,0.0044418122594018,True
CNK,2026-02-17,2026-02-18,,,0.041403785488959,True
ABBV,2026-02-17,2026-02-18,,,-0.0177789229580005,True
CPRT,2026-02-17,2026-02-18,,,0.0061300639658847,True
SPY,2026-02-17,2026-02-18,,,0.0050377095994726,True
ENPH,2026-02-17,2026-02-18,,,0.0087642418930762,True
SFBS,2026-02-17,2026-02-18,,,-0.0161569532602424,True
AROC,2026-02-17,2026-02-18,,,0.0061162079510701,True
LIF,2026-02-17,2026-02-18,,,0.0312815338042382,True
FAST,2026-02-17,2026-02-18,,,0.0063471219085138,True
AMGN,2026-02-17,2026-02-18,,,0.0170612813370474,True
CVBF,2026-02-17,2026-02-18,,,-0.0052884615384615,True
OGS,2026-02-17,2026-02-18,,,-0.0204105435036155,True
MORN,2026-02-17,2026-02-18,,,0.0280462383930262,True
RYTM,2026-02-17,2026-02-18,,,-0.0119964888325369,True
CCI,2026-02-17,2026-02-18,,,-0.04822556063575,True
FND,2026-02-17,2026-02-18,,,0.0101083032490976,True
GPK,2026-02-17,2026-02-18,,,0.0582053354890865,True
AXP,2026-02-17,2026-02-18,,,0.0049632833134996,True
ABNB,2026-02-17,2026-02-18,,,0.0003219834178538,True
ARES,2026-02-17,2026-02-18,,,0.0272985200521431,True
AMZN,2026-02-17,2026-02-18,,,0.0180959482972904,True
DRVN,2026-02-17,2026-02-18,,,0.0106445890005912,True
VSH,2026-02-17,2026-02-18,,,0.0379882289994648,True
BOOT,2026-02-17,2026-02-18,,,-0.0039993924973421,True
WSO,2026-02-17,2026-02-18,,,-0.0083012085235201,True
DDOG,2026-02-17,2026-02-18,,,-0.006364229765013,True
TPH,2026-02-17,2026-02-18,,,0.0008639308855293,True
BK,2026-02-17,2026-02-18,,,0.0058080808080807,True
FSS,2026-02-17,2026-02-18,,,-0.0060042283298096,True
WING,2026-02-17,2026-02-18,,,0.1084279926920326,True
CBRE,2026-02-17,2026-02-18,,,0.07625318606627,True
TDG,2026-02-17,2026-02-18,,,0.0101527520716375,True
BOX,2026-02-17,2026-02-18,,,0.0044091710758378,True
IRM,2026-02-17,2026-02-18,,,-0.0272083831234488,True
CPK,2026-02-17,2026-02-18,,,-0.0292480142528394,True
NOVT,2026-02-17,2026-02-18,,,0.0017885395886358,True
SO,2026-02-17,2026-02-18,,,-0.0104347826086955,True
BCC,2026-02-17,2026-02-18,,,-0.0054606715464157,True
EFX,2026-02-17,2026-02-18,,,-0.0005708354955888,True
SXT,2026-02-17,2026-02-18,,,-0.0083342353068514,True
UI,2026-02-17,2026-02-18,,,0.0166774495003954,True
TREX,2026-02-17,2026-02-18,,,-0.0108618654073199,True
FWONA,2026-02-17,2026-02-18,,,0.0259952279291724,True
GME,2026-02-17,2026-02-18,,,0.0262252794496991,True
SBAC,2026-02-17,2026-02-18,,,-0.0278653012997243,True
WAY,2026-02-17,2026-02-18,,,0.0452488687782806,True
SBCF,2026-02-17,2026-02-18,,,-0.0002973535533751,True
RUN,2026-02-17,2026-02-18,,,0.0413650465356774,True
OWL,2026-02-17,2026-02-18,,,0.0190397350993378,True
PCTY,2026-02-17,2026-02-18,,,0.0158862876254179,True
CRBG,2026-02-17,2026-02-18,,,0.0038822387576835,True
PINS,2026-02-17,2026-02-18,,,0.0560928433268859,True
HWKN,2026-02-17,2026-02-18,,,-0.0009657836644592,True
THO,2026-02-17,2026-02-18,,,0.0055753985538808,True
HPE,2026-02-17,2026-02-18,,,-0.0191169776968592,True
TYL,2026-02-17,2026-02-18,,,0.0152329749103943,True
MAC,2026-02-17,2026-02-18,,,0.0191591271953166,True
HQY,2026-02-17,2026-02-18,,,0.03698224852071,True
CAVA,2026-02-17,2026-02-18,,,0.0698151950718686,True
DKS,2026-02-17,2026-02-18,,,-0.0162017948096047,True
IFF,2026-02-17,2026-02-18,,,0.0026589315929417,True
AVA,2026-02-17,2026-02-18,,,-0.0137979420018707,True
FTNT,2026-02-17,2026-02-18,,,-0.0122414004162075,True
ACM,2026-02-17,2026-02-18,,,0.0452701962073878,True
GTLS,2026-02-17,2026-02-18,,,-0.0002411149153687,True
TTEK,2026-02-17,2026-02-18,,,0.0402476780185758,True
RDNT,2026-02-17,2026-02-18,,,0.007737760270118,True
BJ,2026-02-17,2026-02-18,,,-0.0047264682220434,True
KNTK,2026-02-17,2026-02-18,,,0.0866064893876554,True
MSFT,2026-02-17,2026-02-18,,,0.0069041979539383,True
WDFC,2026-02-17,2026-02-18,,,0.0046841319847454,True
IAC,2026-02-17,2026-02-18,,,0.0598190837467171,True
XPO,2026-02-17,2026-02-18,,,0.0040565944394974,True
RHI,2026-02-17,2026-02-18,,,0.0439338976219265,True
PPL,2026-02-17,2026-02-18,,,-0.0202289060420547,True
TRN,2026-02-17,2026-02-18,,,-0.0129533678756477,True
TSCO,2026-02-17,2026-02-18,,,-0.0028468400075915,True
COST,2026-02-17,2026-02-18,,,-0.0157798527740723,True
GPI,2026-02-17,2026-02-18,,,0.0167110680552191,True
ITGR,2026-02-17,2026-02-18,,,-0.0134610997033993,True
FRSH,2026-02-17,2026-02-18,,,0.0178326474622769,True
PNFP,2026-02-17,2026-02-18,,,0.0239527167150559,True
HLI,2026-02-17,2026-02-18,,,0.0033830725548238,True
ORCL,2026-02-17,2026-02-18,,,0.0142884977593036,True
USAC,2026-02-17,2026-02-18,,,0.0242961820285383,True
RELY,2026-02-17,2026-02-18,,,0.0405198776758408,True
DTE,2026-02-17,2026-02-18,,,-0.0143064482687124,True
CALM,2026-02-17,2026-02-18,,,0.012433829865813,True
FBNC,2026-02-17,2026-02-18,,,-0.0004913200131019,True
MP,2026-02-17,2026-02-18,,,0.0173836698858647,True
PRK,2026-02-17,2026-02-18,,,-0.0135857207821736,True
NKE,2026-02-17,2026-02-18,,,0.0112619561863622,True
FDS,2026-02-17,2026-02-18,,,0.0413553614648005,True
GBCI,2026-02-17,2026-02-18,,,-0.0110127826941986,True
HR,2026-02-17,2026-02-18,,,-0.0269832703723691,True
CRNX,2026-02-17,2026-02-18,,,-0.0052655677655677,True
CCC,2026-02-17,2026-02-18,,,0.0158730158730158,True
TTWO,2026-02-17,2026-02-18,,,0.0271315830195491,True
BR,2026-02-17,2026-02-18,,,0.0229139148911732,True
AMT,2026-02-17,2026-02-18,,,-0.0335076907141747,True
FOUR,2026-02-17,2026-02-18,,,0.0511908993956631,True
LTH,2026-02-17,2026-02-18,,,0.0044735030970406,True
SN,2026-02-17,2026-02-18,,,-0.0282997337390641,True
CWST,2026-02-17,2026-02-18,,,-0.0148247978436656,True
CTAS,2026-02-17,2026-02-18,,,0.0076441617073672,True
LSTR,2026-02-17,2026-02-18,,,0.0220603537981269,True
TRMB,2026-02-17,2026-02-18,,,0.0195032759408806,True
NCNO,2026-02-17,2026-02-18,,,0.0105067985166873,True
PECO,2026-02-17,2026-02-18,,,-0.0078165711307973,True
BBWI,2026-02-17,2026-02-18,,,-0.030806647750304,True
FA,2026-02-17,2026-02-18,,,0.0030769230769229,True
PAYC,2026-02-17,2026-02-18,,,0.0155330281229562,True
LOAR,2026-02-17,2026-02-18,,,0.0254037948878782,True
KVYO,2026-02-17,2026-02-18,,,0.0253235790658412,True
NSIT,2026-02-17,2026-02-18,,,-0.0008433734939757,True
MDLZ,2026-02-17,2026-02-18,,,0.0036752422318744,True
TDW,2026-02-17,2026-02-18,,,0.0220314735336193,True
VCTR,2026-02-17,2026-02-18,,,0.0043813064259161,True
RSG,2026-02-17,2026-02-18,,,-0.0196663501966635,True
VERA,2026-02-17,2026-02-18,,,0.0284714119019835,True
PLMR,2026-02-17,2026-02-18,,,-0.0165397338256789,True
CMG,2026-02-17,2026-02-18,,,0.0221752903907073,True
SSRM,2026-02-17,2026-02-18,,,0.0262446931686606,True
AVGO,2026-02-17,2026-02-18,,,0.0029169423227279,True
ESTC,2026-02-17,2026-02-18,,,0.0097617471872932,True
DE,2026-02-17,2026-02-18,,,-0.0125990280274284,True
PYPL,2026-02-17,2026-02-18,,,0.0156824307767704,True
RGA,2026-02-17,2026-02-18,,,0.0031097890751756,True
PAYX,2026-02-17,2026-02-18,,,0.0109359922804761,True
INSP,2026-02-17,2026-02-18,,,0.0250041397582381,True
RZB,2026-02-17,2026-02-18,,,0.0003969829297338,True
SHAK,2026-02-17,2026-02-18,,,0.0298523783488244,True
LNTH,2026-02-17,2026-02-18,,,0.0251157569804967,True
IMVT,2026-02-17,2026-02-18,,,0.0140791476407913,True
VLTO,2026-02-17,2026-02-18,,,0.0225596529284164,True
TOWN,2026-02-17,2026-02-18,,,-0.0172602739726027,True
TOST,2026-02-17,2026-02-18,,,0.0003615328994939,True
BURL,2026-02-17,2026-02-18,,,-0.0056567593480344,True
GTLB,2026-02-17,2026-02-18,,,0.0197044334975369,True
DT,2026-02-17,2026-02-18,,,-0.0057330057330057,True
QTWO,2026-02-17,2026-02-18,,,-0.0049439056854916,True
DRS,2026-02-17,2026-02-18,,,0.0196779964221822,True
HOOD,2026-02-17,2026-02-18,,,-0.0030487804878048,True
GDDY,2026-02-17,2026-02-18,,,-0.0070175438596491,True
HRL,2026-02-17,2026-02-18,,,0.0443686006825938,True
TJX,2026-02-17,2026-02-18,,,0.0016563674587499,True
CSCO,2026-02-17,2026-02-18,,,0.0173064411190633,True
IPGP,2026-02-17,2026-02-18,,,0.0253596322111819,True
LB,2026-02-17,2026-02-18,,,-0.0184605757196495,True
WEC,2026-02-17,2026-02-18,,,-0.0149848419229103,True
RLI,2026-02-17,2026-02-18,,,-0.0055948658877735,True
BATRK,2026-02-17,2026-02-18,,,0.0032332563510393,True
BATRA,2026-02-17,2026-02-18,,,0.0016715419974926,True
EHC,2026-02-17,2026-02-18,,,-0.004199379222202,True
CVLT,2026-02-17,2026-02-18,,,0.030628390596745,True
FFIN,2026-02-17,2026-02-18,,,-0.0143497757847534,True
SUPN,2026-02-17,2026-02-18,,,-0.0275087175513365,True
LOPE,2026-02-17,2026-02-18,,,0.0335078534031414,True
CHWY,2026-02-17,2026-02-18,,,0.0155462184873949,True
ROAD,2026-02-17,2026-02-18,,,-0.0346970481615742,True
FWONK,2026-02-17,2026-02-18,,,0.031012220428868,True
MMM,2026-02-17,2026-02-18,,,-0.0205822694189238,True
BIPC,2026-02-17,2026-02-18,,,-0.0176613885505481,True
BRZE,2026-02-17,2026-02-18,,,0.0147666863555817,True
LRN,2026-02-17,2026-02-18,,,0.005609930771067,True
BKNG,2026-02-17,2026-02-18,,,0.031361182565849,True
NUVL,2026-02-17,2026-02-18,,,0.0011737089201877,True
SRE,2026-02-17,2026-02-18,,,-0.0130191521411662,True
RBRK,2026-02-17,2026-02-18,,,0.0166355140186915,True
WSC,2026-02-17,2026-02-18,,,0.0236329935125116,True
AAL,2026-02-17,2026-02-18,,,-0.0208333333333333,True
OLLI,2026-02-17,2026-02-18,,,-0.0087703597637371,True
IBRX,2026-02-17,2026-02-18,,,0.4186046511627905,True
CVS,2026-02-17,2026-02-18,,,-0.0057544757033248,True
REZI,2026-02-17,2026-02-18,,,0.0104338275672706,True
INTU,2026-02-17,2026-02-18,,,0.0274283303003928,True
FIZZ,2026-02-17,2026-02-18,,,0.0054540496318515,True
OBDC,2026-02-17,2026-02-18,,,0.010498687664042,True
TTAN,2026-02-17,2026-02-18,,,0.0503278688524588,True
SWKS,2026-02-17,2026-02-18,,,-0.0025740025740025,True
MKTX,2026-02-17,2026-02-18,,,-0.0091701828410688,True
BBAI,2026-02-17,2026-02-18,,,0.0380710659898477,True
GWRE,2026-02-17,2026-02-18,,,0.0535612069670454,True
ZTS,2026-02-17,2026-02-18,,,0.0284326218540935,True
CBSH,2026-02-17,2026-02-18,,,0.0028296547821164,True
ATKR,2026-02-17,2026-02-18,,,-0.0013537906137184,True
AVPT,2026-02-17,2026-02-18,,,0.0182516810758885,True
ZS,2026-02-17,2026-02-18,,,-0.0026652760878382,True
BGC,2026-02-17,2026-02-18,,,0.007329842931937,True
ALG,2026-02-17,2026-02-18,,,-0.0281953087601724,True
NOW,2026-02-17,2026-02-18,,,0.0179397601737325,True
ALK,2026-02-17,2026-02-18,,,-0.0217238962859144,True
MCHP,2026-02-17,2026-02-18,,,0.0021535343298708,True
CHE,2026-02-17,2026-02-18,,,-0.0114361814568977,True
CZR,2026-02-17,2026-02-18,,,0.1303430079155674,True
SPSC,2026-02-17,2026-02-18,,,-0.0276390276390277,True
DVA,2026-02-17,2026-02-18,,,-0.01768499434878,True
ROP,2026-02-17,2026-02-18,,,0.0382530979621591,True
URBN,2026-02-17,2026-02-18,,,-0.0208042446244066,True
CRK,2026-02-17,2026-02-18,,,0.0032345013477088,True
EQH,2026-02-17,2026-02-18,,,0.0066298342541435,True
BSY,2026-02-17,2026-02-18,,,0.0288461538461539,True
FLG,2026-02-17,2026-02-18,,,-0.0425531914893616,True
PGR,2026-02-17,2026-02-18,,,-0.0222222222222222,True
TENB,2026-02-17,2026-02-18,,,-0.0049773755656109,True
TFSL,2026-02-17,2026-02-18,,,-0.0163078930202218,True
SLAB,2026-02-17,2026-02-18,,,-0.00116680441441,True
MGEE,2026-02-17,2026-02-18,,,-0.0296008734683975,True
ALKT,2026-02-17,2026-02-18,,,0.0319410319410318,True
AR,2026-02-17,2026-02-18,,,0.0065417781742491,True
BDC,2026-02-17,2026-02-18,,,0.0020487604998975,True
VRSK,2026-02-17,2026-02-18,,,0.038183869148336,True
ITRI,2026-02-17,2026-02-18,,,0.0326661827232188,True
PLNT,2026-02-17,2026-02-18,,,0.0141499243897169,True
PTON,2026-02-17,2026-02-18,,,0.0310262529832934,True
SOUN,2026-02-17,2026-02-18,,,0.030054644808743,True
STWD,2026-02-17,2026-02-18,,,0.0016592920353983,True
VEEV,2026-02-17,2026-02-18,,,0.0250537269539645,True
AAOI,2026-02-17,2026-02-18,,,-0.0107037121384649,True
IMNM,2026-02-17,2026-02-18,,,-0.0308505949757603,True
LINE,2026-02-17,2026-02-18,,,-0.0137392241379309,True
KNSL,2026-02-17,2026-02-18,,,0.0077525554228063,True
AXON,2026-02-17,2026-02-18,,,-0.0042135481779876,True
STEP,2026-02-17,2026-02-18,,,0.0237666546633057,True
CARR,2026-02-17,2026-02-18,,,-0.0316122233930454,True
NTNX,2026-02-17,2026-02-18,,,0.0065934065934065,True
KGS,2026-02-17,2026-02-18,,,-0.0096153846153846,True
CNC,2026-02-17,2026-02-18,,,0.0446276982779529,True
TXN,2026-02-17,2026-02-18,,,-0.0105011298684035,True
SUN,2026-02-17,2026-02-18,,,0.0150438088940321,True
BXMT,2026-02-17,2026-02-18,,,-0.0076297049847404,True
S,2026-02-17,2026-02-18,,,-0.0037313432835821,True
LYB,2026-02-17,2026-02-18,,,-0.0001786352268666,True
CNR,2026-02-17,2026-02-18,,,0.0271331255051379,True
EQT,2026-02-17,2026-02-18,,,0.0152380952380952,True
LION,2026-02-17,2026-02-18,,,0.0338983050847456,True
TW,2026-02-17,2026-02-18,,,0.0230055983205039,True
CYTK,2026-02-17,2026-02-18,,,0.0054037826478534,True
COLD,2026-02-17,2026-02-18,,,-0.0259740259740259,True
IRON,2026-02-17,2026-02-18,,,-0.0166234558487111,True
ACLX,2026-02-17,2026-02-18,,,-0.0165242165242164,True
RIVN,2026-02-17,2026-02-18,,,-0.0194292653309047,True
MA,2026-02-17,2026-02-18,,,0.0115915927423217,True
ALGM,2026-02-17,2026-02-18,,,-0.0743583593187813,True
AFG,2026-02-17,2026-02-18,,,-0.0112890922959572,True
QCOM,2026-02-17,2026-02-18,,,0.0042768001121784,True
NFLX,2026-02-17,2026-02-18,,,0.0128571428571429,True
HUBS,2026-02-17,2026-02-18,,,0.011443128057903,True
MOH,2026-02-17,2026-02-18,,,0.0510760613207548,True
ST,2026-02-17,2026-02-18,,,-0.0062381339842689,True
POWI,2026-02-17,2026-02-18,,,0.0043734966105402,True
PRMB,2026-02-17,2026-02-18,,,0.0142231947483586,True
V,2026-02-17,2026-02-18,,,0.0025039123630672,True
BEAM,2026-02-17,2026-02-18,,,0.0025463805020007,True
DOCS,2026-02-17,2026-02-18,,,0.0353946297803091,True
SMCI,2026-02-17,2026-02-18,,,-0.0132846230488209,True
MSI,2026-02-17,2026-02-18,,,-0.0134568332750786,True
MKL,2026-02-17,2026-02-18,,,-0.0063805493988852,True
DJT,2026-02-17,2026-02-18,,,0.0575176589303734,True
SRRK,2026-02-17,2026-02-18,,,0.0109795479009686,True
CLF,2026-02-17,2026-02-18,,,0.0028517110266161,True
OLED,2026-02-17,2026-02-18,,,0.0072232487821266,True
PSKY,2026-02-17,2026-02-18,,,0.0267774699907663,True
UNM,2026-02-17,2026-02-18,,,0.0048004388972706,True
MRNA,2026-02-17,2026-02-18,,,0.0607785112679262,True
RCL,2026-02-17,2026-02-18,,,-0.0151669601210886,True
AAP,2026-02-17,2026-02-18,,,-0.0142756432851604,True
AMBA,2026-02-17,2026-02-18,,,0.0010639914880679,True
NEE,2026-02-17,2026-02-18,,,-0.0160716211843382,True
LFUS,2026-02-17,2026-02-18,,,-0.0031166009035283,True
GSHD,2026-02-17,2026-02-18,,,-0.0641911909934821,True
COIN,2026-02-17,2026-02-18,,,-0.0118660402361161,True
BIO,2026-02-17,2026-02-18,,,0.0216661004793718,True
ASAN,2026-02-17,2026-02-18,,,0.0339673913043478,True
VRNS,2026-02-17,2026-02-18,,,0.0150078988941548,True
NVDA,2026-02-17,2026-02-18,,,0.0162729091203979,True
HON,2026-02-17,2026-02-18,,,-0.0062229548732742,True
BMI,2026-02-17,2026-02-18,,,-0.0062189836044977,True
SLG,2026-02-17,2026-02-18,,,-0.0068285280728375,True
IVZ,2026-02-17,2026-02-18,,,0.0128787878787879,True
PFE,2026-02-17,2026-02-18,,,0.0,True
DKNG,2026-02-17,2026-02-18,,,0.0274457724656929,True
ZBRA,2026-02-17,2026-02-18,,,-0.0315999386408957,True
TWST,2026-02-17,2026-02-18,,,0.0385779122541602,True
OC,2026-02-17,2026-02-18,,,0.0059898173105721,True
DUOL,2026-02-17,2026-02-18,,,0.0033904354032834,True
RUM,2026-02-17,2026-02-18,,,0.0190641247833622,True
RXO,2026-02-17,2026-02-18,,,0.0694538098449089,True
CAR,2026-02-17,2026-02-18,,,0.0098280098280099,True
BEPC,2026-02-17,2026-02-18,,,-0.0320180383314543,True
RITM,2026-02-17,2026-02-18,,,0.00188679245283,True
HIMS,2026-02-17,2026-02-18,,,-0.0264290104486785,True
VERX,2026-02-17,2026-02-18,,,-0.0202593192868719,True
RGLD,2026-02-17,2026-02-18,,,-0.0046583294513922,True
MTN,2026-02-17,2026-02-18,,,0.0307803992740471,True
QS,2026-02-17,2026-02-18,,,-0.0069444444444444,True
RYAN,2026-02-17,2026-02-18,,,0.016628873771731,True
RBLX,2026-02-17,2026-02-18,,,0.000952380952381,True
PCVX,2026-02-17,2026-02-18,,,0.0532533283330209,True
TTD,2026-02-17,2026-02-18,,,0.009501187648456,True
BRBR,2026-02-17,2026-02-18,,,0.0243362831858406,True
VKTX,2026-02-17,2026-02-18,,,-0.0098522167487684,True
GPGI,2026-02-17,2026-02-18,,,-0.0248859394442139,True
DYN,2026-02-17,2026-02-18,,,0.006544502617801,True
SLNO,2026-02-17,2026-02-18,,,0.0028571428571428,True
JOBY,2026-02-17,2026-02-18,,,0.01001001001001,True
MARA,2026-02-17,2026-02-18,,,-0.0013315579227696,True
SFM,2026-02-17,2026-02-18,,,0.0016281823564239,True
FISV,2026-02-17,2026-02-18,,,-0.0069345941686368,True
DNLI,2026-02-17,2026-02-18,,,-0.0025933609958506,True
OSCR,2026-02-17,2026-02-18,,,0.0231516056758773,True
CORT,2026-02-17,2026-02-18,,,0.0047943477163763,True
CSGP,2026-02-17,2026-02-18,,,0.0699606471359859,True
KR,2026-02-17,2026-02-18,,,-0.0114843525696238,True
SMMT,2026-02-17,2026-02-18,,,0.0127551020408163,True
VG,2026-02-17,2026-02-18,,,0.088939566704675,True
BANF,2026-02-17,2026-02-18,,,-0.0030814003252589,True
UPST,2026-02-17,2026-02-18,,,-0.013762902721301,True
KMPR,2026-02-17,2026-02-18,,,0.017934446505875,True
TFX,2026-02-17,2026-02-18,,,0.0628188173058756,True
SEZL,2026-02-17,2026-02-18,,,0.032807570977918,True
IONQ,2026-02-17,2026-02-18,,,0.0048221820373719,True
WULF,2026-02-17,2026-02-18,,,-0.049443757725587,True
AVTR,2026-02-17,2026-02-18,,,0.0243093922651933,True
OCUL,2026-02-17,2026-02-18,,,-0.0157367668097282,True
SMG,2026-02-17,2026-02-18,,,-0.0004292459579339,True
VVV,2026-02-17,2026-02-18,,,0.0077760497667185,True
PII,2026-02-17,2026-02-18,,,0.0054553720260646,True
NOG,2026-02-17,2026-02-18,,,0.0721003134796238,True
HRB,2026-02-17,2026-02-18,,,0.037667867671143,True
CAG,2026-02-17,2026-02-18,,,-0.0052938062466914,True
WD,2026-02-17,2026-02-18,,,0.0399935753292644,True
WLK,2026-02-17,2026-02-18,,,0.0174810877121243,True
ACHR,2026-02-17,2026-02-18,,,0.0219941348973606,True
MIDD,2026-02-17,2026-02-18,,,0.0050745903643922,True
RARE,2026-02-17,2026-02-18,,,0.0133795837462833,True
RDW,2026-02-17,2026-02-18,,,0.05,True
BBUC,2026-02-17,2026-02-18,,,-0.0033651149747615,True
BMRN,2026-02-17,2026-02-18,,,0.0313594662218514,True
SRPT,2026-02-17,2026-02-18,,,0.0279642058165547,True
VNOM,2026-02-17,2026-02-18,,,0.0138636363636364,True
DOW,2026-02-17,2026-02-18,,,0.005092297899427,True
ARE,2026-02-17,2026-02-18,,,-0.0045947436133063,True
SMR,2026-02-17,2026-02-18,,,-0.004905395935529,True
FLR,2026-02-17,2026-02-18,,,0.0426189005558987,True
IP,2026-02-17,2026-02-18,,,-0.0116207951070336,True
LCID,2026-02-17,2026-02-18,,,-0.0120967741935482,True
XRAY,2026-02-17,2026-02-18,,,0.0040192926045017,True
UAA,2026-02-17,2026-02-18,,,0.0181347150259068,True
UA,2026-02-17,2026-02-18,,,0.0119363395225464,True
USAR,2026-02-17,2026-02-18,,,-0.0431125131440589,True
EOSE,2026-02-17,2026-02-18,,,0.0096069868995634,True
LBRDA,2026-02-17,2026-02-18,,,0.0083605961468555,True
CNXC,2026-02-17,2026-02-18,,,0.0424795468848333,True
HLNE,2026-02-17,2026-02-18,,,0.0268400433441693,True
GT,2026-02-17,2026-02-18,,,0.0033860045146727,True
ALMS,2026-02-17,2026-02-18,,,0.0349887133182844,True
CE,2026-02-17,2026-02-18,,,-0.0157875852170793,True
UWMC,2026-02-17,2026-02-18,,,-0.006198347107438,True
COHR,2026-02-17,2026-02-18,,,0.0178668848881613,True
TAP,2026-02-17,2026-02-18,,,-0.0015717092337916,True
BMNR,2026-02-17,2026-02-18,,,-0.0163771712158807,True
BHF,2026-02-17,2026-02-18,,,0.0010952902519167,True
SATS,2026-02-17,2026-02-18,,,0.0129203539823008,True
