symbol,date,signal,rank
BLKB,2026-02-19,3.289599820303428,1
F,2026-02-19,3.222724612118837,2
WDC,2026-02-19,2.881523443727671,3
JEF,2026-02-19,2.8486638995835936,4
DOCN,2026-02-19,2.814330448244293,5
ARWR,2026-02-19,2.7756616725572187,6
PACS,2026-02-19,2.7526242351950496,7
CELC,2026-02-19,2.74154511158925,8
VFC,2026-02-19,2.718462668223614,9
SNDK,2026-02-19,2.696327433592413,10
DXC,2026-02-19,2.585884555876312,11
BE,2026-02-19,2.575922851278729,12
COLM,2026-02-19,2.5638533889007737,13
IDYA,2026-02-19,2.4622608272549784,14
VICR,2026-02-19,2.443343621098911,15
MU,2026-02-19,2.376801783978122,16
SPG,2026-02-19,2.3420462341045436,17
APLS,2026-02-19,2.240376033829161,18
ONDS,2026-02-19,2.2394461040249247,19
VSAT,2026-02-19,2.216128037661642,20
COMM,2026-02-19,2.1817742326562906,21
SOLV,2026-02-19,2.1700976228836173,22
MCY,2026-02-19,2.1679779914068575,23
CWEN,2026-02-19,2.1640106591796644,24
TERN,2026-02-19,2.029013750631653,25
PL,2026-02-19,2.028391681859749,26
VISN,2026-02-19,2.0205901433446867,27
MSGE,2026-02-19,1.9630412808406663,28
CIFR,2026-02-19,1.9468934817435952,29
MATX,2026-02-19,1.90847649284602,30
HOG,2026-02-19,1.8835040325098988,31
VIRT,2026-02-19,1.8795245130730296,32
DAN,2026-02-19,1.819907180414175,33
GSAT,2026-02-19,1.797959926446536,34
AEO,2026-02-19,1.795208162494489,35
APLD,2026-02-19,1.7850157044030015,36
AMG,2026-02-19,1.7751175032531297,37
FG,2026-02-19,1.7095077907541412,38
TDC,2026-02-19,1.6810553642476678,39
GMED,2026-02-19,1.6763916145695026,40
LITE,2026-02-19,1.6708750635615972,41
CSGS,2026-02-19,1.6339779669734955,42
FOLD,2026-02-19,1.633660115092486,43
WU,2026-02-19,1.6331033516300648,44
RL,2026-02-19,1.6280423548451857,45
ERAS,2026-02-19,1.623467400909197,46
CVI,2026-02-19,1.5922733815547914,47
AA,2026-02-19,1.5876285184061731,48
AGNC,2026-02-19,1.5861347420787866,49
ALHC,2026-02-19,1.5806016106492942,50
AD,2026-02-19,1.5599898869570847,51
HI,2026-02-19,1.5584138770426166,52
AMKR,2026-02-19,1.5432051555625312,53
LNC,2026-02-19,1.5354622517351564,54
STRK,2026-02-19,1.4921746752212466,55
INSW,2026-02-19,1.4854421643342752,56
NLY,2026-02-19,1.474865897105572,57
FTAI,2026-02-19,1.455452788904794,58
SCCO,2026-02-19,1.4551552207638792,59
ALL,2026-02-19,1.4412534945177211,60
ARLP,2026-02-19,1.4373737254161911,61
BLTE,2026-02-19,1.4355367033786004,62
BDX,2026-02-19,1.4307541510385644,63
SYF,2026-02-19,1.42649650583851,64
WBD,2026-02-19,1.4221944918740297,65
NGVT,2026-02-19,1.4156608064122396,66
LQDA,2026-02-19,1.4103494491729256,67
COMP,2026-02-19,1.4055627290978097,68
SM,2026-02-19,1.405112937711567,69
EE,2026-02-19,1.3929583166552153,70
INCY,2026-02-19,1.3923607773996045,71
HUT,2026-02-19,1.392011021648785,72
ENS,2026-02-19,1.3853664470453737,73
JXN,2026-02-19,1.38256533709288,74
MKSI,2026-02-19,1.3777662092457923,75
BXP,2026-02-19,1.3772133543954683,76
BTSG,2026-02-19,1.3758760279726283,77
BBT,2026-02-19,1.3571019192069198,78
GPCR,2026-02-19,1.349798066252714,79
LC,2026-02-19,1.3343340847940652,80
CENX,2026-02-19,1.3298053277742368,81
PR,2026-02-19,1.3169163713622336,82
OGN,2026-02-19,1.3166983840085285,83
TTMI,2026-02-19,1.3053739690877038,84
SEE,2026-02-19,1.3017664423465771,85
TER,2026-02-19,1.2887340895744608,86
BELFB,2026-02-19,1.2856182063049235,87
LEVI,2026-02-19,1.285516347997924,88
LGND,2026-02-19,1.2790296832154473,89
APA,2026-02-19,1.2775199677501534,90
MLI,2026-02-19,1.2597982999496502,91
UUUU,2026-02-19,1.2475256798019363,92
KRYS,2026-02-19,1.2467228883320476,93
ENVA,2026-02-19,1.246046594972287,94
KRC,2026-02-19,1.2108012314724792,95
FHI,2026-02-19,1.208714590569677,96
RDDT,2026-02-19,1.208186051078414,97
AMTM,2026-02-19,1.203737655107158,98
CIEN,2026-02-19,1.2020323620729974,99
HII,2026-02-19,1.1952041132813298,100
DAVE,2026-02-19,1.1879351404509548,101
DAL,2026-02-19,1.1854959171756323,102
EXPE,2026-02-19,1.1825215140225482,103
PSX,2026-02-19,1.1816353074034496,104
GNW,2026-02-19,1.1777989673873983,105
FIX,2026-02-19,1.1763622718836455,106
MDB,2026-02-19,1.173782804008321,107
PFSI,2026-02-19,1.1734446277411308,108
RGEN,2026-02-19,1.1719943808065685,109
TNL,2026-02-19,1.1601268254802788,110
MTCH,2026-02-19,1.1586566515074554,111
UTHR,2026-02-19,1.1550552407761403,112
KTOS,2026-02-19,1.1439542789181163,113
REAL,2026-02-19,1.1406285818214768,114
DBD,2026-02-19,1.1336037768613232,115
NATL,2026-02-19,1.1322732658771986,116
APAM,2026-02-19,1.1306612968612506,117
TSLA,2026-02-19,1.1295137803088242,118
APP,2026-02-19,1.128359038766526,119
BA,2026-02-19,1.1258609655427203,120
TVTX,2026-02-19,1.1251585662186023,121
SEB,2026-02-19,1.108669392276977,122
UEC,2026-02-19,1.1035238716432636,123
POWL,2026-02-19,1.095249071309186,124
CDP,2026-02-19,1.0881013400691368,125
GM,2026-02-19,1.086037795022884,126
FORM,2026-02-19,1.079743314087197,127
BWA,2026-02-19,1.0786858343208805,128
FSLR,2026-02-19,1.0691075646100738,129
PTEN,2026-02-19,1.0660190274207575,130
INDV,2026-02-19,1.063086960770856,131
PAA,2026-02-19,1.0559446168598436,132
LRCX,2026-02-19,1.054491428476497,133
VCYT,2026-02-19,1.0487418997745566,134
ONTO,2026-02-19,1.0442413957269558,135
FTDR,2026-02-19,1.042916820598582,136
EIX,2026-02-19,1.0414761178632264,137
HOLX,2026-02-19,1.0372603914894325,138
WHR,2026-02-19,1.033716713222368,139
ALB,2026-02-19,1.0334571133758306,140
IDCC,2026-02-19,1.0286891845472348,141
OUT,2026-02-19,1.0269937557324065,142
CMC,2026-02-19,1.0258125610268682,143
GEF,2026-02-19,1.0155795969143484,144
ZM,2026-02-19,1.013271674561384,145
SNX,2026-02-19,1.0126648312059596,146
MAT,2026-02-19,1.011918730585308,147
UPWK,2026-02-19,0.998397062435294,148
CC,2026-02-19,0.9965051179479484,149
PPC,2026-02-19,0.9907427549521316,150
ATRO,2026-02-19,0.981855747971664,151
DDS,2026-02-19,0.9816719894487967,152
HIG,2026-02-19,0.9758493012161116,153
EPAM,2026-02-19,0.9756263724854368,154
ALSN,2026-02-19,0.9726313348706208,155
AGX,2026-02-19,0.96790055504547,156
SHOO,2026-02-19,0.9414535683977212,157
GOOGL,2026-02-19,0.940625433802084,158
WST,2026-02-19,0.9340353699480876,159
GOOG,2026-02-19,0.9296223810681828,160
HURN,2026-02-19,0.9272153781037268,161
ACI,2026-02-19,0.9265112030612396,162
LCII,2026-02-19,0.924605674846375,163
SLGN,2026-02-19,0.9233110592706208,164
CMI,2026-02-19,0.9080384787257524,165
PHIN,2026-02-19,0.9069098431652258,166
TGTX,2026-02-19,0.9062402928625084,167
AES,2026-02-19,0.8982984220410454,168
UNH,2026-02-19,0.8947739649830012,169
EVR,2026-02-19,0.891315966711304,170
ICUI,2026-02-19,0.8906243482415263,171
PATH,2026-02-19,0.8872943744608482,172
W,2026-02-19,0.883076098147753,173
CINF,2026-02-19,0.8826617803602258,174
WEX,2026-02-19,0.8810264158636832,175
CALY,2026-02-19,0.8796144702417773,176
KRMN,2026-02-19,0.8766745026569339,177
HL,2026-02-19,0.8750033596421053,178
UAL,2026-02-19,0.8728841575109677,179
FRPT,2026-02-19,0.8666358381500407,180
HYMC,2026-02-19,0.8662908526285846,181
BKV,2026-02-19,0.8654112541688571,182
LYFT,2026-02-19,0.8623473340139183,183
MGM,2026-02-19,0.8623374402012888,184
WT,2026-02-19,0.8591689500428353,185
TRV,2026-02-19,0.8571212088453933,186
TPR,2026-02-19,0.8483042777774488,187
PLUS,2026-02-19,0.8482342745201299,188
AKAM,2026-02-19,0.8457431573855958,189
CACI,2026-02-19,0.8427927196990407,190
DECK,2026-02-19,0.8385153093148996,191
NXT,2026-02-19,0.8374264731169907,192
RKLB,2026-02-19,0.8336328673771605,193
HHH,2026-02-19,0.8321873044472937,194
COKE,2026-02-19,0.8314696009554431,195
COO,2026-02-19,0.8216988832714297,196
WFRD,2026-02-19,0.8169884803120133,197
GS,2026-02-19,0.812679721875802,198
LDOS,2026-02-19,0.8118053542627025,199
GHC,2026-02-19,0.809821555991265,200
M,2026-02-19,0.807720815676719,201
LASR,2026-02-19,0.8067778828379298,202
HTGC,2026-02-19,0.8051909457797686,203
PRIM,2026-02-19,0.8047948454207275,204
GLW,2026-02-19,0.8042800724967855,205
STT,2026-02-19,0.7995582450267993,206
SON,2026-02-19,0.7990416018557739,207
ARQT,2026-02-19,0.7975969155404625,208
ELV,2026-02-19,0.7970456163990557,209
ORI,2026-02-19,0.7897948217212355,210
FIBK,2026-02-19,0.7896074546676459,211
ATI,2026-02-19,0.7895789906414246,212
SANM,2026-02-19,0.7839863822831209,213
OI,2026-02-19,0.7831273762224827,214
OMCL,2026-02-19,0.7819750734126153,215
NOC,2026-02-19,0.7815679339690715,216
WMS,2026-02-19,0.7801183315739639,217
TOL,2026-02-19,0.7745461687475973,218
HUM,2026-02-19,0.772789236303294,219
CMCSA,2026-02-19,0.7713907829239387,220
WCC,2026-02-19,0.7709513842235909,221
AEIS,2026-02-19,0.7702801756090195,222
PEN,2026-02-19,0.7692046264153917,223
SWX,2026-02-19,0.764846776387293,224
FOXA,2026-02-19,0.7624992554726212,225
EAT,2026-02-19,0.7618396991838972,226
ACMR,2026-02-19,0.7604327632670985,227
FE,2026-02-19,0.7548016130365783,228
ADPT,2026-02-19,0.75032332106227,229
DINO,2026-02-19,0.7476396758126349,230
FSK,2026-02-19,0.7470497666940081,231
GVA,2026-02-19,0.7434196522483545,232
GEV,2026-02-19,0.7426317781262834,233
ACA,2026-02-19,0.7422184600916814,234
SCI,2026-02-19,0.7404431336776037,235
REYN,2026-02-19,0.7401700528846127,236
PRAX,2026-02-19,0.7383331514891674,237
BANC,2026-02-19,0.7376776967359887,238
CECO,2026-02-19,0.7376473441768663,239
TPC,2026-02-19,0.7370973396470838,240
MTRN,2026-02-19,0.7337337919510469,241
HALO,2026-02-19,0.7312926127156925,242
EL,2026-02-19,0.7250581084542387,243
TPB,2026-02-19,0.7229548537823808,244
VLY,2026-02-19,0.7228497806811605,245
MIRM,2026-02-19,0.7187975624594198,246
HAE,2026-02-19,0.7179299992007915,247
MEDP,2026-02-19,0.7159583424332501,248
LXP,2026-02-19,0.7141947522744427,249
PRU,2026-02-19,0.7066562338934839,250
RNG,2026-02-19,0.7038789975479093,251
FCX,2026-02-19,0.6999632362285033,252
CBOE,2026-02-19,0.6977368446732134,253
IEP,2026-02-19,0.6933030868254104,254
INTC,2026-02-19,0.6932048555476532,255
FLNC,2026-02-19,0.6929496198211846,256
HAL,2026-02-19,0.6898929788441536,257
KNX,2026-02-19,0.6893998900222686,258
MRCY,2026-02-19,0.6852962703859693,259
KWR,2026-02-19,0.684125202670304,260
CTSH,2026-02-19,0.681568525579381,261
RRR,2026-02-19,0.6765438062765625,262
SAM,2026-02-19,0.6764201469586202,263
JOE,2026-02-19,0.6748002417491504,264
DG,2026-02-19,0.6741723279284825,265
RUSHA,2026-02-19,0.6733353921750226,266
ROL,2026-02-19,0.6723812267882888,267
TMDX,2026-02-19,0.6715734913169582,268
DCI,2026-02-19,0.6685105955274633,269
ZETA,2026-02-19,0.6682395753104404,270
HP,2026-02-19,0.6676760778662513,271
PAGP,2026-02-19,0.6671970323165373,272
SGI,2026-02-19,0.6610567838588399,273
CF,2026-02-19,0.6580584763430062,274
NXST,2026-02-19,0.6571586482166826,275
UGI,2026-02-19,0.650341424070941,276
GBDC,2026-02-19,0.6464537752629431,277
SLM,2026-02-19,0.6438334113303767,278
OPEN,2026-02-19,0.6436175700192043,279
KTB,2026-02-19,0.6392629505859845,280
SKYW,2026-02-19,0.6347483114389404,281
MRP,2026-02-19,0.6324217191172942,282
OMC,2026-02-19,0.6315187217788776,283
RMD,2026-02-19,0.6275198782420196,284
DBRG,2026-02-19,0.6169501749781199,285
SSD,2026-02-19,0.6167583479098449,286
MPLX,2026-02-19,0.6166935101250931,287
EEFT,2026-02-19,0.6161398663392339,288
AMRX,2026-02-19,0.6140486724838491,289
AZZ,2026-02-19,0.6120596071710512,290
TROW,2026-02-19,0.6120021546504215,291
RSI,2026-02-19,0.6115536123019215,292
PLD,2026-02-19,0.6048565347423532,293
OMF,2026-02-19,0.5979189681787401,294
EXAS,2026-02-19,0.5977957939269685,295
WRBY,2026-02-19,0.5949730930750005,296
COCO,2026-02-19,0.5940522926287292,297
YOU,2026-02-19,0.592604958769788,298
TEX,2026-02-19,0.5914296808791818,299
LEA,2026-02-19,0.5903264326766238,300
VSEC,2026-02-19,0.5892529219750068,301
CPRX,2026-02-19,0.587158601237095,302
FCN,2026-02-19,0.5817017315215809,303
SJM,2026-02-19,0.5813258209669767,304
KNF,2026-02-19,0.5807750947670246,305
LUNR,2026-02-19,0.5803499905993343,306
SAIC,2026-02-19,0.5794663666547909,307
FROG,2026-02-19,0.5762095310429356,308
KEX,2026-02-19,0.576069026158421,309
GPN,2026-02-19,0.575213560841626,310
AMAT,2026-02-19,0.5750459122354981,311
WK,2026-02-19,0.5737282054965952,312
CUBI,2026-02-19,0.5705609653067575,313
YETI,2026-02-19,0.5686901749690007,314
MMS,2026-02-19,0.5674668910596595,315
SEI,2026-02-19,0.5668200648482427,316
LAUR,2026-02-19,0.5659415463378205,317
ASO,2026-02-19,0.565543265239576,318
INGR,2026-02-19,0.5600307129286384,319
JLL,2026-02-19,0.5592144607740646,320
CNX,2026-02-19,0.5582586718425399,321
MRK,2026-02-19,0.5564547901414356,322
BSM,2026-02-19,0.5556103423226745,323
SSNC,2026-02-19,0.5512870585850761,324
DBX,2026-02-19,0.5477731279462293,325
SXI,2026-02-19,0.545797036494926,326
GNTX,2026-02-19,0.5454478625294938,327
TXG,2026-02-19,0.5445698451592781,328
RVMD,2026-02-19,0.5386803889026585,329
ATMU,2026-02-19,0.5369679193273441,330
CRUS,2026-02-19,0.5363108696199157,331
DVN,2026-02-19,0.535469012227512,332
SHC,2026-02-19,0.5290557260513705,333
LUMN,2026-02-19,0.5274093543194057,334
OGE,2026-02-19,0.5258986695687928,335
XMTR,2026-02-19,0.5256354237107187,336
ULTA,2026-02-19,0.5235241879307556,337
TRNO,2026-02-19,0.5231790615114187,338
THG,2026-02-19,0.5209269559444313,339
ACT,2026-02-19,0.5170308737902429,340
HIW,2026-02-19,0.5117114860576584,341
CHRW,2026-02-19,0.5103934125677178,342
IBM,2026-02-19,0.5097045930186369,343
SIGI,2026-02-19,0.5083448974633028,344
HXL,2026-02-19,0.5070924718340848,345
RPRX,2026-02-19,0.5054064110801451,346
MMSI,2026-02-19,0.504673415072088,347
BWXT,2026-02-19,0.503765533104307,348
ACAD,2026-02-19,0.5027554977633257,349
AFL,2026-02-19,0.501091456003044,350
INGM,2026-02-19,0.5006533350419424,351
AXTA,2026-02-19,0.4996090263150152,352
APLE,2026-02-19,0.4991124285203155,353
RH,2026-02-19,0.4966505198045637,354
NDAQ,2026-02-19,0.4947777680519106,355
CPAY,2026-02-19,0.4921913697679957,356
T,2026-02-19,0.4908002883813787,357
GH,2026-02-19,0.4907998290816713,358
ARW,2026-02-19,0.4860462991042928,359
NVST,2026-02-19,0.4838396506541335,360
ACIW,2026-02-19,0.4827721552056622,361
FBIN,2026-02-19,0.4815601614639049,362
LMT,2026-02-19,0.4810703384770906,363
BG,2026-02-19,0.4777877556729421,364
NYT,2026-02-19,0.4763288690707888,365
HPQ,2026-02-19,0.4746456830636552,366
SNDR,2026-02-19,0.474528681476344,367
REGN,2026-02-19,0.4715106984479215,368
POR,2026-02-19,0.4713418373048473,369
RMBS,2026-02-19,0.468714279989694,370
RIOT,2026-02-19,0.4638166706622219,371
DY,2026-02-19,0.4624439105473938,372
CRS,2026-02-19,0.4619155797243615,373
WSBC,2026-02-19,0.4614010384775662,374
NMRK,2026-02-19,0.4532655195430403,375
AIR,2026-02-19,0.4519651978392356,376
WES,2026-02-19,0.4494355391228866,377
APH,2026-02-19,0.4490623559248394,378
EBAY,2026-02-19,0.4465625003685751,379
ED,2026-02-19,0.4449411484882814,380
MNST,2026-02-19,0.4433413728583696,381
PBF,2026-02-19,0.4408206347788955,382
COLB,2026-02-19,0.4407930413076882,383
CGON,2026-02-19,0.4401889816861981,384
UHAL,2026-02-19,0.4398322370351437,385
DKL,2026-02-19,0.4387042913547588,386
LKQ,2026-02-19,0.4381942639874435,387
WAL,2026-02-19,0.4369677764552256,388
GEO,2026-02-19,0.4364476003837315,389
OII,2026-02-19,0.4346808186358196,390
ATEC,2026-02-19,0.4320469409662545,391
HASI,2026-02-19,0.4317711293999919,392
CG,2026-02-19,0.4310654368998281,393
PVH,2026-02-19,0.4307514014635127,394
PFS,2026-02-19,0.4297080597408753,395
CASY,2026-02-19,0.4289401075995952,396
CNA,2026-02-19,0.4250169854923368,397
CROX,2026-02-19,0.4239307846219684,398
PFG,2026-02-19,0.4232602454933669,399
KFY,2026-02-19,0.4223694731574373,400
DRI,2026-02-19,0.4206542043072163,401
GPOR,2026-02-19,0.4201863676563786,402
CME,2026-02-19,0.4190582025138352,403
OSK,2026-02-19,0.4185761802886514,404
GILD,2026-02-19,0.4183430466182726,405
VZ,2026-02-19,0.4178494132751116,406
TPG,2026-02-19,0.4172249720223717,407
DD,2026-02-19,0.4166368800087081,408
ALRM,2026-02-19,0.4114143175905468,409
POST,2026-02-19,0.4077553602924713,410
CQP,2026-02-19,0.4065841750007092,411
TXT,2026-02-19,0.4063102115511324,412
UBSI,2026-02-19,0.4049896646849363,413
NDSN,2026-02-19,0.4041453652704568,414
PSMT,2026-02-19,0.4009132751334255,415
LUV,2026-02-19,0.3995526773085434,416
OHI,2026-02-19,0.3987392327126529,417
LHX,2026-02-19,0.3971624207635116,418
YUM,2026-02-19,0.3968395444986248,419
TARS,2026-02-19,0.3955114684793499,420
IBKR,2026-02-19,0.3934871947078335,421
HE,2026-02-19,0.3913543150002518,422
WSM,2026-02-19,0.391342552808699,423
SWK,2026-02-19,0.3880901956421817,424
ILMN,2026-02-19,0.3840707372319693,425
CW,2026-02-19,0.3800293527306546,426
KLAC,2026-02-19,0.3738412350689638,427
AWI,2026-02-19,0.3735809524034296,428
KMT,2026-02-19,0.3717038569518758,429
ALLY,2026-02-19,0.3716906901859784,430
OSIS,2026-02-19,0.3651720436628882,431
PNW,2026-02-19,0.3650331443235085,432
MAS,2026-02-19,0.3645009667914561,433
SITM,2026-02-19,0.3600053572265535,434
DAR,2026-02-19,0.3590466350031145,435
ARMK,2026-02-19,0.3590440429209763,436
LBRT,2026-02-19,0.3573572329081777,437
EBC,2026-02-19,0.356399782606524,438
RYN,2026-02-19,0.3549183436389492,439
QLYS,2026-02-19,0.3547577858054074,440
SITE,2026-02-19,0.354115034688,441
AHR,2026-02-19,0.3531357920035546,442
OZK,2026-02-19,0.3493599224994308,443
CWAN,2026-02-19,0.3466962668398568,444
AFRM,2026-02-19,0.3449606023189999,445
SPHR,2026-02-19,0.344948139553104,446
UFPI,2026-02-19,0.3440230529344587,447
UNF,2026-02-19,0.339957932399221,448
HST,2026-02-19,0.3387382820269174,449
XOM,2026-02-19,0.3384339635002806,450
GIS,2026-02-19,0.3382102358379571,451
NE,2026-02-19,0.3381805254085287,452
PTCT,2026-02-19,0.3379587943331509,453
IONS,2026-02-19,0.3374102751131619,454
BLD,2026-02-19,0.3372912889768832,455
HAS,2026-02-19,0.3368631649978467,456
ORA,2026-02-19,0.3353869386576403,457
DOX,2026-02-19,0.3352976431146642,458
EWBC,2026-02-19,0.3325518152166543,459
GD,2026-02-19,0.3305881286270012,460
ZION,2026-02-19,0.3279635807953726,461
LLYVK,2026-02-19,0.3269561831891508,462
IESC,2026-02-19,0.3268434378109712,463
USB,2026-02-19,0.3256193554217909,464
TCBI,2026-02-19,0.3255234552047946,465
CAH,2026-02-19,0.324444183026027,466
TLN,2026-02-19,0.3243381291859675,467
CFG,2026-02-19,0.323483068035767,468
MUSA,2026-02-19,0.3224243875218857,469
BPOP,2026-02-19,0.3208808563764884,470
EMN,2026-02-19,0.3204115361556309,471
UMBF,2026-02-19,0.3198843329179943,472
VSCO,2026-02-19,0.3189847886982156,473
ECG,2026-02-19,0.3181689440978075,474
CATY,2026-02-19,0.3176622569483738,475
IBRX,2026-02-19,0.3166296812421328,476
PH,2026-02-19,0.3163528424716897,477
CTRE,2026-02-19,0.3163394336345251,478
SAIA,2026-02-19,0.316129572262836,479
IQV,2026-02-19,0.3157341063761541,480
LNT,2026-02-19,0.3141544831530696,481
AMP,2026-02-19,0.3133070912976247,482
TECH,2026-02-19,0.3121459597778275,483
ELAN,2026-02-19,0.3119177883728568,484
SIRI,2026-02-19,0.3106168309846221,485
EVRG,2026-02-19,0.3094970532246291,486
AIZ,2026-02-19,0.3085312016682587,487
STLD,2026-02-19,0.308402470567517,488
SFNC,2026-02-19,0.3064580416822935,489
BOKF,2026-02-19,0.3060634787187219,490
MSGS,2026-02-19,0.3059072107557954,491
KHC,2026-02-19,0.3052954312787797,492
EA,2026-02-19,0.3046732368763791,493
RTX,2026-02-19,0.3045058652821183,494
NSA,2026-02-19,0.30358996670684,495
CALX,2026-02-19,0.3014830877176572,496
OTTR,2026-02-19,0.3013312384094249,497
WYNN,2026-02-19,0.3000560551477049,498
CPT,2026-02-19,0.2989088467958524,499
ISRG,2026-02-19,0.298817809321308,500
SCHW,2026-02-19,0.2974451994141039,501
DUK,2026-02-19,0.2960087901121737,502
KAR,2026-02-19,0.2956463348493562,503
MAIN,2026-02-19,0.2923094762064123,504
AVNT,2026-02-19,0.2919349961834406,505
GAP,2026-02-19,0.290969971420771,506
WMT,2026-02-19,0.2909572059407785,507
GLPI,2026-02-19,0.2834620573561904,508
CDE,2026-02-19,0.2829613374261531,509
WWD,2026-02-19,0.2809577397243892,510
ASB,2026-02-19,0.2808069146764689,511
KBH,2026-02-19,0.2797967283198638,512
LOW,2026-02-19,0.2767169605448351,513
HSY,2026-02-19,0.2745920031125679,514
AME,2026-02-19,0.272026593275476,515
RJF,2026-02-19,0.2699272484220549,516
MOD,2026-02-19,0.2686413456782632,517
VRT,2026-02-19,0.2681634246697033,518
ADT,2026-02-19,0.2663107172725988,519
LEU,2026-02-19,0.2655079894259761,520
AXSM,2026-02-19,0.2632627377560952,521
CBT,2026-02-19,0.2623102287278782,522
DLR,2026-02-19,0.262178034833758,523
TGNA,2026-02-19,0.2606070340113148,524
BCO,2026-02-19,0.2605899651537842,525
JKHY,2026-02-19,0.2593798720721904,526
NEOG,2026-02-19,0.2592349193537719,527
KMI,2026-02-19,0.2566135689687594,528
UDR,2026-02-19,0.2564780118824497,529
MCD,2026-02-19,0.2504237913775565,530
ABM,2026-02-19,0.2489308645965913,531
U,2026-02-19,0.247940354752936,532
VC,2026-02-19,0.246919371919253,533
CVCO,2026-02-19,0.2456526722339682,534
MAR,2026-02-19,0.244101580503763,535
SPXC,2026-02-19,0.2439378731929212,536
TKO,2026-02-19,0.2434365434534309,537
DTM,2026-02-19,0.2427614502281111,538
UHS,2026-02-19,0.2424918440684429,539
STRL,2026-02-19,0.2408737957316852,540
CHDN,2026-02-19,0.2404305136123986,541
CAT,2026-02-19,0.238960072822063,542
TXRH,2026-02-19,0.236891356911593,543
BLDR,2026-02-19,0.2356601234786621,544
APO,2026-02-19,0.2341885696769484,545
KMX,2026-02-19,0.232407379442546,546
MCO,2026-02-19,0.2321229465798437,547
CRL,2026-02-19,0.2312911976851764,548
TGT,2026-02-19,0.23106866280057,549
CLH,2026-02-19,0.2304743419837367,550
VLO,2026-02-19,0.229049646648733,551
FAF,2026-02-19,0.2286356030112134,552
CHH,2026-02-19,0.2277206862801457,553
LNG,2026-02-19,0.2275157417683218,554
ET,2026-02-19,0.2272974413924064,555
FITB,2026-02-19,0.2258825927103132,556
PLTR,2026-02-19,0.2257171340425518,557
FOX,2026-02-19,0.2251315987983959,558
VNO,2026-02-19,0.2232454169258162,559
OPLN,2026-02-19,0.2231599430746924,560
LVS,2026-02-19,0.2231022102080861,561
FNB,2026-02-19,0.2221998814517897,562
MTSI,2026-02-19,0.2221928537524832,563
GEN,2026-02-19,0.2215250431443352,564
VTRS,2026-02-19,0.2214019494966991,565
ATR,2026-02-19,0.2172104171512759,566
MRSH,2026-02-19,0.2146765215457171,567
FBK,2026-02-19,0.2134871203052572,568
SR,2026-02-19,0.2127975290384937,569
ANF,2026-02-19,0.2117390503650994,570
AAON,2026-02-19,0.211704905193374,571
NBTB,2026-02-19,0.2116099831633997,572
CTRI,2026-02-19,0.209183008786319,573
EPR,2026-02-19,0.2088211726892762,574
SLB,2026-02-19,0.2071969218989712,575
NUE,2026-02-19,0.2070620195399574,576
HGV,2026-02-19,0.2062443069719063,577
PCG,2026-02-19,0.2060594811112034,578
CPB,2026-02-19,0.2059163100673664,579
HUBG,2026-02-19,0.2052589999514048,580
BFH,2026-02-19,0.2048999502921675,581
LAMR,2026-02-19,0.2029081174203413,582
SYM,2026-02-19,0.2024396644507172,583
ESI,2026-02-19,0.2018841438625288,584
CVX,2026-02-19,0.200034760786795,585
PLXS,2026-02-19,0.1998858162216031,586
JBTM,2026-02-19,0.1997593337171946,587
CWT,2026-02-19,0.1984963761107984,588
DORM,2026-02-19,0.1981476245590528,589
AM,2026-02-19,0.1981422472191285,590
TMO,2026-02-19,0.1979066974524831,591
MDU,2026-02-19,0.1977128265050401,592
MKC,2026-02-19,0.1967436518100422,593
HWC,2026-02-19,0.1962179409836303,594
BKU,2026-02-19,0.194630995846438,595
EXP,2026-02-19,0.1944493884514682,596
ADM,2026-02-19,0.194087091903089,597
GPC,2026-02-19,0.1932564688092367,598
L,2026-02-19,0.1921776855473465,599
MYRG,2026-02-19,0.1914111658379994,600
MTZ,2026-02-19,0.1907296957443449,601
PEGA,2026-02-19,0.1893367528321138,602
AUB,2026-02-19,0.186684153232464,603
WSFS,2026-02-19,0.186382638176912,604
KEYS,2026-02-19,0.1863642701408137,605
FIVE,2026-02-19,0.1853070868577962,606
EGP,2026-02-19,0.1849590635308802,607
ABCB,2026-02-19,0.1833749811394267,608
MTB,2026-02-19,0.1783433887960574,609
URI,2026-02-19,0.1773488058013134,610
BMY,2026-02-19,0.1771837150841664,611
GTM,2026-02-19,0.1770962251609125,612
R,2026-02-19,0.1760035360538528,613
STZ,2026-02-19,0.1757653910358345,614
JBHT,2026-02-19,0.1730344585558129,615
UNP,2026-02-19,0.1724709320772706,616
EXPD,2026-02-19,0.1724522502476251,617
CAKE,2026-02-19,0.1723349449466567,618
RKT,2026-02-19,0.1721310397608876,619
ITT,2026-02-19,0.1718452846558594,620
FFBC,2026-02-19,0.1716730180502315,621
MRVL,2026-02-19,0.1715624218776107,622
RF,2026-02-19,0.1711316989376244,623
KEY,2026-02-19,0.1703163599778069,624
EWTX,2026-02-19,0.170086240069171,625
EXEL,2026-02-19,0.1690181473769165,626
LSCC,2026-02-19,0.166749677004885,627
FDX,2026-02-19,0.1665849835918735,628
FULT,2026-02-19,0.16346171677523,629
HSIC,2026-02-19,0.1622372132800866,630
MZTI,2026-02-19,0.1612485144960454,631
BRC,2026-02-19,0.1579650576036333,632
PPTA,2026-02-19,0.1574082297453598,633
BILL,2026-02-19,0.15515198986388,634
BEN,2026-02-19,0.1540817663515675,635
FANG,2026-02-19,0.154012090722098,636
TRGP,2026-02-19,0.1538011842963224,637
LH,2026-02-19,0.1534494841205334,638
COGT,2026-02-19,0.1526791490085317,639
BKR,2026-02-19,0.1523032181118773,640
SEIC,2026-02-19,0.1519723706815391,641
SKY,2026-02-19,0.1508569020858716,642
VRSN,2026-02-19,0.1499894472971264,643
MOS,2026-02-19,0.149312494999399,644
WTS,2026-02-19,0.1485934960768371,645
NFG,2026-02-19,0.147015424569991,646
ERIE,2026-02-19,0.1463414536199141,647
NSC,2026-02-19,0.144854065250392,648
MSCI,2026-02-19,0.1431216852077222,649
NHI,2026-02-19,0.1414048175181956,650
PRM,2026-02-19,0.1413219630142541,651
DLTR,2026-02-19,0.1407916225777519,652
PNC,2026-02-19,0.1394696604693838,653
CLSK,2026-02-19,0.1392400269944661,654
MO,2026-02-19,0.1379538479328851,655
ZBH,2026-02-19,0.1376794760124728,656
RDN,2026-02-19,0.1369529665307991,657
BFAM,2026-02-19,0.1353188891329144,658
PPG,2026-02-19,0.1344831487796411,659
STAG,2026-02-19,0.1327297660134312,660
BOH,2026-02-19,0.1309744322098849,661
EXLS,2026-02-19,0.1290945841974941,662
PRI,2026-02-19,0.1284066109103723,663
LFST,2026-02-19,0.1277634392280479,664
NJR,2026-02-19,0.1264719291217038,665
CUZ,2026-02-19,0.1263129783948576,666
AL,2026-02-19,0.1261820363827108,667
FLS,2026-02-19,0.1256981481864714,668
ALAB,2026-02-19,0.121435986322013,669
SPGI,2026-02-19,0.1190716460083458,670
AVT,2026-02-19,0.1187894203302014,671
WTFC,2026-02-19,0.1178008368683986,672
FFIV,2026-02-19,0.1158055706934023,673
EW,2026-02-19,0.114501208065777,674
MTG,2026-02-19,0.1141210651465922,675
WAB,2026-02-19,0.1134866225615438,676
SNEX,2026-02-19,0.1134824123253315,677
BALL,2026-02-19,0.1117244148531399,678
FICO,2026-02-19,0.1113038959495181,679
XYZ,2026-02-19,0.1101561950662678,680
BC,2026-02-19,0.1083169549973601,681
PEP,2026-02-19,0.1076341464127231,682
GKOS,2026-02-19,0.1074727251334079,683
MSTR,2026-02-19,0.1066355183042097,684
ELS,2026-02-19,0.1059298694648941,685
AMD,2026-02-19,0.1050678287399839,686
THC,2026-02-19,0.1044409253700949,687
ASH,2026-02-19,0.1036690164067874,688
IBP,2026-02-19,0.1026876912394215,689
WBS,2026-02-19,0.1016626921245451,690
HTH,2026-02-19,0.0988471558853793,691
MPWR,2026-02-19,0.0986543827642573,692
UNFI,2026-02-19,0.0963920660341585,693
AGCO,2026-02-19,0.0960470157701964,694
SSB,2026-02-19,0.0939775908710699,695
SBUX,2026-02-19,0.0937187281362041,696
LAD,2026-02-19,0.0918221039782309,697
NNI,2026-02-19,0.0911792974317869,698
NWE,2026-02-19,0.0870839113667918,699
GE,2026-02-19,0.0868674008409564,700
AIT,2026-02-19,0.0863825887101252,701
IRTC,2026-02-19,0.0855611015515883,702
TRMK,2026-02-19,0.0847644170157132,703
ETSY,2026-02-19,0.0844286672441084,704
UCB,2026-02-19,0.0827078033168331,705
DOV,2026-02-19,0.0815560404204487,706
WAT,2026-02-19,0.0806398111411202,707
PHM,2026-02-19,0.0800839017562461,708
FRT,2026-02-19,0.0795472395533838,709
MCK,2026-02-19,0.0765033703536707,710
LMND,2026-02-19,0.0759902394766267,711
VRRM,2026-02-19,0.0754308577294368,712
CDNS,2026-02-19,0.075375989298813,713
BNL,2026-02-19,0.0751969708326825,714
OKE,2026-02-19,0.0725312608764224,715
ICE,2026-02-19,0.0724882942477501,716
WMG,2026-02-19,0.0701428638759224,717
MUR,2026-02-19,0.0700412333441962,718
NMIH,2026-02-19,0.0692899940200958,719
BAC,2026-02-19,0.0672838640386514,720
CNO,2026-02-19,0.0671862388055111,721
CFLT,2026-02-19,0.0665222901299274,722
TWLO,2026-02-19,0.0641849567416469,723
APPN,2026-02-19,0.0615048404650777,724
HRI,2026-02-19,0.0584440444276161,725
BRX,2026-02-19,0.0584308957822154,726
TXNM,2026-02-19,0.0580706783793769,727
UPS,2026-02-19,0.0577023341875568,728
MET,2026-02-19,0.0552622620652591,729
MS,2026-02-19,0.054433867178888,730
PSA,2026-02-19,0.0538379578981681,731
WY,2026-02-19,0.0513657650693639,732
USFD,2026-02-19,0.0487872606862729,733
FHB,2026-02-19,0.0484552869333239,734
GBTG,2026-02-19,0.0481381988137424,735
GEHC,2026-02-19,0.048090572070862,736
MWA,2026-02-19,0.0430229644478891,737
CACC,2026-02-19,0.0409881731177685,738
CELH,2026-02-19,0.0407649931353422,739
CRDO,2026-02-19,0.0401957681501118,740
TMHC,2026-02-19,0.0398303308050777,741
NTRS,2026-02-19,0.0374315569518873,742
TNET,2026-02-19,0.0369066457142565,743
CR,2026-02-19,0.0361905745849579,744
ANET,2026-02-19,0.0353534432632957,745
SYY,2026-02-19,0.0336197574613706,746
INDB,2026-02-19,0.0311940242425846,747
AOS,2026-02-19,0.0306389791366502,748
LPLA,2026-02-19,0.0299499322291464,749
UBER,2026-02-19,0.0298777340705852,750
PSTG,2026-02-19,0.0298400004707681,751
CSX,2026-02-19,0.029555247432445,752
NPO,2026-02-19,0.0288941585961531,753
FBP,2026-02-19,0.0288307323894801,754
CLX,2026-02-19,0.0286846115838986,755
BRKR,2026-02-19,0.0284945417023333,756
BAH,2026-02-19,0.0262835343335381,757
ADBE,2026-02-19,0.0253643751915486,758
RPM,2026-02-19,0.0252561607051357,759
EME,2026-02-19,0.0251004284466199,760
AVY,2026-02-19,0.0234415612362403,761
AVB,2026-02-19,0.0222379490440721,762
SMTC,2026-02-19,0.0203450197244979,763
TTC,2026-02-19,0.019902772846831,764
BL,2026-02-19,0.0195319452785878,765
BCPC,2026-02-19,0.019349794325707,766
GOLF,2026-02-19,0.0188084392865654,767
FHN,2026-02-19,0.0170931102807324,768
BRO,2026-02-19,0.0168558238231045,769
VMI,2026-02-19,0.0165906626398122,770
WPC,2026-02-19,0.0162540012889625,771
MDGL,2026-02-19,0.015295396536101,772
IEX,2026-02-19,0.0131296647485336,773
EXPO,2026-02-19,0.0117632070823774,774
ROK,2026-02-19,0.010207603990705,775
AEE,2026-02-19,0.0066205987201971,776
NNN,2026-02-19,0.003782299567053,777
AWR,2026-02-19,0.002843803719822,778
HCA,2026-02-19,-0.0014068943015506,779
TFC,2026-02-19,-0.0017118848507614,780
ABG,2026-02-19,-0.0017988236462632,781
KO,2026-02-19,-0.0028204703988816,782
LW,2026-02-19,-0.0057739816138517,783
WGS,2026-02-19,-0.0069793643558215,784
BTU,2026-02-19,-0.0081988099290373,785
ITW,2026-02-19,-0.0100729444317601,786
CEG,2026-02-19,-0.0102025856443083,787
PFGC,2026-02-19,-0.0116667495497868,788
ONB,2026-02-19,-0.0135641640558198,789
BIIB,2026-02-19,-0.0139517255686713,790
FNF,2026-02-19,-0.0141571256753907,791
SFD,2026-02-19,-0.0152042002290199,792
CTRA,2026-02-19,-0.0154176198844432,793
ESAB,2026-02-19,-0.0157760068282295,794
CHTR,2026-02-19,-0.0183400550206629,795
ATGE,2026-02-19,-0.0184270109040401,796
CVNA,2026-02-19,-0.0185498139649262,797
EQR,2026-02-19,-0.0186035962870394,798
MTDR,2026-02-19,-0.0201422695629765,799
PAG,2026-02-19,-0.0214576673522046,800
HAYW,2026-02-19,-0.0227920408143883,801
PRVA,2026-02-19,-0.0243251372451572,802
PCAR,2026-02-19,-0.0263107005067545,803
AX,2026-02-19,-0.0274576606001527,804
META,2026-02-19,-0.0278031415341706,805
CHRD,2026-02-19,-0.0281124240380752,806
CNM,2026-02-19,-0.0281659767207515,807
SOFI,2026-02-19,-0.0286942599818877,808
VTR,2026-02-19,-0.0326653603787154,809
APGE,2026-02-19,-0.0333215275519903,810
PG,2026-02-19,-0.0343057194230006,811
ULS,2026-02-19,-0.0350965315011613,812
WH,2026-02-19,-0.0356072109364721,813
SBRA,2026-02-19,-0.0359644606326046,814
DOC,2026-02-19,-0.0384650266190407,815
CRM,2026-02-19,-0.0391324687795761,816
SKT,2026-02-19,-0.039873138221449,817
OPCH,2026-02-19,-0.0403733522885814,818
INSM,2026-02-19,-0.0406205069313995,819
AGYS,2026-02-19,-0.0414058785805344,820
WFC,2026-02-19,-0.0419240219556653,821
ASTS,2026-02-19,-0.044659812937501,822
RBA,2026-02-19,-0.0467440775819645,823
EXR,2026-02-19,-0.046884131133788,824
HLT,2026-02-19,-0.0469239406665908,825
HWM,2026-02-19,-0.0499713815186771,826
BROS,2026-02-19,-0.0500052940180511,827
PAY,2026-02-19,-0.0520915587642964,828
PTGX,2026-02-19,-0.053223731232757,829
C,2026-02-19,-0.0567455470679947,830
PATK,2026-02-19,-0.0570889317639795,831
OKLO,2026-02-19,-0.0574866725335472,832
ETR,2026-02-19,-0.0578923711510764,833
ROKU,2026-02-19,-0.0579988937438983,834
FR,2026-02-19,-0.0600277647953214,835
MIR,2026-02-19,-0.0616593529659811,836
XEL,2026-02-19,-0.0636490275708204,837
WOR,2026-02-19,-0.0640685086103369,838
OKTA,2026-02-19,-0.0654418042759732,839
SNPS,2026-02-19,-0.0693013243303841,840
RNA,2026-02-19,-0.0695562989265524,841
O,2026-02-19,-0.070218749798358,842
ENTG,2026-02-19,-0.0718633746021994,843
GNRC,2026-02-19,-0.072736422975387,844
CUBE,2026-02-19,-0.0731956464353656,845
RRX,2026-02-19,-0.0814339298642737,846
FUL,2026-02-19,-0.0815344327664627,847
SARO,2026-02-19,-0.082061696573307,848
GFF,2026-02-19,-0.0828667212327026,849
AEP,2026-02-19,-0.0831131712266641,850
JBL,2026-02-19,-0.0834981956935116,851
J,2026-02-19,-0.0844952933044853,852
HLI,2026-02-19,-0.0845436957143852,853
MSM,2026-02-19,-0.0862051161029782,854
EXE,2026-02-19,-0.0868207527201453,855
WELL,2026-02-19,-0.0895447771200878,856
VMC,2026-02-19,-0.0895623083131159,857
HUBB,2026-02-19,-0.0906208845624828,858
VNT,2026-02-19,-0.0909343424067493,859
PTC,2026-02-19,-0.091930884112349,860
NTRA,2026-02-19,-0.0922608046234809,861
BKE,2026-02-19,-0.0958960817388582,862
MLM,2026-02-19,-0.0964475479659436,863
AXP,2026-02-19,-0.0969383283435814,864
AKR,2026-02-19,-0.0969592437328106,865
DLB,2026-02-19,-0.0976662802432703,866
PANW,2026-02-19,-0.0984750160707266,867
FCPT,2026-02-19,-0.0986890426397411,868
ESE,2026-02-19,-0.0998052344949417,869
EQIX,2026-02-19,-0.1010953951261156,870
ODFL,2026-02-19,-0.1026202246669554,871
VRDN,2026-02-19,-0.1027380812416256,872
ADSK,2026-02-19,-0.1038790668539953,873
MTH,2026-02-19,-0.1058747996945759,874
WMB,2026-02-19,-0.1060618876360184,875
BBIO,2026-02-19,-0.1065651998040454,876
WHD,2026-02-19,-0.108673583419846,877
GWW,2026-02-19,-0.1092577923349354,878
PAYO,2026-02-19,-0.1106746823566983,879
PIPR,2026-02-19,-0.1116433945383026,880
ONC,2026-02-19,-0.1118804867364459,881
RGTI,2026-02-19,-0.1121707667556441,882
FELE,2026-02-19,-0.1122873698806968,883
MANH,2026-02-19,-0.1136578220553877,884
TKR,2026-02-19,-0.1156993756559826,885
CRGY,2026-02-19,-0.116633516629146,886
VIAV,2026-02-19,-0.1170674839706222,887
FTV,2026-02-19,-0.1181353378318828,888
MASI,2026-02-19,-0.1208806477659698,889
TDS,2026-02-19,-0.1210564180831186,890
BYD,2026-02-19,-0.1222344635602868,891
GATX,2026-02-19,-0.1233251397188174,892
IVT,2026-02-19,-0.1243947887188352,893
ADI,2026-02-19,-0.1246535199624367,894
ORLY,2026-02-19,-0.1254397967494159,895
HCC,2026-02-19,-0.1273379704243272,896
GFS,2026-02-19,-0.1300321789237176,897
CHD,2026-02-19,-0.1309284150464109,898
CSL,2026-02-19,-0.1316703747140973,899
TMUS,2026-02-19,-0.1354628925324014,900
EXC,2026-02-19,-0.1359640703228762,901
PODD,2026-02-19,-0.1372340495735245,902
GXO,2026-02-19,-0.1382265049502176,903
NEM,2026-02-19,-0.1388611089613935,904
HD,2026-02-19,-0.1389755252658455,905
SF,2026-02-19,-0.1411331434287848,906
APG,2026-02-19,-0.1432188543607017,907
KBR,2026-02-19,-0.1436110711576922,908
IRDM,2026-02-19,-0.1437144348198752,909
AVAV,2026-02-19,-0.144498276161199,910
RNST,2026-02-19,-0.1466540414221209,911
ACLS,2026-02-19,-0.1476545385387087,912
AJG,2026-02-19,-0.148613995241074,913
SHW,2026-02-19,-0.1502795550899974,914
ADMA,2026-02-19,-0.1507186872304124,915
CURB,2026-02-19,-0.1513102203527934,916
AIG,2026-02-19,-0.1514399405135289,917
TSN,2026-02-19,-0.1520164060188859,918
KMB,2026-02-19,-0.152516411681482,919
IPAR,2026-02-19,-0.154004370236837,920
AZO,2026-02-19,-0.1548397421494084,921
KIM,2026-02-19,-0.1553546934205472,922
MHO,2026-02-19,-0.1557554855454094,923
SNA,2026-02-19,-0.1578403098707326,924
ATO,2026-02-19,-0.1591416876817916,925
QRVO,2026-02-19,-0.1617783775025718,926
WAFD,2026-02-19,-0.1644894583026192,927
CGNX,2026-02-19,-0.1647182286648742,928
KDP,2026-02-19,-0.166940198547052,929
GTES,2026-02-19,-0.1670015465847168,930
CHEF,2026-02-19,-0.1671323346320151,931
SNOW,2026-02-19,-0.1696443220510892,932
MGRC,2026-02-19,-0.1696593447150711,933
OS,2026-02-19,-0.1698063478337221,934
EMR,2026-02-19,-0.1709942307541356,935
FRME,2026-02-19,-0.1727995869323166,936
FCNCA,2026-02-19,-0.1728208944886768,937
ECL,2026-02-19,-0.1734793882641096,938
APPF,2026-02-19,-0.1754726153178023,939
ROST,2026-02-19,-0.1762966039677516,940
RHP,2026-02-19,-0.1763714355291856,941
REG,2026-02-19,-0.1773438486747685,942
XYL,2026-02-19,-0.1810597018539138,943
HBAN,2026-02-19,-0.1832308554997857,944
CSW,2026-02-19,-0.1836017756509766,945
ADC,2026-02-19,-0.1840009313675454,946
NWS,2026-02-19,-0.1843008370755105,947
DXCM,2026-02-19,-0.1848029409944578,948
AYI,2026-02-19,-0.1866365658095334,949
GGG,2026-02-19,-0.1877713963001472,950
GRBK,2026-02-19,-0.1880602545060098,951
CBRE,2026-02-19,-0.1881805196038096,952
BKD,2026-02-19,-0.1897545162313112,953
SUI,2026-02-19,-0.1904709889856319,954
SYK,2026-02-19,-0.1908688086307604,955
IDA,2026-02-19,-0.1913640640781367,956
ALNY,2026-02-19,-0.1915388535990228,957
CXT,2026-02-19,-0.1918725092261366,958
BX,2026-02-19,-0.1927691163555302,959
NBIX,2026-02-19,-0.1948206064379996,960
EPRT,2026-02-19,-0.1966519802464266,961
DPZ,2026-02-19,-0.1968878201686069,962
ESS,2026-02-19,-0.1970418570531859,963
IR,2026-02-19,-0.1984716743984611,964
TDY,2026-02-19,-0.1999536950265742,965
GRAL,2026-02-19,-0.2002811144237633,966
IRT,2026-02-19,-0.2005142125607177,967
VICI,2026-02-19,-0.200908022571293,968
PB,2026-02-19,-0.2009665192377371,969
DASH,2026-02-19,-0.2015749520082274,970
PCOR,2026-02-19,-0.2051016368742547,971
AMH,2026-02-19,-0.2051271925914052,972
RRC,2026-02-19,-0.2066068288159323,973
BBY,2026-02-19,-0.2071371106781306,974
HEI,2026-02-19,-0.2091518099133748,975
AVA,2026-02-19,-0.210543772028215,976
CI,2026-02-19,-0.210777322313223,977
INVH,2026-02-19,-0.2108271168630004,978
ZG,2026-02-19,-0.2113112443384213,979
ZWS,2026-02-19,-0.2113161515150841,980
NEU,2026-02-19,-0.2118736109928039,981
RS,2026-02-19,-0.2144842232108994,982
D,2026-02-19,-0.214921041594385,983
KAI,2026-02-19,-0.2157185371519018,984
ES,2026-02-19,-0.2161704774423201,985
ENSG,2026-02-19,-0.2182700581446974,986
NOV,2026-02-19,-0.2229083764580826,987
CRWD,2026-02-19,-0.2244757122406726,988
LECO,2026-02-19,-0.2252679169458689,989
LYV,2026-02-19,-0.2279341641341226,990
DELL,2026-02-19,-0.2280072474245522,991
NWSA,2026-02-19,-0.2280969948927537,992
NTAP,2026-02-19,-0.2282553268878547,993
CNP,2026-02-19,-0.2282691099475138,994
CRVL,2026-02-19,-0.2292598037476586,995
ON,2026-02-19,-0.2323397981425036,996
BCC,2026-02-19,-0.2336636942177474,997
CUK,2026-02-19,-0.2343579244048928,998
ALGN,2026-02-19,-0.2345325390277308,999
KYMR,2026-02-19,-0.2353535217320333,1000
CORZ,2026-02-19,-0.2374898701472632,1001
DRVN,2026-02-19,-0.2377977290072769,1002
A,2026-02-19,-0.2382911598979646,1003
AMGN,2026-02-19,-0.2388273401176003,1004
TRU,2026-02-19,-0.2388709192946122,1005
HOMB,2026-02-19,-0.2397340542056696,1006
WM,2026-02-19,-0.2402926967572963,1007
CARG,2026-02-19,-0.2424830272862369,1008
POOL,2026-02-19,-0.2426606842160719,1009
IBOC,2026-02-19,-0.2461837464683126,1010
RVTY,2026-02-19,-0.247402925531566,1011
CMS,2026-02-19,-0.2493430976761643,1012
COR,2026-02-19,-0.2498156225193439,1013
CRC,2026-02-19,-0.2512246184246254,1014
NET,2026-02-19,-0.2526243178322004,1015
CART,2026-02-19,-0.2549531589465425,1016
LLY,2026-02-19,-0.2555962710918102,1017
OVV,2026-02-19,-0.2569150236985268,1018
NRG,2026-02-19,-0.2571988964351548,1019
LEN,2026-02-19,-0.2586347821637916,1020
ARCC,2026-02-19,-0.2598220416256466,1021
MC,2026-02-19,-0.2605536551274416,1022
VRTX,2026-02-19,-0.260956451515366,1023
PM,2026-02-19,-0.263106755209876,1024
WTRG,2026-02-19,-0.2631790013060416,1025
CL,2026-02-19,-0.2702439008382302,1026
NVR,2026-02-19,-0.2719452037475686,1027
CDW,2026-02-19,-0.2745265483553606,1028
Z,2026-02-19,-0.2772561432068064,1029
INTA,2026-02-19,-0.2791854590088253,1030
RBC,2026-02-19,-0.2808892229682953,1031
PCTY,2026-02-19,-0.2810509265945372,1032
JNJ,2026-02-19,-0.2811928735884819,1033
AROC,2026-02-19,-0.281462136080541,1034
OXY,2026-02-19,-0.2835668262098045,1035
DHI,2026-02-19,-0.2871723778534926,1036
DGX,2026-02-19,-0.2884052206647161,1037
AWK,2026-02-19,-0.2888703171232671,1038
LPX,2026-02-19,-0.2905074889970853,1039
MKTX,2026-02-19,-0.2916979252760578,1040
DHR,2026-02-19,-0.2919521522799726,1041
CVBF,2026-02-19,-0.2924930319423008,1042
MAA,2026-02-19,-0.2933914319635872,1043
EOG,2026-02-19,-0.2948109406888141,1044
ABNB,2026-02-19,-0.29586761221023,1045
KNTK,2026-02-19,-0.296820416588974,1046
MTD,2026-02-19,-0.2978158061398835,1047
MSA,2026-02-19,-0.2986046684859013,1048
DIS,2026-02-19,-0.3001433386222137,1049
JPM,2026-02-19,-0.3011661102316589,1050
IDXX,2026-02-19,-0.3036392135621467,1051
PWR,2026-02-19,-0.3039176598681563,1052
WRB,2026-02-19,-0.3045979816474754,1053
GPK,2026-02-19,-0.3068586439697002,1054
LII,2026-02-19,-0.3103162339622383,1055
UE,2026-02-19,-0.3108411442820544,1056
CPRT,2026-02-19,-0.3132360599037536,1057
PBH,2026-02-19,-0.313369144140446,1058
PSN,2026-02-19,-0.3136858676838459,1059
BKH,2026-02-19,-0.3154245734016557,1060
BOOT,2026-02-19,-0.3159660811608181,1061
CNK,2026-02-19,-0.317321402549264,1062
OTIS,2026-02-19,-0.3176117268772335,1063
KVUE,2026-02-19,-0.3185942148727834,1064
ADP,2026-02-19,-0.3196867424467486,1065
FIS,2026-02-19,-0.3203941823726489,1066
BGC,2026-02-19,-0.3216683998693398,1067
MGY,2026-02-19,-0.3252733362849265,1068
WDAY,2026-02-19,-0.3254782973201753,1069
MHK,2026-02-19,-0.330153419213305,1070
HOOD,2026-02-19,-0.3313131337410629,1071
TBBK,2026-02-19,-0.3364224729666745,1072
KRG,2026-02-19,-0.3376882754557983,1073
TDG,2026-02-19,-0.3391047491097295,1074
CTVA,2026-02-19,-0.3402493785117247,1075
TEM,2026-02-19,-0.340460342631764,1076
AAPL,2026-02-19,-0.3414243571181845,1077
WING,2026-02-19,-0.3424478390713493,1078
NI,2026-02-19,-0.3425492312340032,1079
UI,2026-02-19,-0.3429372330275734,1080
KKR,2026-02-19,-0.3459329894788699,1081
MSFT,2026-02-19,-0.3479097132093327,1082
GPI,2026-02-19,-0.3496747102246699,1083
CON,2026-02-19,-0.349974825270649,1084
SFBS,2026-02-19,-0.3502768528485935,1085
LTH,2026-02-19,-0.3509200474529277,1086
ELF,2026-02-19,-0.3542064717982558,1087
BAX,2026-02-19,-0.3554074674182239,1088
USLM,2026-02-19,-0.355550932721676,1089
WDFC,2026-02-19,-0.3560493690136762,1090
WSO,2026-02-19,-0.3580091278197115,1091
APD,2026-02-19,-0.3590335211149938,1092
FLO,2026-02-19,-0.3609294869306771,1093
HWKN,2026-02-19,-0.36171869847422,1094
SNAP,2026-02-19,-0.3635686911565362,1095
NCLH,2026-02-19,-0.366719391064057,1096
NOVT,2026-02-19,-0.371090869544539,1097
FND,2026-02-19,-0.3715386443851148,1098
DIOD,2026-02-19,-0.3729244419748537,1099
OGS,2026-02-19,-0.3768415046422124,1100
TYL,2026-02-19,-0.3810068741818644,1101
AMR,2026-02-19,-0.384222550050141,1102
DDOG,2026-02-19,-0.3857475779275103,1103
DOCU,2026-02-19,-0.3861376940214207,1104
FAST,2026-02-19,-0.3871503104272643,1105
MP,2026-02-19,-0.387414974646651,1106
MORN,2026-02-19,-0.388036989980995,1107
H,2026-02-19,-0.3892911151808453,1108
PEG,2026-02-19,-0.3893815546983625,1109
IOT,2026-02-19,-0.390066024698861,1110
KD,2026-02-19,-0.3903374880289151,1111
VST,2026-02-19,-0.3910612024900544,1112
SXT,2026-02-19,-0.3911599829770491,1113
BOX,2026-02-19,-0.392433731065503,1114
VOYA,2026-02-19,-0.3930102530451196,1115
OLN,2026-02-19,-0.3933857392744593,1116
FCFS,2026-02-19,-0.3950200112357875,1117
AMZN,2026-02-19,-0.4033019363031158,1118
REXR,2026-02-19,-0.4044834639746416,1119
WAY,2026-02-19,-0.4047134694375174,1120
TPH,2026-02-19,-0.4060114916772004,1121
TSCO,2026-02-19,-0.4088545197384477,1122
PNFP,2026-02-19,-0.4093988120636928,1123
SBCF,2026-02-19,-0.4099336654117327,1124
CCL,2026-02-19,-0.4112595470966161,1125
COST,2026-02-19,-0.4131323262799281,1126
VSH,2026-02-19,-0.4146046798790984,1127
TPL,2026-02-19,-0.4157562864325799,1128
COP,2026-02-19,-0.420443667994349,1129
PYPL,2026-02-19,-0.4245528886773128,1130
FBNC,2026-02-19,-0.425409122463836,1131
SO,2026-02-19,-0.4284255944109768,1132
GTLS,2026-02-19,-0.4318037909310068,1133
SPY,2026-02-19,-0.4332293879760613,1134
PKG,2026-02-19,-0.4336741562648726,1135
TREX,2026-02-19,-0.4339362376200381,1136
GME,2026-02-19,-0.4347820551697352,1137
IRM,2026-02-19,-0.4370094647166714,1138
ITGR,2026-02-19,-0.438187870613424,1139
ABT,2026-02-19,-0.438796555597557,1140
PPL,2026-02-19,-0.4392419766110095,1141
FWONA,2026-02-19,-0.4425398971198414,1142
PJT,2026-02-19,-0.4444016531376145,1143
RELY,2026-02-19,-0.4453286572762667,1144
ENPH,2026-02-19,-0.4493148844265903,1145
THO,2026-02-19,-0.4511032363656149,1146
FTNT,2026-02-19,-0.4516119303179113,1147
IFF,2026-02-19,-0.4531912452283628,1148
CPK,2026-02-19,-0.4545286235265719,1149
SAIL,2026-02-19,-0.4546305864038593,1150
MDLZ,2026-02-19,-0.4566350795032581,1151
VCTR,2026-02-19,-0.457942788653935,1152
HQY,2026-02-19,-0.4589436706117556,1153
TRN,2026-02-19,-0.460366867321654,1154
OWL,2026-02-19,-0.4614039813800782,1155
CCC,2026-02-19,-0.4622011816148553,1156
OBDC,2026-02-19,-0.4654679969640912,1157
SYNA,2026-02-19,-0.4665199351264411,1158
CTAS,2026-02-19,-0.466973858965382,1159
BLK,2026-02-19,-0.4692892251020056,1160
CWST,2026-02-19,-0.4707551771979185,1161
BJ,2026-02-19,-0.4727668503207206,1162
EPD,2026-02-19,-0.4728485505154019,1163
ARES,2026-02-19,-0.4733576012002614,1164
PI,2026-02-19,-0.4777116029021621,1165
LOAR,2026-02-19,-0.4779860206134755,1166
PRK,2026-02-19,-0.4782352643556214,1167
IAC,2026-02-19,-0.4796214186270801,1168
ORCL,2026-02-19,-0.4856839384798546,1169
FSS,2026-02-19,-0.4859831519558257,1170
TW,2026-02-19,-0.4887480212644157,1171
DT,2026-02-19,-0.4911035050002741,1172
SBAC,2026-02-19,-0.4967271357515825,1173
TOWN,2026-02-19,-0.4971779153161617,1174
GBCI,2026-02-19,-0.4977126266176692,1175
HLNE,2026-02-19,-0.4997932573161616,1176
RGA,2026-02-19,-0.5010243372851547,1177
EFX,2026-02-19,-0.501473037392075,1178
TTWO,2026-02-19,-0.5024775891936096,1179
RSG,2026-02-19,-0.5031177776284746,1180
MPW,2026-02-19,-0.5034594017096702,1181
CCI,2026-02-19,-0.5036207321562575,1182
BK,2026-02-19,-0.5043997493491187,1183
GL,2026-02-19,-0.5044747043417872,1184
CALM,2026-02-19,-0.504654241328135,1185
CRBG,2026-02-19,-0.5051193906809694,1186
HR,2026-02-19,-0.5095202494088255,1187
DRS,2026-02-19,-0.5105902024745287,1188
FDS,2026-02-19,-0.516096487945965,1189
DKS,2026-02-19,-0.517071390114392,1190
ABBV,2026-02-19,-0.5217208742104374,1191
PAYC,2026-02-19,-0.5217301613420409,1192
MAC,2026-02-19,-0.5230208117568514,1193
RZB,2026-02-19,-0.5232502961345508,1194
PECO,2026-02-19,-0.524952924867707,1195
AB,2026-02-19,-0.5252478100888877,1196
DTE,2026-02-19,-0.5274354789557127,1197
CRK,2026-02-19,-0.5305554702333444,1198
CHWY,2026-02-19,-0.533278429892223,1199
FRSH,2026-02-19,-0.5364307525333518,1200
NCNO,2026-02-19,-0.5364515718977914,1201
QTWO,2026-02-19,-0.5374179009973222,1202
HPE,2026-02-19,-0.5388931181794289,1203
USAC,2026-02-19,-0.5420644020847709,1204
ACM,2026-02-19,-0.5422222521100587,1205
PLMR,2026-02-19,-0.5477222153727863,1206
SRE,2026-02-19,-0.549064894184837,1207
CAVA,2026-02-19,-0.5505323766026194,1208
NKE,2026-02-19,-0.5513750443623365,1209
LNTH,2026-02-19,-0.5559584645957275,1210
CMG,2026-02-19,-0.557134317345712,1211
ESTC,2026-02-19,-0.5597916590866153,1212
DE,2026-02-19,-0.5604820875903347,1213
TTEK,2026-02-19,-0.5609491376902739,1214
RYTM,2026-02-19,-0.5612545055923195,1215
RHI,2026-02-19,-0.5613431440014665,1216
RDNT,2026-02-19,-0.5618837849956906,1217
TJX,2026-02-19,-0.5627452329419045,1218
CVS,2026-02-19,-0.5702532288414389,1219
SUN,2026-02-19,-0.5710686428776208,1220
XPO,2026-02-19,-0.5734922618137422,1221
LSTR,2026-02-19,-0.5737076723380254,1222
FA,2026-02-19,-0.5745370182439106,1223
LIF,2026-02-19,-0.5750287920103885,1224
PAYX,2026-02-19,-0.5766432948587729,1225
SSRM,2026-02-19,-0.5772589743743461,1226
VLTO,2026-02-19,-0.5773159600332974,1227
OCUL,2026-02-19,-0.5777165860968483,1228
FOUR,2026-02-19,-0.5780374628120912,1229
CRNX,2026-02-19,-0.5819629856545873,1230
INSP,2026-02-19,-0.5822029945416983,1231
PINS,2026-02-19,-0.5889435767037378,1232
AMT,2026-02-19,-0.5900164841558853,1233
GDDY,2026-02-19,-0.5913016429590249,1234
TDW,2026-02-19,-0.5929757106310222,1235
AVGO,2026-02-19,-0.5979764135410354,1236
BMRN,2026-02-19,-0.5984613497919006,1237
HRL,2026-02-19,-0.5997255402478827,1238
CSCO,2026-02-19,-0.6022005371388044,1239
MGEE,2026-02-19,-0.603034647202805,1240
BKNG,2026-02-19,-0.6075968979362896,1241
TTAN,2026-02-19,-0.6089842370423264,1242
RLI,2026-02-19,-0.6097807727525104,1243
AR,2026-02-19,-0.6102761927911032,1244
TOST,2026-02-19,-0.6163740153483932,1245
KVYO,2026-02-19,-0.6228810636958246,1246
IPGP,2026-02-19,-0.624623792555165,1247
FFIN,2026-02-19,-0.6253840574777417,1248
ROAD,2026-02-19,-0.6264057142000138,1249
CNS,2026-02-19,-0.6281969413934229,1250
BR,2026-02-19,-0.628607119937991,1251
BIPC,2026-02-19,-0.6305796203201585,1252
WEC,2026-02-19,-0.6308856491912744,1253
BURL,2026-02-19,-0.6331064606326053,1254
GTLB,2026-02-19,-0.634406449901047,1255
CVLT,2026-02-19,-0.6346019936979214,1256
SHAK,2026-02-19,-0.6356946221554157,1257
NSIT,2026-02-19,-0.6390952720870225,1258
MOH,2026-02-19,-0.6413352824736817,1259
BSX,2026-02-19,-0.6425083416745547,1260
AN,2026-02-19,-0.6446093820382915,1261
SN,2026-02-19,-0.646474362245087,1262
BATRK,2026-02-19,-0.648298087362622,1263
BATRA,2026-02-19,-0.6485817285851404,1264
TIC,2026-02-19,-0.6540257456219019,1265
FWONK,2026-02-19,-0.655811744248251,1266
SPSC,2026-02-19,-0.6577417083038765,1267
CZR,2026-02-19,-0.6653732703166332,1268
BRZE,2026-02-19,-0.6720116543693597,1269
IMVT,2026-02-19,-0.6723843260656934,1270
LOPE,2026-02-19,-0.6777991198268388,1271
LB,2026-02-19,-0.6782554650700241,1272
ATKR,2026-02-19,-0.6785015909745513,1273
LRN,2026-02-19,-0.6795369715982029,1274
SUPN,2026-02-19,-0.6825070799134787,1275
AAOI,2026-02-19,-0.6848681745371157,1276
CCK,2026-02-19,-0.685766514958438,1277
INTU,2026-02-19,-0.6861432686650155,1278
SOUN,2026-02-19,-0.6923334245716422,1279
BBWI,2026-02-19,-0.6940828229740353,1280
CBSH,2026-02-19,-0.6981459056846292,1281
EHC,2026-02-19,-0.6989726692548206,1282
VERA,2026-02-19,-0.7044961285210205,1283
RUN,2026-02-19,-0.7101276505207662,1284
AAL,2026-02-19,-0.718542677002163,1285
ZS,2026-02-19,-0.7231290207981761,1286
BSY,2026-02-19,-0.72320455262336,1287
FIZZ,2026-02-19,-0.7270823815620434,1288
NOW,2026-02-19,-0.7284643346256415,1289
RBRK,2026-02-19,-0.7301320260903572,1290
MA,2026-02-19,-0.7362045945910307,1291
CNC,2026-02-19,-0.7395334632706457,1292
TFSL,2026-02-19,-0.7406376985356928,1293
DVA,2026-02-19,-0.7407548524078956,1294
GWRE,2026-02-19,-0.7429074292898705,1295
OLLI,2026-02-19,-0.7463537986973826,1296
NUVL,2026-02-19,-0.7463891267542535,1297
SWKS,2026-02-19,-0.7470385676058039,1298
EQT,2026-02-19,-0.7497491961698028,1299
CHE,2026-02-19,-0.7552614889213377,1300
COF,2026-02-19,-0.755538075991174,1301
WSC,2026-02-19,-0.7568514000619139,1302
TRMB,2026-02-19,-0.7579278198321572,1303
ALG,2026-02-19,-0.7582201616629932,1304
MMM,2026-02-19,-0.7655308111359564,1305
ALK,2026-02-19,-0.7656090827629083,1306
PGR,2026-02-19,-0.7682466542252058,1307
PLNT,2026-02-19,-0.7746921181370956,1308
ZTS,2026-02-19,-0.7771692201770597,1309
MCHP,2026-02-19,-0.7824393155460379,1310
TENB,2026-02-19,-0.7937383408707102,1311
AVPT,2026-02-19,-0.7960328719968858,1312
KGS,2026-02-19,-0.7989000418149602,1313
VRSK,2026-02-19,-0.8066198943545474,1314
V,2026-02-19,-0.807246160855867,1315
LION,2026-02-19,-0.8086284906451595,1316
KNSL,2026-02-19,-0.816343945467524,1317
HESM,2026-02-19,-0.8176571370443713,1318
ALKT,2026-02-19,-0.8224121488299818,1319
REZI,2026-02-19,-0.8227086719278445,1320
URBN,2026-02-19,-0.8328915125366109,1321
STWD,2026-02-19,-0.8386806879545636,1322
BDC,2026-02-19,-0.8387836409424639,1323
EQH,2026-02-19,-0.8389278197100936,1324
ROP,2026-02-19,-0.8404631220405068,1325
TXN,2026-02-19,-0.8474345095345198,1326
SMCI,2026-02-19,-0.8490628187298642,1327
CARR,2026-02-19,-0.8594173763921225,1328
FLG,2026-02-19,-0.8762833486543302,1329
ITRI,2026-02-19,-0.8800342350322284,1330
BXMT,2026-02-19,-0.8838302646798075,1331
VEEV,2026-02-19,-0.902407865263954,1332
SLAB,2026-02-19,-0.9175138352830275,1333
CNR,2026-02-19,-0.9176143950126864,1334
STEP,2026-02-19,-0.9198729431514628,1335
AXON,2026-02-19,-0.9373199774604166,1336
UNM,2026-02-19,-0.9419343212553956,1337
ACLX,2026-02-19,-0.9497157200047608,1338
LYB,2026-02-19,-0.9569334083125351,1339
LINE,2026-02-19,-0.9612424397935846,1340
NFLX,2026-02-19,-0.9633958619708044,1341
CYTK,2026-02-19,-0.9689765440779934,1342
COLD,2026-02-19,-0.9715136565448236,1343
AFG,2026-02-19,-0.9796730838803602,1344
ALGM,2026-02-19,-0.9810696546347908,1345
DJT,2026-02-19,-0.9925396551153683,1346
MSI,2026-02-19,-1.0098104316423124,1347
MRNA,2026-02-19,-1.0156725866442562,1348
DOCS,2026-02-19,-1.017395138506932,1349
IMNM,2026-02-19,-1.0209876239965705,1350
PTON,2026-02-19,-1.0446653429889663,1351
POWI,2026-02-19,-1.0560061543183092,1352
AMBA,2026-02-19,-1.0581563975369055,1353
NTNX,2026-02-19,-1.0716497944300991,1354
RCL,2026-02-19,-1.0724644382922512,1355
MKL,2026-02-19,-1.0743917216540668,1356
IRON,2026-02-19,-1.0868805864169595,1357
ST,2026-02-19,-1.0871397574820194,1358
RIVN,2026-02-19,-1.087806478606173,1359
NEE,2026-02-19,-1.108629367822607,1360
CBU,2026-02-19,-1.1137565803714815,1361
OLED,2026-02-19,-1.1174248950175911,1362
PRMB,2026-02-19,-1.1204193554826511,1363
MTN,2026-02-19,-1.1296133909976755,1364
PSKY,2026-02-19,-1.148981606064835,1365
HUBS,2026-02-19,-1.1504577954588966,1366
S,2026-02-19,-1.1533952387106483,1367
LFUS,2026-02-19,-1.1550890980537225,1368
PFE,2026-02-19,-1.1573908512754074,1369
QCOM,2026-02-19,-1.159320359035248,1370
HON,2026-02-19,-1.167878435878593,1371
NVDA,2026-02-19,-1.1713155795867,1372
AAP,2026-02-19,-1.1732445375989211,1373
BIO,2026-02-19,-1.1737916250799838,1374
GSHD,2026-02-19,-1.1985366082070987,1375
DKNG,2026-02-19,-1.2030468198452815,1376
VERX,2026-02-19,-1.2108291689611237,1377
IT,2026-02-19,-1.2111938593531095,1378
CFR,2026-02-19,-1.2166489070906152,1379
BMI,2026-02-19,-1.2211619590260578,1380
SLG,2026-02-19,-1.2389105201077768,1381
VRNS,2026-02-19,-1.244926301375855,1382
ASAN,2026-02-19,-1.2503301754649074,1383
SRRK,2026-02-19,-1.2570190693751324,1384
DUOL,2026-02-19,-1.2681194787536154,1385
COIN,2026-02-19,-1.2742439093556677,1386
TWST,2026-02-19,-1.2805549786147616,1387
MARA,2026-02-19,-1.2832988586413672,1388
RGLD,2026-02-19,-1.3081354663611096,1389
QS,2026-02-19,-1.3236040986408637,1390
CLF,2026-02-19,-1.3267928279234449,1391
OC,2026-02-19,-1.328543566126139,1392
HIMS,2026-02-19,-1.3372150360722024,1393
RITM,2026-02-19,-1.338489686549989,1394
RYAN,2026-02-19,-1.3604045784918268,1395
BEPC,2026-02-19,-1.3669129852578716,1396
BEAM,2026-02-19,-1.3771999296146251,1397
RXO,2026-02-19,-1.3774379190944914,1398
CAR,2026-02-19,-1.3834275641096243,1399
ZBRA,2026-02-19,-1.4075582153739004,1400
RUM,2026-02-19,-1.4125107208786585,1401
BRBR,2026-02-19,-1.4580186308530558,1402
CSGP,2026-02-19,-1.4679170307324896,1403
CMPO,2026-02-19,-1.4899973781743228,1404
GPGI,2026-02-19,-1.5535105838735923,1405
VG,2026-02-19,-1.5590940874838752,1406
TTD,2026-02-19,-1.5615691484349263,1407
MPC,2026-02-19,-1.5679406802910365,1408
PCVX,2026-02-19,-1.571510211215119,1409
JOBY,2026-02-19,-1.6085293036689987,1410
VKTX,2026-02-19,-1.654000699067982,1411
RBLX,2026-02-19,-1.663659480700422,1412
DYN,2026-02-19,-1.7077801382397484,1413
FISV,2026-02-19,-1.7142339218956415,1414
IVZ,2026-02-19,-1.7248259661915284,1415
SLNO,2026-02-19,-1.742124008919182,1416
KR,2026-02-19,-1.7596827896958906,1417
WULF,2026-02-19,-1.7671248708149712,1418
SFM,2026-02-19,-1.867156143352932,1419
OSCR,2026-02-19,-1.88331113143566,1420
CORT,2026-02-19,-1.9083479012288085,1421
UPST,2026-02-19,-1.914504988294481,1422
DNLI,2026-02-19,-1.9634459850111323,1423
SEZL,2026-02-19,-1.966323722836533,1424
BANF,2026-02-19,-1.9683056082310455,1425
KMPR,2026-02-19,-1.97071486405434,1426
IONQ,2026-02-19,-2.0038664107274617,1427
VVV,2026-02-19,-2.0524093230298557,1428
TFX,2026-02-19,-2.061071129444667,1429
AVTR,2026-02-19,-2.111897936914479,1430
SMMT,2026-02-19,-2.127674235312846,1431
SMG,2026-02-19,-2.35086674041455,1432
ACHR,2026-02-19,-2.4651289593927173,1433
PII,2026-02-19,-2.465323425988021,1434
SRPT,2026-02-19,-2.508049688420673,1435
NOG,2026-02-19,-2.5462332785295936,1436
CAG,2026-02-19,-2.5485036261381047,1437
WD,2026-02-19,-2.553616054979902,1438
HRB,2026-02-19,-2.59106007019739,1439
WLK,2026-02-19,-2.657976183382387,1440
MIDD,2026-02-19,-2.7466167176346734,1441
RDW,2026-02-19,-2.90031682673524,1442
RARE,2026-02-19,-2.915141041768829,1443
VNOM,2026-02-19,-3.246182144594936,1444
BBUC,2026-02-19,-3.337208627815039,1445
ARE,2026-02-19,-3.560653322041399,1446
DOW,2026-02-19,-3.6196134404945353,1447
SMR,2026-02-19,-3.9508217415378057,1448
FLR,2026-02-19,-4.20211264205207,1449
IP,2026-02-19,-4.248421229154547,1450
USAR,2026-02-19,-4.27617501132256,1451
LCID,2026-02-19,-4.350469708844372,1452
XRAY,2026-02-19,-4.598234955314742,1453
UAA,2026-02-19,-4.631747333575635,1454
UA,2026-02-19,-4.634141778441342,1455
EOSE,2026-02-19,-5.116430887751032,1456
LBRDA,2026-02-19,-5.14682585184742,1457
CNXC,2026-02-19,-5.271265532569602,1458
GT,2026-02-19,-5.461927456581366,1459
BMNR,2026-02-19,-5.474017183314112,1460
CE,2026-02-19,-5.551200748841311,1461
UWMC,2026-02-19,-5.611852069549828,1462
ALMS,2026-02-19,-5.645236633767422,1463
TAP,2026-02-19,-5.650736918698185,1464
COHR,2026-02-19,-5.667691606970514,1465
BHF,2026-02-19,-5.817528123050059,1466
SATS,2026-02-19,-6.191419635357478,1467
